sample_id,val_id,img_id,question,answer,prompt
0,1,clb0lbwyzdolo086u3fm8ezxk,Is there any visible text on the image?,No text observed,"Score each criterion from 1 to 5:
1 = poor, 2 = weak, 3 = acceptable, 4 = good, 5 = excellent.

Criteria:
- correctness: the answer and explanation are consistent with the question and available reference information.
- faithfulness: the explanation supports the predicted answer without inventing unsupported claims.
- relevance: the explanation focuses on visual/question evidence that matters for the answer.
- clarity: the explanation is readable, concise, and clinically understandable.
- completeness: the explanation covers the key evidence needed to justify the answer.

Return JSON with exactly these keys:
{
  ""correctness"": <integer 1-5>,
  ""faithfulness"": <integer 1-5>,
  ""relevance"": <integer 1-5>,
  ""clarity"": <integer 1-5>,
  ""completeness"": <integer 1-5>,
  ""rationale"": ""short explanation""
}

Evaluate this Task 2 explanation.

val_id: 1
img_id: clb0lbwyzdolo086u3fm8ezxk
question: Is there any visible text on the image?
reference_answer_if_available: 
predicted_answer: No text observed
confidence_score: 0.756
textual_explanation: The CATA-Final model predicts ""No text observed"". The newly generated visual explanation highlights morphology/TDA structural support, color and mucosal-texture support, a relatively focal heatmap region, possible specular artifact burden. Targeted self-probes for this visible_text question produced mixed support: No text or label observed; text observed in upper-right and lower-right regions; text is present and appears on the image. Because these probes do not fully agree with the primary answer, the explanation is treated cautiously. Overall support is mixed; the reliability score combines morphology/TDA saliency, heatmap concentration, color/texture support, artifact burden, answer specificity, and self-probe agreement. The original question was: Is there any visible text on the image?. This explanation is intended for clinician review and should be interpreted alongside the image rather than as a standalone diagnosis.
visual_explanation_summary:
- type=heatmap; path=visuals/0001_heatmap.png; description=Fresh CATA-Final / D1 heatmap combining morphology/TDA saliency, color/edge evidence, and artifact suppression.
- type=evidence_json; path=visuals/0001_evidence.json; description=Structured visual evidence and confidence inputs used by the explanation generator.

Remember: return strict JSON only."
1,4,cla820gmhs5rz071u2pbpd86q,Are there any instruments visible in the image?,No surgical instruments identified,"Score each criterion from 1 to 5:
1 = poor, 2 = weak, 3 = acceptable, 4 = good, 5 = excellent.

Criteria:
- correctness: the answer and explanation are consistent with the question and available reference information.
- faithfulness: the explanation supports the predicted answer without inventing unsupported claims.
- relevance: the explanation focuses on visual/question evidence that matters for the answer.
- clarity: the explanation is readable, concise, and clinically understandable.
- completeness: the explanation covers the key evidence needed to justify the answer.

Return JSON with exactly these keys:
{
  ""correctness"": <integer 1-5>,
  ""faithfulness"": <integer 1-5>,
  ""relevance"": <integer 1-5>,
  ""clarity"": <integer 1-5>,
  ""completeness"": <integer 1-5>,
  ""rationale"": ""short explanation""
}

Evaluate this Task 2 explanation.

val_id: 4
img_id: cla820gmhs5rz071u2pbpd86q
question: Are there any instruments visible in the image?
reference_answer_if_available: 
predicted_answer: No surgical instruments identified
confidence_score: 0.9474
textual_explanation: The CATA-Final model predicts ""No surgical instruments identified"". The newly generated visual explanation highlights morphology/TDA structural support, color and mucosal-texture support, a relatively focal heatmap region. Targeted self-probes for this instrument question supported the primary answer: No foreign bodies or instruments observed; No instruments are visible in the image.; No surgical instruments visualized. Overall support is moderate; the reliability score combines morphology/TDA saliency, heatmap concentration, color/texture support, artifact burden, answer specificity, and self-probe agreement. The original question was: Are there any instruments visible in the image?. This explanation is intended for clinician review and should be interpreted alongside the image rather than as a standalone diagnosis.
visual_explanation_summary:
- type=heatmap; path=visuals/0004_heatmap.png; description=Fresh CATA-Final / D1 heatmap combining morphology/TDA saliency, color/edge evidence, and artifact suppression.
- type=evidence_json; path=visuals/0004_evidence.json; description=Structured visual evidence and confidence inputs used by the explanation generator.

Remember: return strict JSON only."
2,6,cl8k2u1pu1e430832btgn5x3n,Are there any abnormalities visible in the image?,evidence of colonic polyp,"Score each criterion from 1 to 5:
1 = poor, 2 = weak, 3 = acceptable, 4 = good, 5 = excellent.

Criteria:
- correctness: the answer and explanation are consistent with the question and available reference information.
- faithfulness: the explanation supports the predicted answer without inventing unsupported claims.
- relevance: the explanation focuses on visual/question evidence that matters for the answer.
- clarity: the explanation is readable, concise, and clinically understandable.
- completeness: the explanation covers the key evidence needed to justify the answer.

Return JSON with exactly these keys:
{
  ""correctness"": <integer 1-5>,
  ""faithfulness"": <integer 1-5>,
  ""relevance"": <integer 1-5>,
  ""clarity"": <integer 1-5>,
  ""completeness"": <integer 1-5>,
  ""rationale"": ""short explanation""
}

Evaluate this Task 2 explanation.

val_id: 6
img_id: cl8k2u1pu1e430832btgn5x3n
question: Are there any abnormalities visible in the image?
reference_answer_if_available: 
predicted_answer: evidence of colonic polyp
confidence_score: 0.95
textual_explanation: The CATA-Final model predicts ""evidence of colonic polyp"". The newly generated visual explanation highlights morphology/TDA structural support, color and mucosal-texture support, a relatively focal heatmap region, possible specular artifact burden. Targeted self-probes for this lesion question supported the primary answer: Findings suggest presence of a polypoid lesion; The lesion exhibits a polypoid morphology and is distributed in the central, upper-right, lower-center, and lower-left regions.; evidence of mucosal polypoid lesion. Overall support is moderate; the reliability score combines morphology/TDA saliency, heatmap concentration, color/texture support, artifact burden, answer specificity, and self-probe agreement. The original question was: Are there any abnormalities visible in the image?. This explanation is intended for clinician review and should be interpreted alongside the image rather than as a standalone diagnosis.
visual_explanation_summary:
- type=heatmap; path=visuals/0006_heatmap.png; description=Fresh CATA-Final / D1 heatmap combining morphology/TDA saliency, color/edge evidence, and artifact suppression.
- type=evidence_json; path=visuals/0006_evidence.json; description=Structured visual evidence and confidence inputs used by the explanation generator.

Remember: return strict JSON only."
3,13,cla820gl1s3pf071ue7ja2fur,Is there any polyp observed?,No polyp detected,"Score each criterion from 1 to 5:
1 = poor, 2 = weak, 3 = acceptable, 4 = good, 5 = excellent.

Criteria:
- correctness: the answer and explanation are consistent with the question and available reference information.
- faithfulness: the explanation supports the predicted answer without inventing unsupported claims.
- relevance: the explanation focuses on visual/question evidence that matters for the answer.
- clarity: the explanation is readable, concise, and clinically understandable.
- completeness: the explanation covers the key evidence needed to justify the answer.

Return JSON with exactly these keys:
{
  ""correctness"": <integer 1-5>,
  ""faithfulness"": <integer 1-5>,
  ""relevance"": <integer 1-5>,
  ""clarity"": <integer 1-5>,
  ""completeness"": <integer 1-5>,
  ""rationale"": ""short explanation""
}

Evaluate this Task 2 explanation.

val_id: 13
img_id: cla820gl1s3pf071ue7ja2fur
question: Is there any polyp observed?
reference_answer_if_available: 
predicted_answer: No polyp detected
confidence_score: 0.7714
textual_explanation: The CATA-Final model predicts ""No polyp detected"". The newly generated visual explanation highlights morphology/TDA structural support, color and mucosal-texture support, a relatively focal heatmap region. Targeted self-probes for this lesion question produced mixed support: No polypoid lesion identified, with no evidence of mucosal abnormalities; No polyp identified with no central or upper-lower region involvement.; evidence of inflammatory changes consistent with ulcerative colitis. Because these probes do not fully agree with the primary answer, the explanation is treated cautiously. Overall support is mixed; the reliability score combines morphology/TDA saliency, heatmap concentration, color/texture support, artifact burden, answer specificity, and self-probe agreement. The original question was: Is there any polyp observed?. This explanation is intended for clinician review and should be interpreted alongside the image rather than as a standalone diagnosis.
visual_explanation_summary:
- type=heatmap; path=visuals/0013_heatmap.png; description=Fresh CATA-Final / D1 heatmap combining morphology/TDA saliency, color/edge evidence, and artifact suppression.
- type=evidence_json; path=visuals/0013_evidence.json; description=Structured visual evidence and confidence inputs used by the explanation generator.

Remember: return strict JSON only."
4,14,clb0lbwzodpes086u0ry61dfh,Which instruments are visible in the image?,tube visible in the gastric region,"Score each criterion from 1 to 5:
1 = poor, 2 = weak, 3 = acceptable, 4 = good, 5 = excellent.

Criteria:
- correctness: the answer and explanation are consistent with the question and available reference information.
- faithfulness: the explanation supports the predicted answer without inventing unsupported claims.
- relevance: the explanation focuses on visual/question evidence that matters for the answer.
- clarity: the explanation is readable, concise, and clinically understandable.
- completeness: the explanation covers the key evidence needed to justify the answer.

Return JSON with exactly these keys:
{
  ""correctness"": <integer 1-5>,
  ""faithfulness"": <integer 1-5>,
  ""relevance"": <integer 1-5>,
  ""clarity"": <integer 1-5>,
  ""completeness"": <integer 1-5>,
  ""rationale"": ""short explanation""
}

Evaluate this Task 2 explanation.

val_id: 14
img_id: clb0lbwzodpes086u0ry61dfh
question: Which instruments are visible in the image?
reference_answer_if_available: 
predicted_answer: tube visible in the gastric region
confidence_score: 0.95
textual_explanation: The CATA-Final model predicts ""tube visible in the gastric region"". The newly generated visual explanation highlights morphology/TDA structural support, color and mucosal-texture support, a relatively focal heatmap region. Targeted self-probes for this instrument question supported the primary answer: tube visible in the abdominal region; in multiple regions including center, upper-left, and lower-center; No surgical instruments visualized. Overall support is moderate; the reliability score combines morphology/TDA saliency, heatmap concentration, color/texture support, artifact burden, answer specificity, and self-probe agreement. The original question was: Which instruments are visible in the image?. This explanation is intended for clinician review and should be interpreted alongside the image rather than as a standalone diagnosis.
visual_explanation_summary:
- type=heatmap; path=visuals/0014_heatmap.png; description=Fresh CATA-Final / D1 heatmap combining morphology/TDA saliency, color/edge evidence, and artifact suppression.
- type=evidence_json; path=visuals/0014_evidence.json; description=Structured visual evidence and confidence inputs used by the explanation generator.

Remember: return strict JSON only."
5,23,clb0kvxw191hk074ygyj69433,Are there any polyps visible in the image?,No polyps observed,"Score each criterion from 1 to 5:
1 = poor, 2 = weak, 3 = acceptable, 4 = good, 5 = excellent.

Criteria:
- correctness: the answer and explanation are consistent with the question and available reference information.
- faithfulness: the explanation supports the predicted answer without inventing unsupported claims.
- relevance: the explanation focuses on visual/question evidence that matters for the answer.
- clarity: the explanation is readable, concise, and clinically understandable.
- completeness: the explanation covers the key evidence needed to justify the answer.

Return JSON with exactly these keys:
{
  ""correctness"": <integer 1-5>,
  ""faithfulness"": <integer 1-5>,
  ""relevance"": <integer 1-5>,
  ""clarity"": <integer 1-5>,
  ""completeness"": <integer 1-5>,
  ""rationale"": ""short explanation""
}

Evaluate this Task 2 explanation.

val_id: 23
img_id: clb0kvxw191hk074ygyj69433
question: Are there any polyps visible in the image?
reference_answer_if_available: 
predicted_answer: No polyps observed
confidence_score: 0.5914
textual_explanation: The CATA-Final model predicts ""No polyps observed"". The newly generated visual explanation highlights morphology/TDA structural support, color and mucosal-texture support, a relatively focal heatmap region, possible specular artifact burden. Targeted self-probes for this lesion question produced mixed support: No polypoid lesion identified, with no evidence of mucosal abnormalities; No polyp identified with no evidence of multiple lesions; evidence of esophageal inflammation. Because these probes do not fully agree with the primary answer, the explanation is treated cautiously. Overall support is mixed; the reliability score combines morphology/TDA saliency, heatmap concentration, color/texture support, artifact burden, answer specificity, and self-probe agreement. The original question was: Are there any polyps visible in the image?. This explanation is intended for clinician review and should be interpreted alongside the image rather than as a standalone diagnosis.
visual_explanation_summary:
- type=heatmap; path=visuals/0023_heatmap.png; description=Fresh CATA-Final / D1 heatmap combining morphology/TDA saliency, color/edge evidence, and artifact suppression.
- type=evidence_json; path=visuals/0023_evidence.json; description=Structured visual evidence and confidence inputs used by the explanation generator.

Remember: return strict JSON only."
6,30,cla820glas43z071ud31lel1f,Which anatomical landmarks are visible in the image?,no anatomical landmarks identified,"Score each criterion from 1 to 5:
1 = poor, 2 = weak, 3 = acceptable, 4 = good, 5 = excellent.

Criteria:
- correctness: the answer and explanation are consistent with the question and available reference information.
- faithfulness: the explanation supports the predicted answer without inventing unsupported claims.
- relevance: the explanation focuses on visual/question evidence that matters for the answer.
- clarity: the explanation is readable, concise, and clinically understandable.
- completeness: the explanation covers the key evidence needed to justify the answer.

Return JSON with exactly these keys:
{
  ""correctness"": <integer 1-5>,
  ""faithfulness"": <integer 1-5>,
  ""relevance"": <integer 1-5>,
  ""clarity"": <integer 1-5>,
  ""completeness"": <integer 1-5>,
  ""rationale"": ""short explanation""
}

Evaluate this Task 2 explanation.

val_id: 30
img_id: cla820glas43z071ud31lel1f
question: Which anatomical landmarks are visible in the image?
reference_answer_if_available: 
predicted_answer: no anatomical landmarks identified
confidence_score: 0.7213
textual_explanation: The CATA-Final model predicts ""no anatomical landmarks identified"". The newly generated visual explanation highlights morphology/TDA structural support, color and mucosal-texture support, a relatively focal heatmap region. Targeted self-probes for this generic question produced mixed support: evidence of ulcerative colitis involvement; No evidence of imaging artifacts present; evidence distributed across multiple regions. Because these probes do not fully agree with the primary answer, the explanation is treated cautiously. Overall support is mixed; the reliability score combines morphology/TDA saliency, heatmap concentration, color/texture support, artifact burden, answer specificity, and self-probe agreement. The original question was: Which anatomical landmarks are visible in the image?. This explanation is intended for clinician review and should be interpreted alongside the image rather than as a standalone diagnosis.
visual_explanation_summary:
- type=heatmap; path=visuals/0030_heatmap.png; description=Fresh CATA-Final / D1 heatmap combining morphology/TDA saliency, color/edge evidence, and artifact suppression.
- type=evidence_json; path=visuals/0030_evidence.json; description=Structured visual evidence and confidence inputs used by the explanation generator.

Remember: return strict JSON only."
7,39,cl8k2u1q51eir08323kcz5adj,What are the color characteristics of the abnormal area?,red and pink discoloration observed,"Score each criterion from 1 to 5:
1 = poor, 2 = weak, 3 = acceptable, 4 = good, 5 = excellent.

Criteria:
- correctness: the answer and explanation are consistent with the question and available reference information.
- faithfulness: the explanation supports the predicted answer without inventing unsupported claims.
- relevance: the explanation focuses on visual/question evidence that matters for the answer.
- clarity: the explanation is readable, concise, and clinically understandable.
- completeness: the explanation covers the key evidence needed to justify the answer.

Return JSON with exactly these keys:
{
  ""correctness"": <integer 1-5>,
  ""faithfulness"": <integer 1-5>,
  ""relevance"": <integer 1-5>,
  ""clarity"": <integer 1-5>,
  ""completeness"": <integer 1-5>,
  ""rationale"": ""short explanation""
}

Evaluate this Task 2 explanation.

val_id: 39
img_id: cl8k2u1q51eir08323kcz5adj
question: What are the color characteristics of the abnormal area?
reference_answer_if_available: 
predicted_answer: red and pink discoloration observed
confidence_score: 0.909
textual_explanation: The CATA-Final model predicts ""red and pink discoloration observed"". The newly generated visual explanation highlights morphology/TDA structural support, color and mucosal-texture support, a relatively focal heatmap region, possible specular artifact burden. Targeted self-probes for this color question supported the primary answer: red and pink discoloration noted; mucosal erythema noted; Multiple color changes including pink, red, and white are present.. Overall support is moderate; the reliability score combines morphology/TDA saliency, heatmap concentration, color/texture support, artifact burden, answer specificity, and self-probe agreement. The original question was: What are the color characteristics of the abnormal area?. This explanation is intended for clinician review and should be interpreted alongside the image rather than as a standalone diagnosis.
visual_explanation_summary:
- type=heatmap; path=visuals/0039_heatmap.png; description=Fresh CATA-Final / D1 heatmap combining morphology/TDA saliency, color/edge evidence, and artifact suppression.
- type=evidence_json; path=visuals/0039_evidence.json; description=Structured visual evidence and confidence inputs used by the explanation generator.

Remember: return strict JSON only."
8,43,cl8k2u1r41fkf08322tz82tfy,What is the size of the polyp?,polyp measuring 5 to 10 millimeters,"Score each criterion from 1 to 5:
1 = poor, 2 = weak, 3 = acceptable, 4 = good, 5 = excellent.

Criteria:
- correctness: the answer and explanation are consistent with the question and available reference information.
- faithfulness: the explanation supports the predicted answer without inventing unsupported claims.
- relevance: the explanation focuses on visual/question evidence that matters for the answer.
- clarity: the explanation is readable, concise, and clinically understandable.
- completeness: the explanation covers the key evidence needed to justify the answer.

Return JSON with exactly these keys:
{
  ""correctness"": <integer 1-5>,
  ""faithfulness"": <integer 1-5>,
  ""relevance"": <integer 1-5>,
  ""clarity"": <integer 1-5>,
  ""completeness"": <integer 1-5>,
  ""rationale"": ""short explanation""
}

Evaluate this Task 2 explanation.

val_id: 43
img_id: cl8k2u1r41fkf08322tz82tfy
question: What is the size of the polyp?
reference_answer_if_available: 
predicted_answer: polyp measuring 5 to 10 millimeters
confidence_score: 0.7957
textual_explanation: The CATA-Final model predicts ""polyp measuring 5 to 10 millimeters"". The newly generated visual explanation highlights morphology/TDA structural support, color and mucosal-texture support, diffuse heatmap evidence, possible specular artifact burden. Targeted self-probes for this size question supported the primary answer: lesion measures between 5 to 10 millimeters; The lesion measures less than 5 millimeters in size.; No evidence of polypoid lesion detected. Overall support is moderate; the reliability score combines morphology/TDA saliency, heatmap concentration, color/texture support, artifact burden, answer specificity, and self-probe agreement. The original question was: What is the size of the polyp?. This explanation is intended for clinician review and should be interpreted alongside the image rather than as a standalone diagnosis.
visual_explanation_summary:
- type=heatmap; path=visuals/0043_heatmap.png; description=Fresh CATA-Final / D1 heatmap combining morphology/TDA saliency, color/edge evidence, and artifact suppression.
- type=evidence_json; path=visuals/0043_evidence.json; description=Structured visual evidence and confidence inputs used by the explanation generator.

Remember: return strict JSON only."
9,51,clb0lbwy8dnss086u2s84excy,Are there any green or black box-like artifacts present?,No evidence of box-like artifacts observed,"Score each criterion from 1 to 5:
1 = poor, 2 = weak, 3 = acceptable, 4 = good, 5 = excellent.

Criteria:
- correctness: the answer and explanation are consistent with the question and available reference information.
- faithfulness: the explanation supports the predicted answer without inventing unsupported claims.
- relevance: the explanation focuses on visual/question evidence that matters for the answer.
- clarity: the explanation is readable, concise, and clinically understandable.
- completeness: the explanation covers the key evidence needed to justify the answer.

Return JSON with exactly these keys:
{
  ""correctness"": <integer 1-5>,
  ""faithfulness"": <integer 1-5>,
  ""relevance"": <integer 1-5>,
  ""clarity"": <integer 1-5>,
  ""completeness"": <integer 1-5>,
  ""rationale"": ""short explanation""
}

Evaluate this Task 2 explanation.

val_id: 51
img_id: clb0lbwy8dnss086u2s84excy
question: Are there any green or black box-like artifacts present?
reference_answer_if_available: 
predicted_answer: No evidence of box-like artifacts observed
confidence_score: 0.7878
textual_explanation: The CATA-Final model predicts ""No evidence of box-like artifacts observed"". The newly generated visual explanation highlights morphology/TDA structural support, color and mucosal-texture support, a relatively focal heatmap region. Targeted self-probes for this color question produced mixed support: multiple colors including pink, red, and white; evidence of mucosal erythema; Multiple color changes including pink, red, white, and yellow are present.. Because these probes do not fully agree with the primary answer, the explanation is treated cautiously. Overall support is mixed; the reliability score combines morphology/TDA saliency, heatmap concentration, color/texture support, artifact burden, answer specificity, and self-probe agreement. The original question was: Are there any green or black box-like artifacts present?. This explanation is intended for clinician review and should be interpreted alongside the image rather than as a standalone diagnosis.
visual_explanation_summary:
- type=heatmap; path=visuals/0051_heatmap.png; description=Fresh CATA-Final / D1 heatmap combining morphology/TDA saliency, color/edge evidence, and artifact suppression.
- type=evidence_json; path=visuals/0051_evidence.json; description=Structured visual evidence and confidence inputs used by the explanation generator.

Remember: return strict JSON only."
10,54,cla820gmms607071udo435157,Is there any visible instrument in the image?,No instruments are visible,"Score each criterion from 1 to 5:
1 = poor, 2 = weak, 3 = acceptable, 4 = good, 5 = excellent.

Criteria:
- correctness: the answer and explanation are consistent with the question and available reference information.
- faithfulness: the explanation supports the predicted answer without inventing unsupported claims.
- relevance: the explanation focuses on visual/question evidence that matters for the answer.
- clarity: the explanation is readable, concise, and clinically understandable.
- completeness: the explanation covers the key evidence needed to justify the answer.

Return JSON with exactly these keys:
{
  ""correctness"": <integer 1-5>,
  ""faithfulness"": <integer 1-5>,
  ""relevance"": <integer 1-5>,
  ""clarity"": <integer 1-5>,
  ""completeness"": <integer 1-5>,
  ""rationale"": ""short explanation""
}

Evaluate this Task 2 explanation.

val_id: 54
img_id: cla820gmms607071udo435157
question: Is there any visible instrument in the image?
reference_answer_if_available: 
predicted_answer: No instruments are visible
confidence_score: 0.95
textual_explanation: The CATA-Final model predicts ""No instruments are visible"". The newly generated visual explanation highlights morphology/TDA structural support, color and mucosal-texture support, a relatively focal heatmap region, possible specular artifact burden. Targeted self-probes for this instrument question supported the primary answer: No foreign bodies or instruments observed; No instruments are visible in the image; No surgical instruments visualized. Overall support is moderate; the reliability score combines morphology/TDA saliency, heatmap concentration, color/texture support, artifact burden, answer specificity, and self-probe agreement. The original question was: Is there any visible instrument in the image?. This explanation is intended for clinician review and should be interpreted alongside the image rather than as a standalone diagnosis.
visual_explanation_summary:
- type=heatmap; path=visuals/0054_heatmap.png; description=Fresh CATA-Final / D1 heatmap combining morphology/TDA saliency, color/edge evidence, and artifact suppression.
- type=evidence_json; path=visuals/0054_evidence.json; description=Structured visual evidence and confidence inputs used by the explanation generator.

Remember: return strict JSON only."
11,61,clb0kvxvw91b0074y1pynhgj9,What colors are observed in the abnormal areas?,"pink, red, and white lesions noted","Score each criterion from 1 to 5:
1 = poor, 2 = weak, 3 = acceptable, 4 = good, 5 = excellent.

Criteria:
- correctness: the answer and explanation are consistent with the question and available reference information.
- faithfulness: the explanation supports the predicted answer without inventing unsupported claims.
- relevance: the explanation focuses on visual/question evidence that matters for the answer.
- clarity: the explanation is readable, concise, and clinically understandable.
- completeness: the explanation covers the key evidence needed to justify the answer.

Return JSON with exactly these keys:
{
  ""correctness"": <integer 1-5>,
  ""faithfulness"": <integer 1-5>,
  ""relevance"": <integer 1-5>,
  ""clarity"": <integer 1-5>,
  ""completeness"": <integer 1-5>,
  ""rationale"": ""short explanation""
}

Evaluate this Task 2 explanation.

val_id: 61
img_id: clb0kvxvw91b0074y1pynhgj9
question: What colors are observed in the abnormal areas?
reference_answer_if_available: 
predicted_answer: pink, red, and white lesions noted
confidence_score: 0.8301
textual_explanation: The CATA-Final model predicts ""pink, red, and white lesions noted"". The newly generated visual explanation highlights morphology/TDA structural support, color and mucosal-texture support, a relatively focal heatmap region, possible specular artifact burden. Targeted self-probes for this color question supported the primary answer: pink, red, and white lesions observed; mucosal erythema present; multiple color changes including pink, red, white, and grey. Overall support is moderate; the reliability score combines morphology/TDA saliency, heatmap concentration, color/texture support, artifact burden, answer specificity, and self-probe agreement. The original question was: What colors are observed in the abnormal areas?. This explanation is intended for clinician review and should be interpreted alongside the image rather than as a standalone diagnosis.
visual_explanation_summary:
- type=heatmap; path=visuals/0061_heatmap.png; description=Fresh CATA-Final / D1 heatmap combining morphology/TDA saliency, color/edge evidence, and artifact suppression.
- type=evidence_json; path=visuals/0061_evidence.json; description=Structured visual evidence and confidence inputs used by the explanation generator.

Remember: return strict JSON only."
12,64,cla820glls4nj071uczhd0lu8,Which anatomical landmark is visible in the image?,no anatomical landmark identified,"Score each criterion from 1 to 5:
1 = poor, 2 = weak, 3 = acceptable, 4 = good, 5 = excellent.

Criteria:
- correctness: the answer and explanation are consistent with the question and available reference information.
- faithfulness: the explanation supports the predicted answer without inventing unsupported claims.
- relevance: the explanation focuses on visual/question evidence that matters for the answer.
- clarity: the explanation is readable, concise, and clinically understandable.
- completeness: the explanation covers the key evidence needed to justify the answer.

Return JSON with exactly these keys:
{
  ""correctness"": <integer 1-5>,
  ""faithfulness"": <integer 1-5>,
  ""relevance"": <integer 1-5>,
  ""clarity"": <integer 1-5>,
  ""completeness"": <integer 1-5>,
  ""rationale"": ""short explanation""
}

Evaluate this Task 2 explanation.

val_id: 64
img_id: cla820glls4nj071uczhd0lu8
question: Which anatomical landmark is visible in the image?
reference_answer_if_available: 
predicted_answer: no anatomical landmark identified
confidence_score: 0.7786
textual_explanation: The CATA-Final model predicts ""no anatomical landmark identified"". The newly generated visual explanation highlights morphology/TDA structural support, color and mucosal-texture support, a relatively focal heatmap region. Targeted self-probes for this generic question produced mixed support: evidence of ulcerative colitis involvement; No evidence of imaging artifacts present; evidence distributed across multiple regions. Because these probes do not fully agree with the primary answer, the explanation is treated cautiously. Overall support is mixed; the reliability score combines morphology/TDA saliency, heatmap concentration, color/texture support, artifact burden, answer specificity, and self-probe agreement. The original question was: Which anatomical landmark is visible in the image?. This explanation is intended for clinician review and should be interpreted alongside the image rather than as a standalone diagnosis.
visual_explanation_summary:
- type=heatmap; path=visuals/0064_heatmap.png; description=Fresh CATA-Final / D1 heatmap combining morphology/TDA saliency, color/edge evidence, and artifact suppression.
- type=evidence_json; path=visuals/0064_evidence.json; description=Structured visual evidence and confidence inputs used by the explanation generator.

Remember: return strict JSON only."
13,65,clb0kvxut8zpo074ye1qnfi8m,Is there any polyp present?,No polyp identified,"Score each criterion from 1 to 5:
1 = poor, 2 = weak, 3 = acceptable, 4 = good, 5 = excellent.

Criteria:
- correctness: the answer and explanation are consistent with the question and available reference information.
- faithfulness: the explanation supports the predicted answer without inventing unsupported claims.
- relevance: the explanation focuses on visual/question evidence that matters for the answer.
- clarity: the explanation is readable, concise, and clinically understandable.
- completeness: the explanation covers the key evidence needed to justify the answer.

Return JSON with exactly these keys:
{
  ""correctness"": <integer 1-5>,
  ""faithfulness"": <integer 1-5>,
  ""relevance"": <integer 1-5>,
  ""clarity"": <integer 1-5>,
  ""completeness"": <integer 1-5>,
  ""rationale"": ""short explanation""
}

Evaluate this Task 2 explanation.

val_id: 65
img_id: clb0kvxut8zpo074ye1qnfi8m
question: Is there any polyp present?
reference_answer_if_available: 
predicted_answer: No polyp identified
confidence_score: 0.5349
textual_explanation: The CATA-Final model predicts ""No polyp identified"". The newly generated visual explanation highlights morphology/TDA structural support, color and mucosal-texture support, diffuse heatmap evidence, possible specular artifact burden. Targeted self-probes for this lesion question produced mixed support: No polypoid lesion identified, with no evidence of mucosal abnormalities; Lesion shows a polypoid appearance with multiple areas of involvement.; evidence of esophageal inflammation. Because these probes do not fully agree with the primary answer, the explanation is treated cautiously. Overall support is mixed; the reliability score combines morphology/TDA saliency, heatmap concentration, color/texture support, artifact burden, answer specificity, and self-probe agreement. The original question was: Is there any polyp present?. This explanation is intended for clinician review and should be interpreted alongside the image rather than as a standalone diagnosis.
visual_explanation_summary:
- type=heatmap; path=visuals/0065_heatmap.png; description=Fresh CATA-Final / D1 heatmap combining morphology/TDA saliency, color/edge evidence, and artifact suppression.
- type=evidence_json; path=visuals/0065_evidence.json; description=Structured visual evidence and confidence inputs used by the explanation generator.

Remember: return strict JSON only."
14,88,cla820glms4on071u537d43p2,Are there any surgical instruments visible in the image?,No surgical instruments observed,"Score each criterion from 1 to 5:
1 = poor, 2 = weak, 3 = acceptable, 4 = good, 5 = excellent.

Criteria:
- correctness: the answer and explanation are consistent with the question and available reference information.
- faithfulness: the explanation supports the predicted answer without inventing unsupported claims.
- relevance: the explanation focuses on visual/question evidence that matters for the answer.
- clarity: the explanation is readable, concise, and clinically understandable.
- completeness: the explanation covers the key evidence needed to justify the answer.

Return JSON with exactly these keys:
{
  ""correctness"": <integer 1-5>,
  ""faithfulness"": <integer 1-5>,
  ""relevance"": <integer 1-5>,
  ""clarity"": <integer 1-5>,
  ""completeness"": <integer 1-5>,
  ""rationale"": ""short explanation""
}

Evaluate this Task 2 explanation.

val_id: 88
img_id: cla820glms4on071u537d43p2
question: Are there any surgical instruments visible in the image?
reference_answer_if_available: 
predicted_answer: No surgical instruments observed
confidence_score: 0.95
textual_explanation: The CATA-Final model predicts ""No surgical instruments observed"". The newly generated visual explanation highlights morphology/TDA structural support, color and mucosal-texture support, a relatively focal heatmap region. Targeted self-probes for this instrument question supported the primary answer: No foreign bodies or instruments observed; No instruments are visible in the image; No surgical instruments visualized. Overall support is moderate; the reliability score combines morphology/TDA saliency, heatmap concentration, color/texture support, artifact burden, answer specificity, and self-probe agreement. The original question was: Are there any surgical instruments visible in the image?. This explanation is intended for clinician review and should be interpreted alongside the image rather than as a standalone diagnosis.
visual_explanation_summary:
- type=heatmap; path=visuals/0088_heatmap.png; description=Fresh CATA-Final / D1 heatmap combining morphology/TDA saliency, color/edge evidence, and artifact suppression.
- type=evidence_json; path=visuals/0088_evidence.json; description=Structured visual evidence and confidence inputs used by the explanation generator.

Remember: return strict JSON only."
15,93,clb0lbwyedo3c086ucodk7jed,Are there any instruments visible in the image? Please list all present.,tube visible in the abdominal region,"Score each criterion from 1 to 5:
1 = poor, 2 = weak, 3 = acceptable, 4 = good, 5 = excellent.

Criteria:
- correctness: the answer and explanation are consistent with the question and available reference information.
- faithfulness: the explanation supports the predicted answer without inventing unsupported claims.
- relevance: the explanation focuses on visual/question evidence that matters for the answer.
- clarity: the explanation is readable, concise, and clinically understandable.
- completeness: the explanation covers the key evidence needed to justify the answer.

Return JSON with exactly these keys:
{
  ""correctness"": <integer 1-5>,
  ""faithfulness"": <integer 1-5>,
  ""relevance"": <integer 1-5>,
  ""clarity"": <integer 1-5>,
  ""completeness"": <integer 1-5>,
  ""rationale"": ""short explanation""
}

Evaluate this Task 2 explanation.

val_id: 93
img_id: clb0lbwyedo3c086ucodk7jed
question: Are there any instruments visible in the image? Please list all present.
reference_answer_if_available: 
predicted_answer: tube visible in the abdominal region
confidence_score: 0.95
textual_explanation: The CATA-Final model predicts ""tube visible in the abdominal region"". The newly generated visual explanation highlights morphology/TDA structural support, color and mucosal-texture support, a relatively focal heatmap region, possible specular artifact burden. Targeted self-probes for this instrument question supported the primary answer: tube visible in the abdominal region; instruments located in upper-central and upper-right regions; No visible instruments detected. Overall support is moderate; the reliability score combines morphology/TDA saliency, heatmap concentration, color/texture support, artifact burden, answer specificity, and self-probe agreement. The original question was: Are there any instruments visible in the image? Please list all present.. This explanation is intended for clinician review and should be interpreted alongside the image rather than as a standalone diagnosis.
visual_explanation_summary:
- type=heatmap; path=visuals/0093_heatmap.png; description=Fresh CATA-Final / D1 heatmap combining morphology/TDA saliency, color/edge evidence, and artifact suppression.
- type=evidence_json; path=visuals/0093_evidence.json; description=Structured visual evidence and confidence inputs used by the explanation generator.

Remember: return strict JSON only."
16,96,cla820gn5s6kn071u8pacbjav,Are there any abnormalities visible in the image?,evidence of ulcerative colitis involvement,"Score each criterion from 1 to 5:
1 = poor, 2 = weak, 3 = acceptable, 4 = good, 5 = excellent.

Criteria:
- correctness: the answer and explanation are consistent with the question and available reference information.
- faithfulness: the explanation supports the predicted answer without inventing unsupported claims.
- relevance: the explanation focuses on visual/question evidence that matters for the answer.
- clarity: the explanation is readable, concise, and clinically understandable.
- completeness: the explanation covers the key evidence needed to justify the answer.

Return JSON with exactly these keys:
{
  ""correctness"": <integer 1-5>,
  ""faithfulness"": <integer 1-5>,
  ""relevance"": <integer 1-5>,
  ""clarity"": <integer 1-5>,
  ""completeness"": <integer 1-5>,
  ""rationale"": ""short explanation""
}

Evaluate this Task 2 explanation.

val_id: 96
img_id: cla820gn5s6kn071u8pacbjav
question: Are there any abnormalities visible in the image?
reference_answer_if_available: 
predicted_answer: evidence of ulcerative colitis involvement
confidence_score: 0.8196
textual_explanation: The CATA-Final model predicts ""evidence of ulcerative colitis involvement"". The newly generated visual explanation highlights morphology/TDA structural support, color and mucosal-texture support, a relatively focal heatmap region. Targeted self-probes for this lesion question produced mixed support: No polypoid lesion identified, with no evidence of mucosal abnormalities; No polyp identified in the examined area.; evidence of inflammatory changes consistent with ulcerative colitis. Because these probes do not fully agree with the primary answer, the explanation is treated cautiously. Overall support is mixed; the reliability score combines morphology/TDA saliency, heatmap concentration, color/texture support, artifact burden, answer specificity, and self-probe agreement. The original question was: Are there any abnormalities visible in the image?. This explanation is intended for clinician review and should be interpreted alongside the image rather than as a standalone diagnosis.
visual_explanation_summary:
- type=heatmap; path=visuals/0096_heatmap.png; description=Fresh CATA-Final / D1 heatmap combining morphology/TDA saliency, color/edge evidence, and artifact suppression.
- type=evidence_json; path=visuals/0096_evidence.json; description=Structured visual evidence and confidence inputs used by the explanation generator.

Remember: return strict JSON only."
17,102,clb0lbx07dq5s086u5f4sfy08,How many surgical instruments are visible in the image?,one surgical instrument present,"Score each criterion from 1 to 5:
1 = poor, 2 = weak, 3 = acceptable, 4 = good, 5 = excellent.

Criteria:
- correctness: the answer and explanation are consistent with the question and available reference information.
- faithfulness: the explanation supports the predicted answer without inventing unsupported claims.
- relevance: the explanation focuses on visual/question evidence that matters for the answer.
- clarity: the explanation is readable, concise, and clinically understandable.
- completeness: the explanation covers the key evidence needed to justify the answer.

Return JSON with exactly these keys:
{
  ""correctness"": <integer 1-5>,
  ""faithfulness"": <integer 1-5>,
  ""relevance"": <integer 1-5>,
  ""clarity"": <integer 1-5>,
  ""completeness"": <integer 1-5>,
  ""rationale"": ""short explanation""
}

Evaluate this Task 2 explanation.

val_id: 102
img_id: clb0lbx07dq5s086u5f4sfy08
question: How many surgical instruments are visible in the image?
reference_answer_if_available: 
predicted_answer: one surgical instrument present
confidence_score: 0.9147
textual_explanation: The CATA-Final model predicts ""one surgical instrument present"". The newly generated visual explanation highlights morphology/TDA structural support, color and mucosal-texture support, a relatively focal heatmap region. Targeted self-probes for this instrument question supported the primary answer: tube visible in the abdominal region; in multiple regions including center, upper-left, and lower-right; No surgical instruments visualized. Overall support is moderate; the reliability score combines morphology/TDA saliency, heatmap concentration, color/texture support, artifact burden, answer specificity, and self-probe agreement. The original question was: How many surgical instruments are visible in the image?. This explanation is intended for clinician review and should be interpreted alongside the image rather than as a standalone diagnosis.
visual_explanation_summary:
- type=heatmap; path=visuals/0102_heatmap.png; description=Fresh CATA-Final / D1 heatmap combining morphology/TDA saliency, color/edge evidence, and artifact suppression.
- type=evidence_json; path=visuals/0102_evidence.json; description=Structured visual evidence and confidence inputs used by the explanation generator.

Remember: return strict JSON only."
18,103,clb0kvxw991uw074ydryz7t72,Which anatomical landmark is visible in the image?,no anatomical landmark identified,"Score each criterion from 1 to 5:
1 = poor, 2 = weak, 3 = acceptable, 4 = good, 5 = excellent.

Criteria:
- correctness: the answer and explanation are consistent with the question and available reference information.
- faithfulness: the explanation supports the predicted answer without inventing unsupported claims.
- relevance: the explanation focuses on visual/question evidence that matters for the answer.
- clarity: the explanation is readable, concise, and clinically understandable.
- completeness: the explanation covers the key evidence needed to justify the answer.

Return JSON with exactly these keys:
{
  ""correctness"": <integer 1-5>,
  ""faithfulness"": <integer 1-5>,
  ""relevance"": <integer 1-5>,
  ""clarity"": <integer 1-5>,
  ""completeness"": <integer 1-5>,
  ""rationale"": ""short explanation""
}

Evaluate this Task 2 explanation.

val_id: 103
img_id: clb0kvxw991uw074ydryz7t72
question: Which anatomical landmark is visible in the image?
reference_answer_if_available: 
predicted_answer: no anatomical landmark identified
confidence_score: 0.6527
textual_explanation: The CATA-Final model predicts ""no anatomical landmark identified"". The newly generated visual explanation highlights morphology/TDA structural support, color and mucosal-texture support, a relatively focal heatmap region, possible specular artifact burden. Targeted self-probes for this generic question produced mixed support: evidence of esophageal inflammation; No evidence of imaging artifacts present; evidence distributed across multiple regions. Because these probes do not fully agree with the primary answer, the explanation is treated cautiously. Overall support is mixed; the reliability score combines morphology/TDA saliency, heatmap concentration, color/texture support, artifact burden, answer specificity, and self-probe agreement. The original question was: Which anatomical landmark is visible in the image?. This explanation is intended for clinician review and should be interpreted alongside the image rather than as a standalone diagnosis.
visual_explanation_summary:
- type=heatmap; path=visuals/0103_heatmap.png; description=Fresh CATA-Final / D1 heatmap combining morphology/TDA saliency, color/edge evidence, and artifact suppression.
- type=evidence_json; path=visuals/0103_evidence.json; description=Structured visual evidence and confidence inputs used by the explanation generator.

Remember: return strict JSON only."
19,110,cl8k2u1q91ekb0832138447lf,Are there any remaining polyps in the colon?,Residual polyps noted in the colon,"Score each criterion from 1 to 5:
1 = poor, 2 = weak, 3 = acceptable, 4 = good, 5 = excellent.

Criteria:
- correctness: the answer and explanation are consistent with the question and available reference information.
- faithfulness: the explanation supports the predicted answer without inventing unsupported claims.
- relevance: the explanation focuses on visual/question evidence that matters for the answer.
- clarity: the explanation is readable, concise, and clinically understandable.
- completeness: the explanation covers the key evidence needed to justify the answer.

Return JSON with exactly these keys:
{
  ""correctness"": <integer 1-5>,
  ""faithfulness"": <integer 1-5>,
  ""relevance"": <integer 1-5>,
  ""clarity"": <integer 1-5>,
  ""completeness"": <integer 1-5>,
  ""rationale"": ""short explanation""
}

Evaluate this Task 2 explanation.

val_id: 110
img_id: cl8k2u1q91ekb0832138447lf
question: Are there any remaining polyps in the colon?
reference_answer_if_available: 
predicted_answer: Residual polyps noted in the colon
confidence_score: 0.9364
textual_explanation: The CATA-Final model predicts ""Residual polyps noted in the colon"". The newly generated visual explanation highlights morphology/TDA structural support, color and mucosal-texture support, a relatively focal heatmap region, possible specular artifact burden. Targeted self-probes for this lesion question supported the primary answer: Findings suggest presence of a polypoid lesion; The lesion exhibits a polypoid appearance and is located in the central region.; No polyp detected, no evidence of mucosal abnormality. Overall support is moderate; the reliability score combines morphology/TDA saliency, heatmap concentration, color/texture support, artifact burden, answer specificity, and self-probe agreement. The original question was: Are there any remaining polyps in the colon?. This explanation is intended for clinician review and should be interpreted alongside the image rather than as a standalone diagnosis.
visual_explanation_summary:
- type=heatmap; path=visuals/0110_heatmap.png; description=Fresh CATA-Final / D1 heatmap combining morphology/TDA saliency, color/edge evidence, and artifact suppression.
- type=evidence_json; path=visuals/0110_evidence.json; description=Structured visual evidence and confidence inputs used by the explanation generator.

Remember: return strict JSON only."
20,114,clb0lbx1ddqac086ugku182z7,Is there any textual information visible?,Textual information is present,"Score each criterion from 1 to 5:
1 = poor, 2 = weak, 3 = acceptable, 4 = good, 5 = excellent.

Criteria:
- correctness: the answer and explanation are consistent with the question and available reference information.
- faithfulness: the explanation supports the predicted answer without inventing unsupported claims.
- relevance: the explanation focuses on visual/question evidence that matters for the answer.
- clarity: the explanation is readable, concise, and clinically understandable.
- completeness: the explanation covers the key evidence needed to justify the answer.

Return JSON with exactly these keys:
{
  ""correctness"": <integer 1-5>,
  ""faithfulness"": <integer 1-5>,
  ""relevance"": <integer 1-5>,
  ""clarity"": <integer 1-5>,
  ""completeness"": <integer 1-5>,
  ""rationale"": ""short explanation""
}

Evaluate this Task 2 explanation.

val_id: 114
img_id: clb0lbx1ddqac086ugku182z7
question: Is there any textual information visible?
reference_answer_if_available: 
predicted_answer: Textual information is present
confidence_score: 0.9147
textual_explanation: The CATA-Final model predicts ""Textual information is present"". The newly generated visual explanation highlights morphology/TDA structural support, color and mucosal-texture support, a relatively focal heatmap region, possible specular artifact burden. Targeted self-probes for this visible_text question supported the primary answer: Text is present in the image; text observed in central and upper regions; text is present on the image. Overall support is moderate; the reliability score combines morphology/TDA saliency, heatmap concentration, color/texture support, artifact burden, answer specificity, and self-probe agreement. The original question was: Is there any textual information visible?. This explanation is intended for clinician review and should be interpreted alongside the image rather than as a standalone diagnosis.
visual_explanation_summary:
- type=heatmap; path=visuals/0114_heatmap.png; description=Fresh CATA-Final / D1 heatmap combining morphology/TDA saliency, color/edge evidence, and artifact suppression.
- type=evidence_json; path=visuals/0114_evidence.json; description=Structured visual evidence and confidence inputs used by the explanation generator.

Remember: return strict JSON only."
21,116,clb0kvxve90kg074y3rm8dqbf,Is there any visible text on the image?,text is present on the image,"Score each criterion from 1 to 5:
1 = poor, 2 = weak, 3 = acceptable, 4 = good, 5 = excellent.

Criteria:
- correctness: the answer and explanation are consistent with the question and available reference information.
- faithfulness: the explanation supports the predicted answer without inventing unsupported claims.
- relevance: the explanation focuses on visual/question evidence that matters for the answer.
- clarity: the explanation is readable, concise, and clinically understandable.
- completeness: the explanation covers the key evidence needed to justify the answer.

Return JSON with exactly these keys:
{
  ""correctness"": <integer 1-5>,
  ""faithfulness"": <integer 1-5>,
  ""relevance"": <integer 1-5>,
  ""clarity"": <integer 1-5>,
  ""completeness"": <integer 1-5>,
  ""rationale"": ""short explanation""
}

Evaluate this Task 2 explanation.

val_id: 116
img_id: clb0kvxve90kg074y3rm8dqbf
question: Is there any visible text on the image?
reference_answer_if_available: 
predicted_answer: text is present on the image
confidence_score: 0.903
textual_explanation: The CATA-Final model predicts ""text is present on the image"". The newly generated visual explanation highlights morphology/TDA structural support, color and mucosal-texture support, a relatively focal heatmap region, possible specular artifact burden. Targeted self-probes for this visible_text question supported the primary answer: text is present in the image; text observed in central and upper regions; text is present on the image. Overall support is moderate; the reliability score combines morphology/TDA saliency, heatmap concentration, color/texture support, artifact burden, answer specificity, and self-probe agreement. The original question was: Is there any visible text on the image?. This explanation is intended for clinician review and should be interpreted alongside the image rather than as a standalone diagnosis.
visual_explanation_summary:
- type=heatmap; path=visuals/0116_heatmap.png; description=Fresh CATA-Final / D1 heatmap combining morphology/TDA saliency, color/edge evidence, and artifact suppression.
- type=evidence_json; path=visuals/0116_evidence.json; description=Structured visual evidence and confidence inputs used by the explanation generator.

Remember: return strict JSON only."
22,117,clb0lbwzydpr4086u3lx4ccl6,How many abnormalities are observed?,One abnormal finding present,"Score each criterion from 1 to 5:
1 = poor, 2 = weak, 3 = acceptable, 4 = good, 5 = excellent.

Criteria:
- correctness: the answer and explanation are consistent with the question and available reference information.
- faithfulness: the explanation supports the predicted answer without inventing unsupported claims.
- relevance: the explanation focuses on visual/question evidence that matters for the answer.
- clarity: the explanation is readable, concise, and clinically understandable.
- completeness: the explanation covers the key evidence needed to justify the answer.

Return JSON with exactly these keys:
{
  ""correctness"": <integer 1-5>,
  ""faithfulness"": <integer 1-5>,
  ""relevance"": <integer 1-5>,
  ""clarity"": <integer 1-5>,
  ""completeness"": <integer 1-5>,
  ""rationale"": ""short explanation""
}

Evaluate this Task 2 explanation.

val_id: 117
img_id: clb0lbwzydpr4086u3lx4ccl6
question: How many abnormalities are observed?
reference_answer_if_available: 
predicted_answer: One abnormal finding present
confidence_score: 0.95
textual_explanation: The CATA-Final model predicts ""One abnormal finding present"". The newly generated visual explanation highlights morphology/TDA structural support, color and mucosal-texture support, a relatively focal heatmap region, possible specular artifact burden. Targeted self-probes for this count question supported the primary answer: one abnormal finding present; One abnormal finding noted; No abnormal findings observed. Overall support is moderate; the reliability score combines morphology/TDA saliency, heatmap concentration, color/texture support, artifact burden, answer specificity, and self-probe agreement. The original question was: How many abnormalities are observed?. This explanation is intended for clinician review and should be interpreted alongside the image rather than as a standalone diagnosis.
visual_explanation_summary:
- type=heatmap; path=visuals/0117_heatmap.png; description=Fresh CATA-Final / D1 heatmap combining morphology/TDA saliency, color/edge evidence, and artifact suppression.
- type=evidence_json; path=visuals/0117_evidence.json; description=Structured visual evidence and confidence inputs used by the explanation generator.

Remember: return strict JSON only."
23,118,cla820glys53z071u0kdfg268,What type of medical procedure is depicted in the image?,evidence of colonoscopy procedure,"Score each criterion from 1 to 5:
1 = poor, 2 = weak, 3 = acceptable, 4 = good, 5 = excellent.

Criteria:
- correctness: the answer and explanation are consistent with the question and available reference information.
- faithfulness: the explanation supports the predicted answer without inventing unsupported claims.
- relevance: the explanation focuses on visual/question evidence that matters for the answer.
- clarity: the explanation is readable, concise, and clinically understandable.
- completeness: the explanation covers the key evidence needed to justify the answer.

Return JSON with exactly these keys:
{
  ""correctness"": <integer 1-5>,
  ""faithfulness"": <integer 1-5>,
  ""relevance"": <integer 1-5>,
  ""clarity"": <integer 1-5>,
  ""completeness"": <integer 1-5>,
  ""rationale"": ""short explanation""
}

Evaluate this Task 2 explanation.

val_id: 118
img_id: cla820glys53z071u0kdfg268
question: What type of medical procedure is depicted in the image?
reference_answer_if_available: 
predicted_answer: evidence of colonoscopy procedure
confidence_score: 0.7389
textual_explanation: The CATA-Final model predicts ""evidence of colonoscopy procedure"". The newly generated visual explanation highlights morphology/TDA structural support, color and mucosal-texture support, a relatively focal heatmap region, possible specular artifact burden. Targeted self-probes for this procedure question produced mixed support: Evidence of colonoscopy procedure with no identifiable anatomical landmarks; evidence of mucosal abnormalities; No artifacts or overlays are present in the image.. Because these probes do not fully agree with the primary answer, the explanation is treated cautiously. Overall support is mixed; the reliability score combines morphology/TDA saliency, heatmap concentration, color/texture support, artifact burden, answer specificity, and self-probe agreement. The original question was: What type of medical procedure is depicted in the image?. This explanation is intended for clinician review and should be interpreted alongside the image rather than as a standalone diagnosis.
visual_explanation_summary:
- type=heatmap; path=visuals/0118_heatmap.png; description=Fresh CATA-Final / D1 heatmap combining morphology/TDA saliency, color/edge evidence, and artifact suppression.
- type=evidence_json; path=visuals/0118_evidence.json; description=Structured visual evidence and confidence inputs used by the explanation generator.

Remember: return strict JSON only."
24,119,cla820gl4s3un071uck4cg79b,Is there any polyp present?,No polyp identified,"Score each criterion from 1 to 5:
1 = poor, 2 = weak, 3 = acceptable, 4 = good, 5 = excellent.

Criteria:
- correctness: the answer and explanation are consistent with the question and available reference information.
- faithfulness: the explanation supports the predicted answer without inventing unsupported claims.
- relevance: the explanation focuses on visual/question evidence that matters for the answer.
- clarity: the explanation is readable, concise, and clinically understandable.
- completeness: the explanation covers the key evidence needed to justify the answer.

Return JSON with exactly these keys:
{
  ""correctness"": <integer 1-5>,
  ""faithfulness"": <integer 1-5>,
  ""relevance"": <integer 1-5>,
  ""clarity"": <integer 1-5>,
  ""completeness"": <integer 1-5>,
  ""rationale"": ""short explanation""
}

Evaluate this Task 2 explanation.

val_id: 119
img_id: cla820gl4s3un071uck4cg79b
question: Is there any polyp present?
reference_answer_if_available: 
predicted_answer: No polyp identified
confidence_score: 0.7414
textual_explanation: The CATA-Final model predicts ""No polyp identified"". The newly generated visual explanation highlights morphology/TDA structural support, color and mucosal-texture support, a relatively focal heatmap region, possible specular artifact burden. Targeted self-probes for this lesion question produced mixed support: No polypoid lesion identified, with no evidence of abnormal mucosal changes; No polyp identified with no central or upper-lower region involvement.; evidence of inflammatory changes consistent with ulcerative colitis. Because these probes do not fully agree with the primary answer, the explanation is treated cautiously. Overall support is mixed; the reliability score combines morphology/TDA saliency, heatmap concentration, color/texture support, artifact burden, answer specificity, and self-probe agreement. The original question was: Is there any polyp present?. This explanation is intended for clinician review and should be interpreted alongside the image rather than as a standalone diagnosis.
visual_explanation_summary:
- type=heatmap; path=visuals/0119_heatmap.png; description=Fresh CATA-Final / D1 heatmap combining morphology/TDA saliency, color/edge evidence, and artifact suppression.
- type=evidence_json; path=visuals/0119_evidence.json; description=Structured visual evidence and confidence inputs used by the explanation generator.

Remember: return strict JSON only."
25,120,clb0lbwybdny4086u7yv98xl5,Is text visible on the image?,Text is present on the image,"Score each criterion from 1 to 5:
1 = poor, 2 = weak, 3 = acceptable, 4 = good, 5 = excellent.

Criteria:
- correctness: the answer and explanation are consistent with the question and available reference information.
- faithfulness: the explanation supports the predicted answer without inventing unsupported claims.
- relevance: the explanation focuses on visual/question evidence that matters for the answer.
- clarity: the explanation is readable, concise, and clinically understandable.
- completeness: the explanation covers the key evidence needed to justify the answer.

Return JSON with exactly these keys:
{
  ""correctness"": <integer 1-5>,
  ""faithfulness"": <integer 1-5>,
  ""relevance"": <integer 1-5>,
  ""clarity"": <integer 1-5>,
  ""completeness"": <integer 1-5>,
  ""rationale"": ""short explanation""
}

Evaluate this Task 2 explanation.

val_id: 120
img_id: clb0lbwybdny4086u7yv98xl5
question: Is text visible on the image?
reference_answer_if_available: 
predicted_answer: Text is present on the image
confidence_score: 0.95
textual_explanation: The CATA-Final model predicts ""Text is present on the image"". The newly generated visual explanation highlights morphology/TDA structural support, color and mucosal-texture support, a relatively focal heatmap region, possible specular artifact burden. Targeted self-probes for this visible_text question supported the primary answer: Text is present in the image; text observed in upper-right and center-left regions; text is present and obscures anatomical landmarks. Overall support is moderate; the reliability score combines morphology/TDA saliency, heatmap concentration, color/texture support, artifact burden, answer specificity, and self-probe agreement. The original question was: Is text visible on the image?. This explanation is intended for clinician review and should be interpreted alongside the image rather than as a standalone diagnosis.
visual_explanation_summary:
- type=heatmap; path=visuals/0120_heatmap.png; description=Fresh CATA-Final / D1 heatmap combining morphology/TDA saliency, color/edge evidence, and artifact suppression.
- type=evidence_json; path=visuals/0120_evidence.json; description=Structured visual evidence and confidence inputs used by the explanation generator.

Remember: return strict JSON only."
26,124,clb0lbx1edqck086u8ak4c4gr,In which region of the image is the instrument located?,instrument positioned in upper-central area,"Score each criterion from 1 to 5:
1 = poor, 2 = weak, 3 = acceptable, 4 = good, 5 = excellent.

Criteria:
- correctness: the answer and explanation are consistent with the question and available reference information.
- faithfulness: the explanation supports the predicted answer without inventing unsupported claims.
- relevance: the explanation focuses on visual/question evidence that matters for the answer.
- clarity: the explanation is readable, concise, and clinically understandable.
- completeness: the explanation covers the key evidence needed to justify the answer.

Return JSON with exactly these keys:
{
  ""correctness"": <integer 1-5>,
  ""faithfulness"": <integer 1-5>,
  ""relevance"": <integer 1-5>,
  ""clarity"": <integer 1-5>,
  ""completeness"": <integer 1-5>,
  ""rationale"": ""short explanation""
}

Evaluate this Task 2 explanation.

val_id: 124
img_id: clb0lbx1edqck086u8ak4c4gr
question: In which region of the image is the instrument located?
reference_answer_if_available: 
predicted_answer: instrument positioned in upper-central area
confidence_score: 0.95
textual_explanation: The CATA-Final model predicts ""instrument positioned in upper-central area"". The newly generated visual explanation highlights morphology/TDA structural support, color and mucosal-texture support, a relatively focal heatmap region. Targeted self-probes for this instrument question supported the primary answer: tube visible in the abdominal region; in multiple regions including center, upper-left, and lower-center; No visible instruments detected. Overall support is moderate; the reliability score combines morphology/TDA saliency, heatmap concentration, color/texture support, artifact burden, answer specificity, and self-probe agreement. The original question was: In which region of the image is the instrument located?. This explanation is intended for clinician review and should be interpreted alongside the image rather than as a standalone diagnosis.
visual_explanation_summary:
- type=heatmap; path=visuals/0124_heatmap.png; description=Fresh CATA-Final / D1 heatmap combining morphology/TDA saliency, color/edge evidence, and artifact suppression.
- type=evidence_json; path=visuals/0124_evidence.json; description=Structured visual evidence and confidence inputs used by the explanation generator.

Remember: return strict JSON only."
27,130,cla820gmes5nn071u4li1c0zd,Is there any text visible on the image?,text is present on the image,"Score each criterion from 1 to 5:
1 = poor, 2 = weak, 3 = acceptable, 4 = good, 5 = excellent.

Criteria:
- correctness: the answer and explanation are consistent with the question and available reference information.
- faithfulness: the explanation supports the predicted answer without inventing unsupported claims.
- relevance: the explanation focuses on visual/question evidence that matters for the answer.
- clarity: the explanation is readable, concise, and clinically understandable.
- completeness: the explanation covers the key evidence needed to justify the answer.

Return JSON with exactly these keys:
{
  ""correctness"": <integer 1-5>,
  ""faithfulness"": <integer 1-5>,
  ""relevance"": <integer 1-5>,
  ""clarity"": <integer 1-5>,
  ""completeness"": <integer 1-5>,
  ""rationale"": ""short explanation""
}

Evaluate this Task 2 explanation.

val_id: 130
img_id: cla820gmes5nn071u4li1c0zd
question: Is there any text visible on the image?
reference_answer_if_available: 
predicted_answer: text is present on the image
confidence_score: 0.95
textual_explanation: The CATA-Final model predicts ""text is present on the image"". The newly generated visual explanation highlights morphology/TDA structural support, color and mucosal-texture support, a relatively focal heatmap region. Targeted self-probes for this visible_text question supported the primary answer: Text is present in the image; text observed in central and upper regions; text is present on the image. Overall support is moderate; the reliability score combines morphology/TDA saliency, heatmap concentration, color/texture support, artifact burden, answer specificity, and self-probe agreement. The original question was: Is there any text visible on the image?. This explanation is intended for clinician review and should be interpreted alongside the image rather than as a standalone diagnosis.
visual_explanation_summary:
- type=heatmap; path=visuals/0130_heatmap.png; description=Fresh CATA-Final / D1 heatmap combining morphology/TDA saliency, color/edge evidence, and artifact suppression.
- type=evidence_json; path=visuals/0130_evidence.json; description=Structured visual evidence and confidence inputs used by the explanation generator.

Remember: return strict JSON only."
28,131,cla820glhs4hv071ubw6ad94k,Is there any visible instrumentation in the image?,No foreign instruments observed,"Score each criterion from 1 to 5:
1 = poor, 2 = weak, 3 = acceptable, 4 = good, 5 = excellent.

Criteria:
- correctness: the answer and explanation are consistent with the question and available reference information.
- faithfulness: the explanation supports the predicted answer without inventing unsupported claims.
- relevance: the explanation focuses on visual/question evidence that matters for the answer.
- clarity: the explanation is readable, concise, and clinically understandable.
- completeness: the explanation covers the key evidence needed to justify the answer.

Return JSON with exactly these keys:
{
  ""correctness"": <integer 1-5>,
  ""faithfulness"": <integer 1-5>,
  ""relevance"": <integer 1-5>,
  ""clarity"": <integer 1-5>,
  ""completeness"": <integer 1-5>,
  ""rationale"": ""short explanation""
}

Evaluate this Task 2 explanation.

val_id: 131
img_id: cla820glhs4hv071ubw6ad94k
question: Is there any visible instrumentation in the image?
reference_answer_if_available: 
predicted_answer: No foreign instruments observed
confidence_score: 0.95
textual_explanation: The CATA-Final model predicts ""No foreign instruments observed"". The newly generated visual explanation highlights morphology/TDA structural support, color and mucosal-texture support, a relatively focal heatmap region. Targeted self-probes for this instrument question supported the primary answer: No foreign bodies or instruments observed; No instruments are visible in the image; No surgical instruments visualized. Overall support is moderate; the reliability score combines morphology/TDA saliency, heatmap concentration, color/texture support, artifact burden, answer specificity, and self-probe agreement. The original question was: Is there any visible instrumentation in the image?. This explanation is intended for clinician review and should be interpreted alongside the image rather than as a standalone diagnosis.
visual_explanation_summary:
- type=heatmap; path=visuals/0131_heatmap.png; description=Fresh CATA-Final / D1 heatmap combining morphology/TDA saliency, color/edge evidence, and artifact suppression.
- type=evidence_json; path=visuals/0131_evidence.json; description=Structured visual evidence and confidence inputs used by the explanation generator.

Remember: return strict JSON only."
29,135,cl8k2u1py1e9n08323ib9897h,What type of polyp is observed in the gastrointestinal tract?,evidence of paris-type polyp,"Score each criterion from 1 to 5:
1 = poor, 2 = weak, 3 = acceptable, 4 = good, 5 = excellent.

Criteria:
- correctness: the answer and explanation are consistent with the question and available reference information.
- faithfulness: the explanation supports the predicted answer without inventing unsupported claims.
- relevance: the explanation focuses on visual/question evidence that matters for the answer.
- clarity: the explanation is readable, concise, and clinically understandable.
- completeness: the explanation covers the key evidence needed to justify the answer.

Return JSON with exactly these keys:
{
  ""correctness"": <integer 1-5>,
  ""faithfulness"": <integer 1-5>,
  ""relevance"": <integer 1-5>,
  ""clarity"": <integer 1-5>,
  ""completeness"": <integer 1-5>,
  ""rationale"": ""short explanation""
}

Evaluate this Task 2 explanation.

val_id: 135
img_id: cl8k2u1py1e9n08323ib9897h
question: What type of polyp is observed in the gastrointestinal tract?
reference_answer_if_available: 
predicted_answer: evidence of paris-type polyp
confidence_score: 0.95
textual_explanation: The CATA-Final model predicts ""evidence of paris-type polyp"". The newly generated visual explanation highlights morphology/TDA structural support, color and mucosal-texture support, a relatively focal heatmap region, possible specular artifact burden. Targeted self-probes for this lesion question supported the primary answer: presence of a polypoid lesion noted; The lesion exhibits a polypoid appearance and is distributed across multiple regions including central, upper, lower, left, right, and lateral areas.; evidence of mucosal polyp. Overall support is moderate; the reliability score combines morphology/TDA saliency, heatmap concentration, color/texture support, artifact burden, answer specificity, and self-probe agreement. The original question was: What type of polyp is observed in the gastrointestinal tract?. This explanation is intended for clinician review and should be interpreted alongside the image rather than as a standalone diagnosis.
visual_explanation_summary:
- type=heatmap; path=visuals/0135_heatmap.png; description=Fresh CATA-Final / D1 heatmap combining morphology/TDA saliency, color/edge evidence, and artifact suppression.
- type=evidence_json; path=visuals/0135_evidence.json; description=Structured visual evidence and confidence inputs used by the explanation generator.

Remember: return strict JSON only."
30,138,cla820gmss687071u71az3czg,Are there any medical instruments visible in the image?,No foreign bodies or instruments observed,"Score each criterion from 1 to 5:
1 = poor, 2 = weak, 3 = acceptable, 4 = good, 5 = excellent.

Criteria:
- correctness: the answer and explanation are consistent with the question and available reference information.
- faithfulness: the explanation supports the predicted answer without inventing unsupported claims.
- relevance: the explanation focuses on visual/question evidence that matters for the answer.
- clarity: the explanation is readable, concise, and clinically understandable.
- completeness: the explanation covers the key evidence needed to justify the answer.

Return JSON with exactly these keys:
{
  ""correctness"": <integer 1-5>,
  ""faithfulness"": <integer 1-5>,
  ""relevance"": <integer 1-5>,
  ""clarity"": <integer 1-5>,
  ""completeness"": <integer 1-5>,
  ""rationale"": ""short explanation""
}

Evaluate this Task 2 explanation.

val_id: 138
img_id: cla820gmss687071u71az3czg
question: Are there any medical instruments visible in the image?
reference_answer_if_available: 
predicted_answer: No foreign bodies or instruments observed
confidence_score: 0.8577
textual_explanation: The CATA-Final model predicts ""No foreign bodies or instruments observed"". The newly generated visual explanation highlights morphology/TDA structural support, color and mucosal-texture support, a relatively focal heatmap region. Targeted self-probes for this instrument question supported the primary answer: No foreign bodies or instruments observed; No instruments are visible in the image; No surgical instruments visualized. Overall support is moderate; the reliability score combines morphology/TDA saliency, heatmap concentration, color/texture support, artifact burden, answer specificity, and self-probe agreement. The original question was: Are there any medical instruments visible in the image?. This explanation is intended for clinician review and should be interpreted alongside the image rather than as a standalone diagnosis.
visual_explanation_summary:
- type=heatmap; path=visuals/0138_heatmap.png; description=Fresh CATA-Final / D1 heatmap combining morphology/TDA saliency, color/edge evidence, and artifact suppression.
- type=evidence_json; path=visuals/0138_evidence.json; description=Structured visual evidence and confidence inputs used by the explanation generator.

Remember: return strict JSON only."
31,141,clb0lbwz5doso086uc8ik1un2,In which area of the image is the instrument located?,instrument positioned in lower central region,"Score each criterion from 1 to 5:
1 = poor, 2 = weak, 3 = acceptable, 4 = good, 5 = excellent.

Criteria:
- correctness: the answer and explanation are consistent with the question and available reference information.
- faithfulness: the explanation supports the predicted answer without inventing unsupported claims.
- relevance: the explanation focuses on visual/question evidence that matters for the answer.
- clarity: the explanation is readable, concise, and clinically understandable.
- completeness: the explanation covers the key evidence needed to justify the answer.

Return JSON with exactly these keys:
{
  ""correctness"": <integer 1-5>,
  ""faithfulness"": <integer 1-5>,
  ""relevance"": <integer 1-5>,
  ""clarity"": <integer 1-5>,
  ""completeness"": <integer 1-5>,
  ""rationale"": ""short explanation""
}

Evaluate this Task 2 explanation.

val_id: 141
img_id: clb0lbwz5doso086uc8ik1un2
question: In which area of the image is the instrument located?
reference_answer_if_available: 
predicted_answer: instrument positioned in lower central region
confidence_score: 0.95
textual_explanation: The CATA-Final model predicts ""instrument positioned in lower central region"". The newly generated visual explanation highlights morphology/TDA structural support, color and mucosal-texture support, a relatively focal heatmap region. Targeted self-probes for this instrument question supported the primary answer: tube visible in the abdominal region; instruments located in lower central and right regions; No surgical instruments visualized. Overall support is moderate; the reliability score combines morphology/TDA saliency, heatmap concentration, color/texture support, artifact burden, answer specificity, and self-probe agreement. The original question was: In which area of the image is the instrument located?. This explanation is intended for clinician review and should be interpreted alongside the image rather than as a standalone diagnosis.
visual_explanation_summary:
- type=heatmap; path=visuals/0141_heatmap.png; description=Fresh CATA-Final / D1 heatmap combining morphology/TDA saliency, color/edge evidence, and artifact suppression.
- type=evidence_json; path=visuals/0141_evidence.json; description=Structured visual evidence and confidence inputs used by the explanation generator.

Remember: return strict JSON only."
32,142,clb0kvxw991us074yf73d80ry,Are there any medical devices visible in the image?,No foreign objects detected,"Score each criterion from 1 to 5:
1 = poor, 2 = weak, 3 = acceptable, 4 = good, 5 = excellent.

Criteria:
- correctness: the answer and explanation are consistent with the question and available reference information.
- faithfulness: the explanation supports the predicted answer without inventing unsupported claims.
- relevance: the explanation focuses on visual/question evidence that matters for the answer.
- clarity: the explanation is readable, concise, and clinically understandable.
- completeness: the explanation covers the key evidence needed to justify the answer.

Return JSON with exactly these keys:
{
  ""correctness"": <integer 1-5>,
  ""faithfulness"": <integer 1-5>,
  ""relevance"": <integer 1-5>,
  ""clarity"": <integer 1-5>,
  ""completeness"": <integer 1-5>,
  ""rationale"": ""short explanation""
}

Evaluate this Task 2 explanation.

val_id: 142
img_id: clb0kvxw991us074yf73d80ry
question: Are there any medical devices visible in the image?
reference_answer_if_available: 
predicted_answer: No foreign objects detected
confidence_score: 0.5442
textual_explanation: The CATA-Final model predicts ""No foreign objects detected"". The newly generated visual explanation highlights morphology/TDA structural support, color and mucosal-texture support, a relatively focal heatmap region, possible specular artifact burden. Targeted self-probes for this generic question produced mixed support: evidence of esophageal inflammation; No evidence of imaging artifacts present; evidence distributed across multiple regions. Because these probes do not fully agree with the primary answer, the explanation is treated cautiously. Overall support is mixed; the reliability score combines morphology/TDA saliency, heatmap concentration, color/texture support, artifact burden, answer specificity, and self-probe agreement. The original question was: Are there any medical devices visible in the image?. This explanation is intended for clinician review and should be interpreted alongside the image rather than as a standalone diagnosis.
visual_explanation_summary:
- type=heatmap; path=visuals/0142_heatmap.png; description=Fresh CATA-Final / D1 heatmap combining morphology/TDA saliency, color/edge evidence, and artifact suppression.
- type=evidence_json; path=visuals/0142_evidence.json; description=Structured visual evidence and confidence inputs used by the explanation generator.

Remember: return strict JSON only."
33,145,clb0kvxw391k8074y2o7iepif,Are there any surgical instruments present in the image?,No surgical instruments visualized,"Score each criterion from 1 to 5:
1 = poor, 2 = weak, 3 = acceptable, 4 = good, 5 = excellent.

Criteria:
- correctness: the answer and explanation are consistent with the question and available reference information.
- faithfulness: the explanation supports the predicted answer without inventing unsupported claims.
- relevance: the explanation focuses on visual/question evidence that matters for the answer.
- clarity: the explanation is readable, concise, and clinically understandable.
- completeness: the explanation covers the key evidence needed to justify the answer.

Return JSON with exactly these keys:
{
  ""correctness"": <integer 1-5>,
  ""faithfulness"": <integer 1-5>,
  ""relevance"": <integer 1-5>,
  ""clarity"": <integer 1-5>,
  ""completeness"": <integer 1-5>,
  ""rationale"": ""short explanation""
}

Evaluate this Task 2 explanation.

val_id: 145
img_id: clb0kvxw391k8074y2o7iepif
question: Are there any surgical instruments present in the image?
reference_answer_if_available: 
predicted_answer: No surgical instruments visualized
confidence_score: 0.8206
textual_explanation: The CATA-Final model predicts ""No surgical instruments visualized"". The newly generated visual explanation highlights morphology/TDA structural support, color and mucosal-texture support, a relatively focal heatmap region, possible specular artifact burden. Targeted self-probes for this instrument question supported the primary answer: No foreign bodies or instruments observed; No instruments are visible in the image; No surgical instruments visualized. Overall support is moderate; the reliability score combines morphology/TDA saliency, heatmap concentration, color/texture support, artifact burden, answer specificity, and self-probe agreement. The original question was: Are there any surgical instruments present in the image?. This explanation is intended for clinician review and should be interpreted alongside the image rather than as a standalone diagnosis.
visual_explanation_summary:
- type=heatmap; path=visuals/0145_heatmap.png; description=Fresh CATA-Final / D1 heatmap combining morphology/TDA saliency, color/edge evidence, and artifact suppression.
- type=evidence_json; path=visuals/0145_evidence.json; description=Structured visual evidence and confidence inputs used by the explanation generator.

Remember: return strict JSON only."
34,146,cl8k2u1ra1ftn08327988gp37,Are there any abnormalities visible in the image?,evidence of colonic polyp,"Score each criterion from 1 to 5:
1 = poor, 2 = weak, 3 = acceptable, 4 = good, 5 = excellent.

Criteria:
- correctness: the answer and explanation are consistent with the question and available reference information.
- faithfulness: the explanation supports the predicted answer without inventing unsupported claims.
- relevance: the explanation focuses on visual/question evidence that matters for the answer.
- clarity: the explanation is readable, concise, and clinically understandable.
- completeness: the explanation covers the key evidence needed to justify the answer.

Return JSON with exactly these keys:
{
  ""correctness"": <integer 1-5>,
  ""faithfulness"": <integer 1-5>,
  ""relevance"": <integer 1-5>,
  ""clarity"": <integer 1-5>,
  ""completeness"": <integer 1-5>,
  ""rationale"": ""short explanation""
}

Evaluate this Task 2 explanation.

val_id: 146
img_id: cl8k2u1ra1ftn08327988gp37
question: Are there any abnormalities visible in the image?
reference_answer_if_available: 
predicted_answer: evidence of colonic polyp
confidence_score: 0.95
textual_explanation: The CATA-Final model predicts ""evidence of colonic polyp"". The newly generated visual explanation highlights morphology/TDA structural support, color and mucosal-texture support, a relatively focal heatmap region. Targeted self-probes for this lesion question supported the primary answer: Findings suggest presence of a polypoid lesion; The lesion exhibits a polypoid morphology and is distributed in the central, upper-right, lower-center, and lower-left regions.; evidence of mucosal polypoid lesion. Overall support is moderate; the reliability score combines morphology/TDA saliency, heatmap concentration, color/texture support, artifact burden, answer specificity, and self-probe agreement. The original question was: Are there any abnormalities visible in the image?. This explanation is intended for clinician review and should be interpreted alongside the image rather than as a standalone diagnosis.
visual_explanation_summary:
- type=heatmap; path=visuals/0146_heatmap.png; description=Fresh CATA-Final / D1 heatmap combining morphology/TDA saliency, color/edge evidence, and artifact suppression.
- type=evidence_json; path=visuals/0146_evidence.json; description=Structured visual evidence and confidence inputs used by the explanation generator.

Remember: return strict JSON only."
35,154,clb0kvxvq9138074yc8b220oa,Are there any surgical instruments visible in the image?,No surgical instruments observed,"Score each criterion from 1 to 5:
1 = poor, 2 = weak, 3 = acceptable, 4 = good, 5 = excellent.

Criteria:
- correctness: the answer and explanation are consistent with the question and available reference information.
- faithfulness: the explanation supports the predicted answer without inventing unsupported claims.
- relevance: the explanation focuses on visual/question evidence that matters for the answer.
- clarity: the explanation is readable, concise, and clinically understandable.
- completeness: the explanation covers the key evidence needed to justify the answer.

Return JSON with exactly these keys:
{
  ""correctness"": <integer 1-5>,
  ""faithfulness"": <integer 1-5>,
  ""relevance"": <integer 1-5>,
  ""clarity"": <integer 1-5>,
  ""completeness"": <integer 1-5>,
  ""rationale"": ""short explanation""
}

Evaluate this Task 2 explanation.

val_id: 154
img_id: clb0kvxvq9138074yc8b220oa
question: Are there any surgical instruments visible in the image?
reference_answer_if_available: 
predicted_answer: No surgical instruments observed
confidence_score: 0.8156
textual_explanation: The CATA-Final model predicts ""No surgical instruments observed"". The newly generated visual explanation highlights morphology/TDA structural support, color and mucosal-texture support, a relatively focal heatmap region. Targeted self-probes for this instrument question supported the primary answer: No foreign bodies or instruments observed; in multiple regions including center, upper-left, and lower-center; No surgical instruments visualized. Overall support is moderate; the reliability score combines morphology/TDA saliency, heatmap concentration, color/texture support, artifact burden, answer specificity, and self-probe agreement. The original question was: Are there any surgical instruments visible in the image?. This explanation is intended for clinician review and should be interpreted alongside the image rather than as a standalone diagnosis.
visual_explanation_summary:
- type=heatmap; path=visuals/0154_heatmap.png; description=Fresh CATA-Final / D1 heatmap combining morphology/TDA saliency, color/edge evidence, and artifact suppression.
- type=evidence_json; path=visuals/0154_evidence.json; description=Structured visual evidence and confidence inputs used by the explanation generator.

Remember: return strict JSON only."
36,161,cl8k2u1rg1g3v08325qs2h86r,What type of polyp is identified in the image?,evidence of paris-type polyp,"Score each criterion from 1 to 5:
1 = poor, 2 = weak, 3 = acceptable, 4 = good, 5 = excellent.

Criteria:
- correctness: the answer and explanation are consistent with the question and available reference information.
- faithfulness: the explanation supports the predicted answer without inventing unsupported claims.
- relevance: the explanation focuses on visual/question evidence that matters for the answer.
- clarity: the explanation is readable, concise, and clinically understandable.
- completeness: the explanation covers the key evidence needed to justify the answer.

Return JSON with exactly these keys:
{
  ""correctness"": <integer 1-5>,
  ""faithfulness"": <integer 1-5>,
  ""relevance"": <integer 1-5>,
  ""clarity"": <integer 1-5>,
  ""completeness"": <integer 1-5>,
  ""rationale"": ""short explanation""
}

Evaluate this Task 2 explanation.

val_id: 161
img_id: cl8k2u1rg1g3v08325qs2h86r
question: What type of polyp is identified in the image?
reference_answer_if_available: 
predicted_answer: evidence of paris-type polyp
confidence_score: 0.9448
textual_explanation: The CATA-Final model predicts ""evidence of paris-type polyp"". The newly generated visual explanation highlights morphology/TDA structural support, color and mucosal-texture support, a relatively focal heatmap region. Targeted self-probes for this lesion question supported the primary answer: Findings suggest presence of a polypoid lesion; The lesion exhibits a polypoid appearance and is located in the central region.; evidence of mucosal polypoid lesion. Overall support is moderate; the reliability score combines morphology/TDA saliency, heatmap concentration, color/texture support, artifact burden, answer specificity, and self-probe agreement. The original question was: What type of polyp is identified in the image?. This explanation is intended for clinician review and should be interpreted alongside the image rather than as a standalone diagnosis.
visual_explanation_summary:
- type=heatmap; path=visuals/0161_heatmap.png; description=Fresh CATA-Final / D1 heatmap combining morphology/TDA saliency, color/edge evidence, and artifact suppression.
- type=evidence_json; path=visuals/0161_evidence.json; description=Structured visual evidence and confidence inputs used by the explanation generator.

Remember: return strict JSON only."
37,163,clb0kvxv4902c074y4kum48zx,In which regions of the image is the abnormality located?,abnormality scattered across multiple quadrants,"Score each criterion from 1 to 5:
1 = poor, 2 = weak, 3 = acceptable, 4 = good, 5 = excellent.

Criteria:
- correctness: the answer and explanation are consistent with the question and available reference information.
- faithfulness: the explanation supports the predicted answer without inventing unsupported claims.
- relevance: the explanation focuses on visual/question evidence that matters for the answer.
- clarity: the explanation is readable, concise, and clinically understandable.
- completeness: the explanation covers the key evidence needed to justify the answer.

Return JSON with exactly these keys:
{
  ""correctness"": <integer 1-5>,
  ""faithfulness"": <integer 1-5>,
  ""relevance"": <integer 1-5>,
  ""clarity"": <integer 1-5>,
  ""completeness"": <integer 1-5>,
  ""rationale"": ""short explanation""
}

Evaluate this Task 2 explanation.

val_id: 163
img_id: clb0kvxv4902c074y4kum48zx
question: In which regions of the image is the abnormality located?
reference_answer_if_available: 
predicted_answer: abnormality scattered across multiple quadrants
confidence_score: 0.8133
textual_explanation: The CATA-Final model predicts ""abnormality scattered across multiple quadrants"". The newly generated visual explanation highlights morphology/TDA structural support, color and mucosal-texture support, a relatively focal heatmap region, possible specular artifact burden. Targeted self-probes for this location question supported the primary answer: abnormalities scattered across multiple regions; No evidence is present in any specific anatomical location.; scattered across multiple areas including center, upper, and lower quadrants. Overall support is moderate; the reliability score combines morphology/TDA saliency, heatmap concentration, color/texture support, artifact burden, answer specificity, and self-probe agreement. The original question was: In which regions of the image is the abnormality located?. This explanation is intended for clinician review and should be interpreted alongside the image rather than as a standalone diagnosis.
visual_explanation_summary:
- type=heatmap; path=visuals/0163_heatmap.png; description=Fresh CATA-Final / D1 heatmap combining morphology/TDA saliency, color/edge evidence, and artifact suppression.
- type=evidence_json; path=visuals/0163_evidence.json; description=Structured visual evidence and confidence inputs used by the explanation generator.

Remember: return strict JSON only."
38,175,cla820gn6s6m7071u55bo4ffs,Are there any polyps visible in the image?,No polyps observed,"Score each criterion from 1 to 5:
1 = poor, 2 = weak, 3 = acceptable, 4 = good, 5 = excellent.

Criteria:
- correctness: the answer and explanation are consistent with the question and available reference information.
- faithfulness: the explanation supports the predicted answer without inventing unsupported claims.
- relevance: the explanation focuses on visual/question evidence that matters for the answer.
- clarity: the explanation is readable, concise, and clinically understandable.
- completeness: the explanation covers the key evidence needed to justify the answer.

Return JSON with exactly these keys:
{
  ""correctness"": <integer 1-5>,
  ""faithfulness"": <integer 1-5>,
  ""relevance"": <integer 1-5>,
  ""clarity"": <integer 1-5>,
  ""completeness"": <integer 1-5>,
  ""rationale"": ""short explanation""
}

Evaluate this Task 2 explanation.

val_id: 175
img_id: cla820gn6s6m7071u55bo4ffs
question: Are there any polyps visible in the image?
reference_answer_if_available: 
predicted_answer: No polyps observed
confidence_score: 0.7371
textual_explanation: The CATA-Final model predicts ""No polyps observed"". The newly generated visual explanation highlights morphology/TDA structural support, color and mucosal-texture support, a relatively focal heatmap region, possible specular artifact burden. Targeted self-probes for this lesion question produced mixed support: No polypoid lesion identified, with no evidence of mucosal abnormalities; No polyp identified with no central or peripheral involvement; evidence of inflammatory changes consistent with ulcerative colitis. Because these probes do not fully agree with the primary answer, the explanation is treated cautiously. Overall support is mixed; the reliability score combines morphology/TDA saliency, heatmap concentration, color/texture support, artifact burden, answer specificity, and self-probe agreement. The original question was: Are there any polyps visible in the image?. This explanation is intended for clinician review and should be interpreted alongside the image rather than as a standalone diagnosis.
visual_explanation_summary:
- type=heatmap; path=visuals/0175_heatmap.png; description=Fresh CATA-Final / D1 heatmap combining morphology/TDA saliency, color/edge evidence, and artifact suppression.
- type=evidence_json; path=visuals/0175_evidence.json; description=Structured visual evidence and confidence inputs used by the explanation generator.

Remember: return strict JSON only."
39,178,cl8k2u1r61fnj083288we6unh,Are there any surgical instruments visible in the image?,No surgical instruments observed,"Score each criterion from 1 to 5:
1 = poor, 2 = weak, 3 = acceptable, 4 = good, 5 = excellent.

Criteria:
- correctness: the answer and explanation are consistent with the question and available reference information.
- faithfulness: the explanation supports the predicted answer without inventing unsupported claims.
- relevance: the explanation focuses on visual/question evidence that matters for the answer.
- clarity: the explanation is readable, concise, and clinically understandable.
- completeness: the explanation covers the key evidence needed to justify the answer.

Return JSON with exactly these keys:
{
  ""correctness"": <integer 1-5>,
  ""faithfulness"": <integer 1-5>,
  ""relevance"": <integer 1-5>,
  ""clarity"": <integer 1-5>,
  ""completeness"": <integer 1-5>,
  ""rationale"": ""short explanation""
}

Evaluate this Task 2 explanation.

val_id: 178
img_id: cl8k2u1r61fnj083288we6unh
question: Are there any surgical instruments visible in the image?
reference_answer_if_available: 
predicted_answer: No surgical instruments observed
confidence_score: 0.7186
textual_explanation: The CATA-Final model predicts ""No surgical instruments observed"". The newly generated visual explanation highlights morphology/TDA structural support, color and mucosal-texture support, a relatively focal heatmap region, possible specular artifact burden. Targeted self-probes for this instrument question produced mixed support: No instruments observed; instruments located in lower central and right regions; No surgical instruments visualized. Because these probes do not fully agree with the primary answer, the explanation is treated cautiously. Overall support is mixed; the reliability score combines morphology/TDA saliency, heatmap concentration, color/texture support, artifact burden, answer specificity, and self-probe agreement. The original question was: Are there any surgical instruments visible in the image?. This explanation is intended for clinician review and should be interpreted alongside the image rather than as a standalone diagnosis.
visual_explanation_summary:
- type=heatmap; path=visuals/0178_heatmap.png; description=Fresh CATA-Final / D1 heatmap combining morphology/TDA saliency, color/edge evidence, and artifact suppression.
- type=evidence_json; path=visuals/0178_evidence.json; description=Structured visual evidence and confidence inputs used by the explanation generator.

Remember: return strict JSON only."
40,186,cla820gmbs5jf071u67p08abp,Are there any green or black box-like artifacts present?,evidence of green and black box artifacts,"Score each criterion from 1 to 5:
1 = poor, 2 = weak, 3 = acceptable, 4 = good, 5 = excellent.

Criteria:
- correctness: the answer and explanation are consistent with the question and available reference information.
- faithfulness: the explanation supports the predicted answer without inventing unsupported claims.
- relevance: the explanation focuses on visual/question evidence that matters for the answer.
- clarity: the explanation is readable, concise, and clinically understandable.
- completeness: the explanation covers the key evidence needed to justify the answer.

Return JSON with exactly these keys:
{
  ""correctness"": <integer 1-5>,
  ""faithfulness"": <integer 1-5>,
  ""relevance"": <integer 1-5>,
  ""clarity"": <integer 1-5>,
  ""completeness"": <integer 1-5>,
  ""rationale"": ""short explanation""
}

Evaluate this Task 2 explanation.

val_id: 186
img_id: cla820gmbs5jf071u67p08abp
question: Are there any green or black box-like artifacts present?
reference_answer_if_available: 
predicted_answer: evidence of green and black box artifacts
confidence_score: 0.95
textual_explanation: The CATA-Final model predicts ""evidence of green and black box artifacts"". The newly generated visual explanation highlights morphology/TDA structural support, color and mucosal-texture support, a relatively focal heatmap region. Targeted self-probes for this color question supported the primary answer: multiple colors including pink, red, white, and yellow; evidence of mucosal erythema; Multiple color changes including pink, red, white, and yellow are present.. Overall support is moderate; the reliability score combines morphology/TDA saliency, heatmap concentration, color/texture support, artifact burden, answer specificity, and self-probe agreement. The original question was: Are there any green or black box-like artifacts present?. This explanation is intended for clinician review and should be interpreted alongside the image rather than as a standalone diagnosis.
visual_explanation_summary:
- type=heatmap; path=visuals/0186_heatmap.png; description=Fresh CATA-Final / D1 heatmap combining morphology/TDA saliency, color/edge evidence, and artifact suppression.
- type=evidence_json; path=visuals/0186_evidence.json; description=Structured visual evidence and confidence inputs used by the explanation generator.

Remember: return strict JSON only."
41,189,cla820gmps64f071uanz7g9ta,Are there any polyps visible in the image?,No polyps observed,"Score each criterion from 1 to 5:
1 = poor, 2 = weak, 3 = acceptable, 4 = good, 5 = excellent.

Criteria:
- correctness: the answer and explanation are consistent with the question and available reference information.
- faithfulness: the explanation supports the predicted answer without inventing unsupported claims.
- relevance: the explanation focuses on visual/question evidence that matters for the answer.
- clarity: the explanation is readable, concise, and clinically understandable.
- completeness: the explanation covers the key evidence needed to justify the answer.

Return JSON with exactly these keys:
{
  ""correctness"": <integer 1-5>,
  ""faithfulness"": <integer 1-5>,
  ""relevance"": <integer 1-5>,
  ""clarity"": <integer 1-5>,
  ""completeness"": <integer 1-5>,
  ""rationale"": ""short explanation""
}

Evaluate this Task 2 explanation.

val_id: 189
img_id: cla820gmps64f071uanz7g9ta
question: Are there any polyps visible in the image?
reference_answer_if_available: 
predicted_answer: No polyps observed
confidence_score: 0.7887
textual_explanation: The CATA-Final model predicts ""No polyps observed"". The newly generated visual explanation highlights morphology/TDA structural support, color and mucosal-texture support, a relatively focal heatmap region. Targeted self-probes for this lesion question produced mixed support: No polypoid lesion identified, with no evidence of abnormal mucosal changes; No polyp identified with no central or upper-lower region involvement.; evidence of inflammatory changes consistent with ulcerative colitis. Because these probes do not fully agree with the primary answer, the explanation is treated cautiously. Overall support is mixed; the reliability score combines morphology/TDA saliency, heatmap concentration, color/texture support, artifact burden, answer specificity, and self-probe agreement. The original question was: Are there any polyps visible in the image?. This explanation is intended for clinician review and should be interpreted alongside the image rather than as a standalone diagnosis.
visual_explanation_summary:
- type=heatmap; path=visuals/0189_heatmap.png; description=Fresh CATA-Final / D1 heatmap combining morphology/TDA saliency, color/edge evidence, and artifact suppression.
- type=evidence_json; path=visuals/0189_evidence.json; description=Structured visual evidence and confidence inputs used by the explanation generator.

Remember: return strict JSON only."
42,191,cl8k2u1qj1exj08326vlp9nev,How many abnormalities are visible?,one abnormal finding present,"Score each criterion from 1 to 5:
1 = poor, 2 = weak, 3 = acceptable, 4 = good, 5 = excellent.

Criteria:
- correctness: the answer and explanation are consistent with the question and available reference information.
- faithfulness: the explanation supports the predicted answer without inventing unsupported claims.
- relevance: the explanation focuses on visual/question evidence that matters for the answer.
- clarity: the explanation is readable, concise, and clinically understandable.
- completeness: the explanation covers the key evidence needed to justify the answer.

Return JSON with exactly these keys:
{
  ""correctness"": <integer 1-5>,
  ""faithfulness"": <integer 1-5>,
  ""relevance"": <integer 1-5>,
  ""clarity"": <integer 1-5>,
  ""completeness"": <integer 1-5>,
  ""rationale"": ""short explanation""
}

Evaluate this Task 2 explanation.

val_id: 191
img_id: cl8k2u1qj1exj08326vlp9nev
question: How many abnormalities are visible?
reference_answer_if_available: 
predicted_answer: one abnormal finding present
confidence_score: 0.95
textual_explanation: The CATA-Final model predicts ""one abnormal finding present"". The newly generated visual explanation highlights morphology/TDA structural support, color and mucosal-texture support, a relatively focal heatmap region, possible specular artifact burden. Targeted self-probes for this count question supported the primary answer: one abnormal finding present; One abnormal finding noted; No abnormal findings noted. Overall support is moderate; the reliability score combines morphology/TDA saliency, heatmap concentration, color/texture support, artifact burden, answer specificity, and self-probe agreement. The original question was: How many abnormalities are visible?. This explanation is intended for clinician review and should be interpreted alongside the image rather than as a standalone diagnosis.
visual_explanation_summary:
- type=heatmap; path=visuals/0191_heatmap.png; description=Fresh CATA-Final / D1 heatmap combining morphology/TDA saliency, color/edge evidence, and artifact suppression.
- type=evidence_json; path=visuals/0191_evidence.json; description=Structured visual evidence and confidence inputs used by the explanation generator.

Remember: return strict JSON only."
43,193,cl8k2u1r61fnf08324uoa6t6w,Where is the abnormality located in the image?,abnormality scattered across central and upper regions,"Score each criterion from 1 to 5:
1 = poor, 2 = weak, 3 = acceptable, 4 = good, 5 = excellent.

Criteria:
- correctness: the answer and explanation are consistent with the question and available reference information.
- faithfulness: the explanation supports the predicted answer without inventing unsupported claims.
- relevance: the explanation focuses on visual/question evidence that matters for the answer.
- clarity: the explanation is readable, concise, and clinically understandable.
- completeness: the explanation covers the key evidence needed to justify the answer.

Return JSON with exactly these keys:
{
  ""correctness"": <integer 1-5>,
  ""faithfulness"": <integer 1-5>,
  ""relevance"": <integer 1-5>,
  ""clarity"": <integer 1-5>,
  ""completeness"": <integer 1-5>,
  ""rationale"": ""short explanation""
}

Evaluate this Task 2 explanation.

val_id: 193
img_id: cl8k2u1r61fnf08324uoa6t6w
question: Where is the abnormality located in the image?
reference_answer_if_available: 
predicted_answer: abnormality scattered across central and upper regions
confidence_score: 0.95
textual_explanation: The CATA-Final model predicts ""abnormality scattered across central and upper regions"". The newly generated visual explanation highlights morphology/TDA structural support, color and mucosal-texture support, a relatively focal heatmap region, possible specular artifact burden. Targeted self-probes for this location question supported the primary answer: abnormality observed in central and upper-central regions; No evidence is present in the central, upper, lower, left, or right regions.; evidence distributed across central and upper regions. Overall support is moderate; the reliability score combines morphology/TDA saliency, heatmap concentration, color/texture support, artifact burden, answer specificity, and self-probe agreement. The original question was: Where is the abnormality located in the image?. This explanation is intended for clinician review and should be interpreted alongside the image rather than as a standalone diagnosis.
visual_explanation_summary:
- type=heatmap; path=visuals/0193_heatmap.png; description=Fresh CATA-Final / D1 heatmap combining morphology/TDA saliency, color/edge evidence, and artifact suppression.
- type=evidence_json; path=visuals/0193_evidence.json; description=Structured visual evidence and confidence inputs used by the explanation generator.

Remember: return strict JSON only."
44,198,cl8k2u1qz1fi70832fsehh1fd,Is there any text present?,No text observed,"Score each criterion from 1 to 5:
1 = poor, 2 = weak, 3 = acceptable, 4 = good, 5 = excellent.

Criteria:
- correctness: the answer and explanation are consistent with the question and available reference information.
- faithfulness: the explanation supports the predicted answer without inventing unsupported claims.
- relevance: the explanation focuses on visual/question evidence that matters for the answer.
- clarity: the explanation is readable, concise, and clinically understandable.
- completeness: the explanation covers the key evidence needed to justify the answer.

Return JSON with exactly these keys:
{
  ""correctness"": <integer 1-5>,
  ""faithfulness"": <integer 1-5>,
  ""relevance"": <integer 1-5>,
  ""clarity"": <integer 1-5>,
  ""completeness"": <integer 1-5>,
  ""rationale"": ""short explanation""
}

Evaluate this Task 2 explanation.

val_id: 198
img_id: cl8k2u1qz1fi70832fsehh1fd
question: Is there any text present?
reference_answer_if_available: 
predicted_answer: No text observed
confidence_score: 0.659
textual_explanation: The CATA-Final model predicts ""No text observed"". The newly generated visual explanation highlights morphology/TDA structural support, color and mucosal-texture support, diffuse heatmap evidence. Targeted self-probes for this visible_text question produced mixed support: No text or label observed; text observed in upper-right and lower-right regions; text is present on the image. Because these probes do not fully agree with the primary answer, the explanation is treated cautiously. Overall support is mixed; the reliability score combines morphology/TDA saliency, heatmap concentration, color/texture support, artifact burden, answer specificity, and self-probe agreement. The original question was: Is there any text present?. This explanation is intended for clinician review and should be interpreted alongside the image rather than as a standalone diagnosis.
visual_explanation_summary:
- type=heatmap; path=visuals/0198_heatmap.png; description=Fresh CATA-Final / D1 heatmap combining morphology/TDA saliency, color/edge evidence, and artifact suppression.
- type=evidence_json; path=visuals/0198_evidence.json; description=Structured visual evidence and confidence inputs used by the explanation generator.

Remember: return strict JSON only."
45,200,clb0kvxvk90u8074y10496pr9,Are there any green or black box artifacts present?,No evidence of box artifacts observed,"Score each criterion from 1 to 5:
1 = poor, 2 = weak, 3 = acceptable, 4 = good, 5 = excellent.

Criteria:
- correctness: the answer and explanation are consistent with the question and available reference information.
- faithfulness: the explanation supports the predicted answer without inventing unsupported claims.
- relevance: the explanation focuses on visual/question evidence that matters for the answer.
- clarity: the explanation is readable, concise, and clinically understandable.
- completeness: the explanation covers the key evidence needed to justify the answer.

Return JSON with exactly these keys:
{
  ""correctness"": <integer 1-5>,
  ""faithfulness"": <integer 1-5>,
  ""relevance"": <integer 1-5>,
  ""clarity"": <integer 1-5>,
  ""completeness"": <integer 1-5>,
  ""rationale"": ""short explanation""
}

Evaluate this Task 2 explanation.

val_id: 200
img_id: clb0kvxvk90u8074y10496pr9
question: Are there any green or black box artifacts present?
reference_answer_if_available: 
predicted_answer: No evidence of box artifacts observed
confidence_score: 0.7726
textual_explanation: The CATA-Final model predicts ""No evidence of box artifacts observed"". The newly generated visual explanation highlights morphology/TDA structural support, color and mucosal-texture support, a relatively focal heatmap region. Targeted self-probes for this color question produced mixed support: pink, red, and white lesions observed; mucosal erythema present; multiple color changes including pink, red, white, and grey. Because these probes do not fully agree with the primary answer, the explanation is treated cautiously. Overall support is mixed; the reliability score combines morphology/TDA saliency, heatmap concentration, color/texture support, artifact burden, answer specificity, and self-probe agreement. The original question was: Are there any green or black box artifacts present?. This explanation is intended for clinician review and should be interpreted alongside the image rather than as a standalone diagnosis.
visual_explanation_summary:
- type=heatmap; path=visuals/0200_heatmap.png; description=Fresh CATA-Final / D1 heatmap combining morphology/TDA saliency, color/edge evidence, and artifact suppression.
- type=evidence_json; path=visuals/0200_evidence.json; description=Structured visual evidence and confidence inputs used by the explanation generator.

Remember: return strict JSON only."
46,201,cla820glus4yb071u71nia0yw,How many distinct abnormalities are observed?,one abnormal finding present,"Score each criterion from 1 to 5:
1 = poor, 2 = weak, 3 = acceptable, 4 = good, 5 = excellent.

Criteria:
- correctness: the answer and explanation are consistent with the question and available reference information.
- faithfulness: the explanation supports the predicted answer without inventing unsupported claims.
- relevance: the explanation focuses on visual/question evidence that matters for the answer.
- clarity: the explanation is readable, concise, and clinically understandable.
- completeness: the explanation covers the key evidence needed to justify the answer.

Return JSON with exactly these keys:
{
  ""correctness"": <integer 1-5>,
  ""faithfulness"": <integer 1-5>,
  ""relevance"": <integer 1-5>,
  ""clarity"": <integer 1-5>,
  ""completeness"": <integer 1-5>,
  ""rationale"": ""short explanation""
}

Evaluate this Task 2 explanation.

val_id: 201
img_id: cla820glus4yb071u71nia0yw
question: How many distinct abnormalities are observed?
reference_answer_if_available: 
predicted_answer: one abnormal finding present
confidence_score: 0.95
textual_explanation: The CATA-Final model predicts ""one abnormal finding present"". The newly generated visual explanation highlights morphology/TDA structural support, color and mucosal-texture support, a relatively focal heatmap region. Targeted self-probes for this count question supported the primary answer: one abnormal area noted; One abnormal finding noted; No evidence of ulcerative colitis. Overall support is moderate; the reliability score combines morphology/TDA saliency, heatmap concentration, color/texture support, artifact burden, answer specificity, and self-probe agreement. The original question was: How many distinct abnormalities are observed?. This explanation is intended for clinician review and should be interpreted alongside the image rather than as a standalone diagnosis.
visual_explanation_summary:
- type=heatmap; path=visuals/0201_heatmap.png; description=Fresh CATA-Final / D1 heatmap combining morphology/TDA saliency, color/edge evidence, and artifact suppression.
- type=evidence_json; path=visuals/0201_evidence.json; description=Structured visual evidence and confidence inputs used by the explanation generator.

Remember: return strict JSON only."
47,206,cla820glcs47r071ufos036pr,Is there any visible instrument in the image?,No instruments are visible,"Score each criterion from 1 to 5:
1 = poor, 2 = weak, 3 = acceptable, 4 = good, 5 = excellent.

Criteria:
- correctness: the answer and explanation are consistent with the question and available reference information.
- faithfulness: the explanation supports the predicted answer without inventing unsupported claims.
- relevance: the explanation focuses on visual/question evidence that matters for the answer.
- clarity: the explanation is readable, concise, and clinically understandable.
- completeness: the explanation covers the key evidence needed to justify the answer.

Return JSON with exactly these keys:
{
  ""correctness"": <integer 1-5>,
  ""faithfulness"": <integer 1-5>,
  ""relevance"": <integer 1-5>,
  ""clarity"": <integer 1-5>,
  ""completeness"": <integer 1-5>,
  ""rationale"": ""short explanation""
}

Evaluate this Task 2 explanation.

val_id: 206
img_id: cla820glcs47r071ufos036pr
question: Is there any visible instrument in the image?
reference_answer_if_available: 
predicted_answer: No instruments are visible
confidence_score: 0.9454
textual_explanation: The CATA-Final model predicts ""No instruments are visible"". The newly generated visual explanation highlights morphology/TDA structural support, color and mucosal-texture support, a relatively focal heatmap region. Targeted self-probes for this instrument question supported the primary answer: No foreign bodies or instruments observed; No instruments are visible in the image; No surgical instruments visualized. Overall support is moderate; the reliability score combines morphology/TDA saliency, heatmap concentration, color/texture support, artifact burden, answer specificity, and self-probe agreement. The original question was: Is there any visible instrument in the image?. This explanation is intended for clinician review and should be interpreted alongside the image rather than as a standalone diagnosis.
visual_explanation_summary:
- type=heatmap; path=visuals/0206_heatmap.png; description=Fresh CATA-Final / D1 heatmap combining morphology/TDA saliency, color/edge evidence, and artifact suppression.
- type=evidence_json; path=visuals/0206_evidence.json; description=Structured visual evidence and confidence inputs used by the explanation generator.

Remember: return strict JSON only."
48,209,clb0lbwyydol0086u5kr4c037,Which instruments are visible in the image?,tube visible in the abdominal region,"Score each criterion from 1 to 5:
1 = poor, 2 = weak, 3 = acceptable, 4 = good, 5 = excellent.

Criteria:
- correctness: the answer and explanation are consistent with the question and available reference information.
- faithfulness: the explanation supports the predicted answer without inventing unsupported claims.
- relevance: the explanation focuses on visual/question evidence that matters for the answer.
- clarity: the explanation is readable, concise, and clinically understandable.
- completeness: the explanation covers the key evidence needed to justify the answer.

Return JSON with exactly these keys:
{
  ""correctness"": <integer 1-5>,
  ""faithfulness"": <integer 1-5>,
  ""relevance"": <integer 1-5>,
  ""clarity"": <integer 1-5>,
  ""completeness"": <integer 1-5>,
  ""rationale"": ""short explanation""
}

Evaluate this Task 2 explanation.

val_id: 209
img_id: clb0lbwyydol0086u5kr4c037
question: Which instruments are visible in the image?
reference_answer_if_available: 
predicted_answer: tube visible in the abdominal region
confidence_score: 0.95
textual_explanation: The CATA-Final model predicts ""tube visible in the abdominal region"". The newly generated visual explanation highlights morphology/TDA structural support, color and mucosal-texture support, a relatively focal heatmap region. Targeted self-probes for this instrument question supported the primary answer: tube visible in the abdominal region; instruments located in upper-center and upper-left regions; No visible instruments detected. Overall support is moderate; the reliability score combines morphology/TDA saliency, heatmap concentration, color/texture support, artifact burden, answer specificity, and self-probe agreement. The original question was: Which instruments are visible in the image?. This explanation is intended for clinician review and should be interpreted alongside the image rather than as a standalone diagnosis.
visual_explanation_summary:
- type=heatmap; path=visuals/0209_heatmap.png; description=Fresh CATA-Final / D1 heatmap combining morphology/TDA saliency, color/edge evidence, and artifact suppression.
- type=evidence_json; path=visuals/0209_evidence.json; description=Structured visual evidence and confidence inputs used by the explanation generator.

Remember: return strict JSON only."
49,217,cla820glks4lz071ubsuc0pzr,Is there any visible text on the image?,Text is present on the image,"Score each criterion from 1 to 5:
1 = poor, 2 = weak, 3 = acceptable, 4 = good, 5 = excellent.

Criteria:
- correctness: the answer and explanation are consistent with the question and available reference information.
- faithfulness: the explanation supports the predicted answer without inventing unsupported claims.
- relevance: the explanation focuses on visual/question evidence that matters for the answer.
- clarity: the explanation is readable, concise, and clinically understandable.
- completeness: the explanation covers the key evidence needed to justify the answer.

Return JSON with exactly these keys:
{
  ""correctness"": <integer 1-5>,
  ""faithfulness"": <integer 1-5>,
  ""relevance"": <integer 1-5>,
  ""clarity"": <integer 1-5>,
  ""completeness"": <integer 1-5>,
  ""rationale"": ""short explanation""
}

Evaluate this Task 2 explanation.

val_id: 217
img_id: cla820glks4lz071ubsuc0pzr
question: Is there any visible text on the image?
reference_answer_if_available: 
predicted_answer: Text is present on the image
confidence_score: 0.95
textual_explanation: The CATA-Final model predicts ""Text is present on the image"". The newly generated visual explanation highlights morphology/TDA structural support, color and mucosal-texture support, a relatively focal heatmap region. Targeted self-probes for this visible_text question supported the primary answer: Text is present in the image; text observed in upper-right and lower-center regions; text is present on the image. Overall support is moderate; the reliability score combines morphology/TDA saliency, heatmap concentration, color/texture support, artifact burden, answer specificity, and self-probe agreement. The original question was: Is there any visible text on the image?. This explanation is intended for clinician review and should be interpreted alongside the image rather than as a standalone diagnosis.
visual_explanation_summary:
- type=heatmap; path=visuals/0217_heatmap.png; description=Fresh CATA-Final / D1 heatmap combining morphology/TDA saliency, color/edge evidence, and artifact suppression.
- type=evidence_json; path=visuals/0217_evidence.json; description=Structured visual evidence and confidence inputs used by the explanation generator.

Remember: return strict JSON only."
50,223,cla820gn3s6if071u2efz098u,Are there any polyps visible in the image?,No polyps observed,"Score each criterion from 1 to 5:
1 = poor, 2 = weak, 3 = acceptable, 4 = good, 5 = excellent.

Criteria:
- correctness: the answer and explanation are consistent with the question and available reference information.
- faithfulness: the explanation supports the predicted answer without inventing unsupported claims.
- relevance: the explanation focuses on visual/question evidence that matters for the answer.
- clarity: the explanation is readable, concise, and clinically understandable.
- completeness: the explanation covers the key evidence needed to justify the answer.

Return JSON with exactly these keys:
{
  ""correctness"": <integer 1-5>,
  ""faithfulness"": <integer 1-5>,
  ""relevance"": <integer 1-5>,
  ""clarity"": <integer 1-5>,
  ""completeness"": <integer 1-5>,
  ""rationale"": ""short explanation""
}

Evaluate this Task 2 explanation.

val_id: 223
img_id: cla820gn3s6if071u2efz098u
question: Are there any polyps visible in the image?
reference_answer_if_available: 
predicted_answer: No polyps observed
confidence_score: 0.7096
textual_explanation: The CATA-Final model predicts ""No polyps observed"". The newly generated visual explanation highlights morphology/TDA structural support, color and mucosal-texture support, a relatively focal heatmap region, possible specular artifact burden. Targeted self-probes for this lesion question produced mixed support: No polypoid lesion identified, with no evidence of abnormal mucosal changes; No polyp identified in the examined area.; evidence of inflammatory changes consistent with ulcerative colitis. Because these probes do not fully agree with the primary answer, the explanation is treated cautiously. Overall support is mixed; the reliability score combines morphology/TDA saliency, heatmap concentration, color/texture support, artifact burden, answer specificity, and self-probe agreement. The original question was: Are there any polyps visible in the image?. This explanation is intended for clinician review and should be interpreted alongside the image rather than as a standalone diagnosis.
visual_explanation_summary:
- type=heatmap; path=visuals/0223_heatmap.png; description=Fresh CATA-Final / D1 heatmap combining morphology/TDA saliency, color/edge evidence, and artifact suppression.
- type=evidence_json; path=visuals/0223_evidence.json; description=Structured visual evidence and confidence inputs used by the explanation generator.

Remember: return strict JSON only."
51,224,cl8k2u1qv1fb70832en4n4ssc,Are there multiple abnormalities identified?,One abnormal finding present,"Score each criterion from 1 to 5:
1 = poor, 2 = weak, 3 = acceptable, 4 = good, 5 = excellent.

Criteria:
- correctness: the answer and explanation are consistent with the question and available reference information.
- faithfulness: the explanation supports the predicted answer without inventing unsupported claims.
- relevance: the explanation focuses on visual/question evidence that matters for the answer.
- clarity: the explanation is readable, concise, and clinically understandable.
- completeness: the explanation covers the key evidence needed to justify the answer.

Return JSON with exactly these keys:
{
  ""correctness"": <integer 1-5>,
  ""faithfulness"": <integer 1-5>,
  ""relevance"": <integer 1-5>,
  ""clarity"": <integer 1-5>,
  ""completeness"": <integer 1-5>,
  ""rationale"": ""short explanation""
}

Evaluate this Task 2 explanation.

val_id: 224
img_id: cl8k2u1qv1fb70832en4n4ssc
question: Are there multiple abnormalities identified?
reference_answer_if_available: 
predicted_answer: One abnormal finding present
confidence_score: 0.9181
textual_explanation: The CATA-Final model predicts ""One abnormal finding present"". The newly generated visual explanation highlights morphology/TDA structural support, color and mucosal-texture support, a relatively focal heatmap region. Targeted self-probes for this lesion question supported the primary answer: Findings suggest presence of a polypoid lesion; The lesion exhibits a polypoid appearance and is distributed in the central, center-right, lower-center, and upper-left regions.; evidence of mucosal polyp. Overall support is moderate; the reliability score combines morphology/TDA saliency, heatmap concentration, color/texture support, artifact burden, answer specificity, and self-probe agreement. The original question was: Are there multiple abnormalities identified?. This explanation is intended for clinician review and should be interpreted alongside the image rather than as a standalone diagnosis.
visual_explanation_summary:
- type=heatmap; path=visuals/0224_heatmap.png; description=Fresh CATA-Final / D1 heatmap combining morphology/TDA saliency, color/edge evidence, and artifact suppression.
- type=evidence_json; path=visuals/0224_evidence.json; description=Structured visual evidence and confidence inputs used by the explanation generator.

Remember: return strict JSON only."
52,228,cl8k2u1rs1gmj0832ho3k49gm,What procedure is depicted in this image?,evidence of colonoscopy procedure,"Score each criterion from 1 to 5:
1 = poor, 2 = weak, 3 = acceptable, 4 = good, 5 = excellent.

Criteria:
- correctness: the answer and explanation are consistent with the question and available reference information.
- faithfulness: the explanation supports the predicted answer without inventing unsupported claims.
- relevance: the explanation focuses on visual/question evidence that matters for the answer.
- clarity: the explanation is readable, concise, and clinically understandable.
- completeness: the explanation covers the key evidence needed to justify the answer.

Return JSON with exactly these keys:
{
  ""correctness"": <integer 1-5>,
  ""faithfulness"": <integer 1-5>,
  ""relevance"": <integer 1-5>,
  ""clarity"": <integer 1-5>,
  ""completeness"": <integer 1-5>,
  ""rationale"": ""short explanation""
}

Evaluate this Task 2 explanation.

val_id: 228
img_id: cl8k2u1rs1gmj0832ho3k49gm
question: What procedure is depicted in this image?
reference_answer_if_available: 
predicted_answer: evidence of colonoscopy procedure
confidence_score: 0.7724
textual_explanation: The CATA-Final model predicts ""evidence of colonoscopy procedure"". The newly generated visual explanation highlights morphology/TDA structural support, color and mucosal-texture support, a relatively focal heatmap region, possible specular artifact burden. Targeted self-probes for this procedure question produced mixed support: Evidence of colonoscopy findings with no identifiable anatomical landmarks; evidence of mucosal abnormalities; No artifacts or overlays are present in the image.. Because these probes do not fully agree with the primary answer, the explanation is treated cautiously. Overall support is mixed; the reliability score combines morphology/TDA saliency, heatmap concentration, color/texture support, artifact burden, answer specificity, and self-probe agreement. The original question was: What procedure is depicted in this image?. This explanation is intended for clinician review and should be interpreted alongside the image rather than as a standalone diagnosis.
visual_explanation_summary:
- type=heatmap; path=visuals/0228_heatmap.png; description=Fresh CATA-Final / D1 heatmap combining morphology/TDA saliency, color/edge evidence, and artifact suppression.
- type=evidence_json; path=visuals/0228_evidence.json; description=Structured visual evidence and confidence inputs used by the explanation generator.

Remember: return strict JSON only."
53,229,cl8k2u1qo1f0v0832d3i764dd,Are there any abnormal findings visible in the image?,evidence of colonic polyp,"Score each criterion from 1 to 5:
1 = poor, 2 = weak, 3 = acceptable, 4 = good, 5 = excellent.

Criteria:
- correctness: the answer and explanation are consistent with the question and available reference information.
- faithfulness: the explanation supports the predicted answer without inventing unsupported claims.
- relevance: the explanation focuses on visual/question evidence that matters for the answer.
- clarity: the explanation is readable, concise, and clinically understandable.
- completeness: the explanation covers the key evidence needed to justify the answer.

Return JSON with exactly these keys:
{
  ""correctness"": <integer 1-5>,
  ""faithfulness"": <integer 1-5>,
  ""relevance"": <integer 1-5>,
  ""clarity"": <integer 1-5>,
  ""completeness"": <integer 1-5>,
  ""rationale"": ""short explanation""
}

Evaluate this Task 2 explanation.

val_id: 229
img_id: cl8k2u1qo1f0v0832d3i764dd
question: Are there any abnormal findings visible in the image?
reference_answer_if_available: 
predicted_answer: evidence of colonic polyp
confidence_score: 0.9434
textual_explanation: The CATA-Final model predicts ""evidence of colonic polyp"". The newly generated visual explanation highlights morphology/TDA structural support, color and mucosal-texture support, a relatively focal heatmap region, possible specular artifact burden. Targeted self-probes for this lesion question supported the primary answer: Findings suggest presence of a polypoid lesion; The lesion exhibits a polypoid morphology and is distributed across multiple regions including central, upper-right, lower-center, and lower-left areas.; evidence of mucosal polypoid lesion. Overall support is moderate; the reliability score combines morphology/TDA saliency, heatmap concentration, color/texture support, artifact burden, answer specificity, and self-probe agreement. The original question was: Are there any abnormal findings visible in the image?. This explanation is intended for clinician review and should be interpreted alongside the image rather than as a standalone diagnosis.
visual_explanation_summary:
- type=heatmap; path=visuals/0229_heatmap.png; description=Fresh CATA-Final / D1 heatmap combining morphology/TDA saliency, color/edge evidence, and artifact suppression.
- type=evidence_json; path=visuals/0229_evidence.json; description=Structured visual evidence and confidence inputs used by the explanation generator.

Remember: return strict JSON only."
54,234,cl8k2u1q01ec708323dlie4yp,How many distinct abnormalities are observed?,One abnormal finding present,"Score each criterion from 1 to 5:
1 = poor, 2 = weak, 3 = acceptable, 4 = good, 5 = excellent.

Criteria:
- correctness: the answer and explanation are consistent with the question and available reference information.
- faithfulness: the explanation supports the predicted answer without inventing unsupported claims.
- relevance: the explanation focuses on visual/question evidence that matters for the answer.
- clarity: the explanation is readable, concise, and clinically understandable.
- completeness: the explanation covers the key evidence needed to justify the answer.

Return JSON with exactly these keys:
{
  ""correctness"": <integer 1-5>,
  ""faithfulness"": <integer 1-5>,
  ""relevance"": <integer 1-5>,
  ""clarity"": <integer 1-5>,
  ""completeness"": <integer 1-5>,
  ""rationale"": ""short explanation""
}

Evaluate this Task 2 explanation.

val_id: 234
img_id: cl8k2u1q01ec708323dlie4yp
question: How many distinct abnormalities are observed?
reference_answer_if_available: 
predicted_answer: One abnormal finding present
confidence_score: 0.95
textual_explanation: The CATA-Final model predicts ""One abnormal finding present"". The newly generated visual explanation highlights morphology/TDA structural support, color and mucosal-texture support, a relatively focal heatmap region. Targeted self-probes for this count question supported the primary answer: one abnormal finding present; One abnormal finding noted; No abnormal findings observed. Overall support is moderate; the reliability score combines morphology/TDA saliency, heatmap concentration, color/texture support, artifact burden, answer specificity, and self-probe agreement. The original question was: How many distinct abnormalities are observed?. This explanation is intended for clinician review and should be interpreted alongside the image rather than as a standalone diagnosis.
visual_explanation_summary:
- type=heatmap; path=visuals/0234_heatmap.png; description=Fresh CATA-Final / D1 heatmap combining morphology/TDA saliency, color/edge evidence, and artifact suppression.
- type=evidence_json; path=visuals/0234_evidence.json; description=Structured visual evidence and confidence inputs used by the explanation generator.

Remember: return strict JSON only."
55,247,clbnxtof0bl9a074c5mlve8t1,Is there any abnormality visible in the image?,No significant findings observed,"Score each criterion from 1 to 5:
1 = poor, 2 = weak, 3 = acceptable, 4 = good, 5 = excellent.

Criteria:
- correctness: the answer and explanation are consistent with the question and available reference information.
- faithfulness: the explanation supports the predicted answer without inventing unsupported claims.
- relevance: the explanation focuses on visual/question evidence that matters for the answer.
- clarity: the explanation is readable, concise, and clinically understandable.
- completeness: the explanation covers the key evidence needed to justify the answer.

Return JSON with exactly these keys:
{
  ""correctness"": <integer 1-5>,
  ""faithfulness"": <integer 1-5>,
  ""relevance"": <integer 1-5>,
  ""clarity"": <integer 1-5>,
  ""completeness"": <integer 1-5>,
  ""rationale"": ""short explanation""
}

Evaluate this Task 2 explanation.

val_id: 247
img_id: clbnxtof0bl9a074c5mlve8t1
question: Is there any abnormality visible in the image?
reference_answer_if_available: 
predicted_answer: No significant findings observed
confidence_score: 0.7465
textual_explanation: The CATA-Final model predicts ""No significant findings observed"". The newly generated visual explanation highlights morphology/TDA structural support, color and mucosal-texture support, a relatively focal heatmap region. Targeted self-probes for this lesion question produced mixed support: Findings suggest presence of a polypoid lesion; The lesion exhibits a polypoid morphology and is located in the central region.; evidence of mucosal polypoid lesion. Because these probes do not fully agree with the primary answer, the explanation is treated cautiously. Overall support is mixed; the reliability score combines morphology/TDA saliency, heatmap concentration, color/texture support, artifact burden, answer specificity, and self-probe agreement. The original question was: Is there any abnormality visible in the image?. This explanation is intended for clinician review and should be interpreted alongside the image rather than as a standalone diagnosis.
visual_explanation_summary:
- type=heatmap; path=visuals/0247_heatmap.png; description=Fresh CATA-Final / D1 heatmap combining morphology/TDA saliency, color/edge evidence, and artifact suppression.
- type=evidence_json; path=visuals/0247_evidence.json; description=Structured visual evidence and confidence inputs used by the explanation generator.

Remember: return strict JSON only."
56,255,cl8k2u1qz1fi3083208qp23mb,What are the colors of the abnormal findings?,"red, pink, and yellow lesions observed","Score each criterion from 1 to 5:
1 = poor, 2 = weak, 3 = acceptable, 4 = good, 5 = excellent.

Criteria:
- correctness: the answer and explanation are consistent with the question and available reference information.
- faithfulness: the explanation supports the predicted answer without inventing unsupported claims.
- relevance: the explanation focuses on visual/question evidence that matters for the answer.
- clarity: the explanation is readable, concise, and clinically understandable.
- completeness: the explanation covers the key evidence needed to justify the answer.

Return JSON with exactly these keys:
{
  ""correctness"": <integer 1-5>,
  ""faithfulness"": <integer 1-5>,
  ""relevance"": <integer 1-5>,
  ""clarity"": <integer 1-5>,
  ""completeness"": <integer 1-5>,
  ""rationale"": ""short explanation""
}

Evaluate this Task 2 explanation.

val_id: 255
img_id: cl8k2u1qz1fi3083208qp23mb
question: What are the colors of the abnormal findings?
reference_answer_if_available: 
predicted_answer: red, pink, and yellow lesions observed
confidence_score: 0.95
textual_explanation: The CATA-Final model predicts ""red, pink, and yellow lesions observed"". The newly generated visual explanation highlights morphology/TDA structural support, color and mucosal-texture support, a relatively focal heatmap region, possible specular artifact burden. Targeted self-probes for this color question supported the primary answer: red and pink discoloration noted; mucosal erythema noted; Multiple color changes including pink, red, white, and yellow are present.. Overall support is moderate; the reliability score combines morphology/TDA saliency, heatmap concentration, color/texture support, artifact burden, answer specificity, and self-probe agreement. The original question was: What are the colors of the abnormal findings?. This explanation is intended for clinician review and should be interpreted alongside the image rather than as a standalone diagnosis.
visual_explanation_summary:
- type=heatmap; path=visuals/0255_heatmap.png; description=Fresh CATA-Final / D1 heatmap combining morphology/TDA saliency, color/edge evidence, and artifact suppression.
- type=evidence_json; path=visuals/0255_evidence.json; description=Structured visual evidence and confidence inputs used by the explanation generator.

Remember: return strict JSON only."
57,257,clb0kvxuv8zrs074y9k0ebd3e,What type of polyp is observed?,no polyp identified,"Score each criterion from 1 to 5:
1 = poor, 2 = weak, 3 = acceptable, 4 = good, 5 = excellent.

Criteria:
- correctness: the answer and explanation are consistent with the question and available reference information.
- faithfulness: the explanation supports the predicted answer without inventing unsupported claims.
- relevance: the explanation focuses on visual/question evidence that matters for the answer.
- clarity: the explanation is readable, concise, and clinically understandable.
- completeness: the explanation covers the key evidence needed to justify the answer.

Return JSON with exactly these keys:
{
  ""correctness"": <integer 1-5>,
  ""faithfulness"": <integer 1-5>,
  ""relevance"": <integer 1-5>,
  ""clarity"": <integer 1-5>,
  ""completeness"": <integer 1-5>,
  ""rationale"": ""short explanation""
}

Evaluate this Task 2 explanation.

val_id: 257
img_id: clb0kvxuv8zrs074y9k0ebd3e
question: What type of polyp is observed?
reference_answer_if_available: 
predicted_answer: no polyp identified
confidence_score: 0.6434
textual_explanation: The CATA-Final model predicts ""no polyp identified"". The newly generated visual explanation highlights morphology/TDA structural support, color and mucosal-texture support, a relatively focal heatmap region. Targeted self-probes for this lesion question produced mixed support: No polypoid lesion identified, with no evidence of mucosal abnormality; Lesion shows a polypoid appearance with multiple areas of involvement.; evidence of esophageal inflammation. Because these probes do not fully agree with the primary answer, the explanation is treated cautiously. Overall support is mixed; the reliability score combines morphology/TDA saliency, heatmap concentration, color/texture support, artifact burden, answer specificity, and self-probe agreement. The original question was: What type of polyp is observed?. This explanation is intended for clinician review and should be interpreted alongside the image rather than as a standalone diagnosis.
visual_explanation_summary:
- type=heatmap; path=visuals/0257_heatmap.png; description=Fresh CATA-Final / D1 heatmap combining morphology/TDA saliency, color/edge evidence, and artifact suppression.
- type=evidence_json; path=visuals/0257_evidence.json; description=Structured visual evidence and confidence inputs used by the explanation generator.

Remember: return strict JSON only."
58,262,clb0lbwyddo20086uhqgaccfi,Is there any remaining polyp tissue identified?,No residual polyp tissue observed,"Score each criterion from 1 to 5:
1 = poor, 2 = weak, 3 = acceptable, 4 = good, 5 = excellent.

Criteria:
- correctness: the answer and explanation are consistent with the question and available reference information.
- faithfulness: the explanation supports the predicted answer without inventing unsupported claims.
- relevance: the explanation focuses on visual/question evidence that matters for the answer.
- clarity: the explanation is readable, concise, and clinically understandable.
- completeness: the explanation covers the key evidence needed to justify the answer.

Return JSON with exactly these keys:
{
  ""correctness"": <integer 1-5>,
  ""faithfulness"": <integer 1-5>,
  ""relevance"": <integer 1-5>,
  ""clarity"": <integer 1-5>,
  ""completeness"": <integer 1-5>,
  ""rationale"": ""short explanation""
}

Evaluate this Task 2 explanation.

val_id: 262
img_id: clb0lbwyddo20086uhqgaccfi
question: Is there any remaining polyp tissue identified?
reference_answer_if_available: 
predicted_answer: No residual polyp tissue observed
confidence_score: 0.6051
textual_explanation: The CATA-Final model predicts ""No residual polyp tissue observed"". The newly generated visual explanation highlights morphology/TDA structural support, color and mucosal-texture support, diffuse heatmap evidence, possible specular artifact burden. Targeted self-probes for this lesion question produced mixed support: No polypoid lesion identified, but mucosal changes are present.; No polyp is visualized in the examined area.; evidence of mucosal inflammation consistent with ulcerative colitis. Because these probes do not fully agree with the primary answer, the explanation is treated cautiously. Overall support is mixed; the reliability score combines morphology/TDA saliency, heatmap concentration, color/texture support, artifact burden, answer specificity, and self-probe agreement. The original question was: Is there any remaining polyp tissue identified?. This explanation is intended for clinician review and should be interpreted alongside the image rather than as a standalone diagnosis.
visual_explanation_summary:
- type=heatmap; path=visuals/0262_heatmap.png; description=Fresh CATA-Final / D1 heatmap combining morphology/TDA saliency, color/edge evidence, and artifact suppression.
- type=evidence_json; path=visuals/0262_evidence.json; description=Structured visual evidence and confidence inputs used by the explanation generator.

Remember: return strict JSON only."
59,270,cl8k2u1qq1f3v08328tlx3cof,What is the size of the polyp detected?,polyp measuring greater than 20 millimeters,"Score each criterion from 1 to 5:
1 = poor, 2 = weak, 3 = acceptable, 4 = good, 5 = excellent.

Criteria:
- correctness: the answer and explanation are consistent with the question and available reference information.
- faithfulness: the explanation supports the predicted answer without inventing unsupported claims.
- relevance: the explanation focuses on visual/question evidence that matters for the answer.
- clarity: the explanation is readable, concise, and clinically understandable.
- completeness: the explanation covers the key evidence needed to justify the answer.

Return JSON with exactly these keys:
{
  ""correctness"": <integer 1-5>,
  ""faithfulness"": <integer 1-5>,
  ""relevance"": <integer 1-5>,
  ""clarity"": <integer 1-5>,
  ""completeness"": <integer 1-5>,
  ""rationale"": ""short explanation""
}

Evaluate this Task 2 explanation.

val_id: 270
img_id: cl8k2u1qq1f3v08328tlx3cof
question: What is the size of the polyp detected?
reference_answer_if_available: 
predicted_answer: polyp measuring greater than 20 millimeters
confidence_score: 0.9487
textual_explanation: The CATA-Final model predicts ""polyp measuring greater than 20 millimeters"". The newly generated visual explanation highlights morphology/TDA structural support, color and mucosal-texture support, a relatively focal heatmap region. Targeted self-probes for this size question supported the primary answer: lesion measures between 5 to 10 millimeters; The lesion measures less than 5 millimeters in size.; No evidence of focal abnormality detected. Overall support is moderate; the reliability score combines morphology/TDA saliency, heatmap concentration, color/texture support, artifact burden, answer specificity, and self-probe agreement. The original question was: What is the size of the polyp detected?. This explanation is intended for clinician review and should be interpreted alongside the image rather than as a standalone diagnosis.
visual_explanation_summary:
- type=heatmap; path=visuals/0270_heatmap.png; description=Fresh CATA-Final / D1 heatmap combining morphology/TDA saliency, color/edge evidence, and artifact suppression.
- type=evidence_json; path=visuals/0270_evidence.json; description=Structured visual evidence and confidence inputs used by the explanation generator.

Remember: return strict JSON only."
60,283,clb0kvxw291jc074ybr3a8eds,Which anatomical landmarks are visible in the image?,evidence of z-line appearance,"Score each criterion from 1 to 5:
1 = poor, 2 = weak, 3 = acceptable, 4 = good, 5 = excellent.

Criteria:
- correctness: the answer and explanation are consistent with the question and available reference information.
- faithfulness: the explanation supports the predicted answer without inventing unsupported claims.
- relevance: the explanation focuses on visual/question evidence that matters for the answer.
- clarity: the explanation is readable, concise, and clinically understandable.
- completeness: the explanation covers the key evidence needed to justify the answer.

Return JSON with exactly these keys:
{
  ""correctness"": <integer 1-5>,
  ""faithfulness"": <integer 1-5>,
  ""relevance"": <integer 1-5>,
  ""clarity"": <integer 1-5>,
  ""completeness"": <integer 1-5>,
  ""rationale"": ""short explanation""
}

Evaluate this Task 2 explanation.

val_id: 283
img_id: clb0kvxw291jc074ybr3a8eds
question: Which anatomical landmarks are visible in the image?
reference_answer_if_available: 
predicted_answer: evidence of z-line appearance
confidence_score: 0.8828
textual_explanation: The CATA-Final model predicts ""evidence of z-line appearance"". The newly generated visual explanation highlights morphology/TDA structural support, color and mucosal-texture support, a relatively focal heatmap region, possible specular artifact burden. Targeted self-probes for this generic question supported the primary answer: abnormal mucosal changes consistent with oesophagitis; No evidence of imaging artifacts present; evidence distributed across multiple regions. Overall support is moderate; the reliability score combines morphology/TDA saliency, heatmap concentration, color/texture support, artifact burden, answer specificity, and self-probe agreement. The original question was: Which anatomical landmarks are visible in the image?. This explanation is intended for clinician review and should be interpreted alongside the image rather than as a standalone diagnosis.
visual_explanation_summary:
- type=heatmap; path=visuals/0283_heatmap.png; description=Fresh CATA-Final / D1 heatmap combining morphology/TDA saliency, color/edge evidence, and artifact suppression.
- type=evidence_json; path=visuals/0283_evidence.json; description=Structured visual evidence and confidence inputs used by the explanation generator.

Remember: return strict JSON only."
61,285,cla820glos4r7071u67756tdr,Which anatomical landmark is visible in the image?,no anatomical landmark identified,"Score each criterion from 1 to 5:
1 = poor, 2 = weak, 3 = acceptable, 4 = good, 5 = excellent.

Criteria:
- correctness: the answer and explanation are consistent with the question and available reference information.
- faithfulness: the explanation supports the predicted answer without inventing unsupported claims.
- relevance: the explanation focuses on visual/question evidence that matters for the answer.
- clarity: the explanation is readable, concise, and clinically understandable.
- completeness: the explanation covers the key evidence needed to justify the answer.

Return JSON with exactly these keys:
{
  ""correctness"": <integer 1-5>,
  ""faithfulness"": <integer 1-5>,
  ""relevance"": <integer 1-5>,
  ""clarity"": <integer 1-5>,
  ""completeness"": <integer 1-5>,
  ""rationale"": ""short explanation""
}

Evaluate this Task 2 explanation.

val_id: 285
img_id: cla820glos4r7071u67756tdr
question: Which anatomical landmark is visible in the image?
reference_answer_if_available: 
predicted_answer: no anatomical landmark identified
confidence_score: 0.7436
textual_explanation: The CATA-Final model predicts ""no anatomical landmark identified"". The newly generated visual explanation highlights morphology/TDA structural support, color and mucosal-texture support, a relatively focal heatmap region. Targeted self-probes for this generic question produced mixed support: evidence of ulcerative colitis involvement; No evidence of imaging artifacts present; evidence distributed across multiple regions. Because these probes do not fully agree with the primary answer, the explanation is treated cautiously. Overall support is mixed; the reliability score combines morphology/TDA saliency, heatmap concentration, color/texture support, artifact burden, answer specificity, and self-probe agreement. The original question was: Which anatomical landmark is visible in the image?. This explanation is intended for clinician review and should be interpreted alongside the image rather than as a standalone diagnosis.
visual_explanation_summary:
- type=heatmap; path=visuals/0285_heatmap.png; description=Fresh CATA-Final / D1 heatmap combining morphology/TDA saliency, color/edge evidence, and artifact suppression.
- type=evidence_json; path=visuals/0285_evidence.json; description=Structured visual evidence and confidence inputs used by the explanation generator.

Remember: return strict JSON only."
62,287,clb0kvxw691pg074y52be8g3a,In which regions of the image is the abnormality located?,abnormality scattered across multiple quadrants,"Score each criterion from 1 to 5:
1 = poor, 2 = weak, 3 = acceptable, 4 = good, 5 = excellent.

Criteria:
- correctness: the answer and explanation are consistent with the question and available reference information.
- faithfulness: the explanation supports the predicted answer without inventing unsupported claims.
- relevance: the explanation focuses on visual/question evidence that matters for the answer.
- clarity: the explanation is readable, concise, and clinically understandable.
- completeness: the explanation covers the key evidence needed to justify the answer.

Return JSON with exactly these keys:
{
  ""correctness"": <integer 1-5>,
  ""faithfulness"": <integer 1-5>,
  ""relevance"": <integer 1-5>,
  ""clarity"": <integer 1-5>,
  ""completeness"": <integer 1-5>,
  ""rationale"": ""short explanation""
}

Evaluate this Task 2 explanation.

val_id: 287
img_id: clb0kvxw691pg074y52be8g3a
question: In which regions of the image is the abnormality located?
reference_answer_if_available: 
predicted_answer: abnormality scattered across multiple quadrants
confidence_score: 0.8767
textual_explanation: The CATA-Final model predicts ""abnormality scattered across multiple quadrants"". The newly generated visual explanation highlights morphology/TDA structural support, color and mucosal-texture support, a relatively focal heatmap region, possible specular artifact burden. Targeted self-probes for this location question supported the primary answer: abnormalities scattered across multiple regions; No evidence is present in any specific anatomical location.; evidence distributed across multiple quadrants. Overall support is moderate; the reliability score combines morphology/TDA saliency, heatmap concentration, color/texture support, artifact burden, answer specificity, and self-probe agreement. The original question was: In which regions of the image is the abnormality located?. This explanation is intended for clinician review and should be interpreted alongside the image rather than as a standalone diagnosis.
visual_explanation_summary:
- type=heatmap; path=visuals/0287_heatmap.png; description=Fresh CATA-Final / D1 heatmap combining morphology/TDA saliency, color/edge evidence, and artifact suppression.
- type=evidence_json; path=visuals/0287_evidence.json; description=Structured visual evidence and confidence inputs used by the explanation generator.

Remember: return strict JSON only."
63,292,cla820gmjs5un071ug4fuf5y6,Are there any green or black box artifacts present?,No evidence of box artifacts observed,"Score each criterion from 1 to 5:
1 = poor, 2 = weak, 3 = acceptable, 4 = good, 5 = excellent.

Criteria:
- correctness: the answer and explanation are consistent with the question and available reference information.
- faithfulness: the explanation supports the predicted answer without inventing unsupported claims.
- relevance: the explanation focuses on visual/question evidence that matters for the answer.
- clarity: the explanation is readable, concise, and clinically understandable.
- completeness: the explanation covers the key evidence needed to justify the answer.

Return JSON with exactly these keys:
{
  ""correctness"": <integer 1-5>,
  ""faithfulness"": <integer 1-5>,
  ""relevance"": <integer 1-5>,
  ""clarity"": <integer 1-5>,
  ""completeness"": <integer 1-5>,
  ""rationale"": ""short explanation""
}

Evaluate this Task 2 explanation.

val_id: 292
img_id: cla820gmjs5un071ug4fuf5y6
question: Are there any green or black box artifacts present?
reference_answer_if_available: 
predicted_answer: No evidence of box artifacts observed
confidence_score: 0.7878
textual_explanation: The CATA-Final model predicts ""No evidence of box artifacts observed"". The newly generated visual explanation highlights morphology/TDA structural support, color and mucosal-texture support, a relatively focal heatmap region. Targeted self-probes for this color question produced mixed support: multiple colors including pink, red, white, and yellow; evidence of mucosal erythema; multiple color changes including pink, red, white, and yellow. Because these probes do not fully agree with the primary answer, the explanation is treated cautiously. Overall support is mixed; the reliability score combines morphology/TDA saliency, heatmap concentration, color/texture support, artifact burden, answer specificity, and self-probe agreement. The original question was: Are there any green or black box artifacts present?. This explanation is intended for clinician review and should be interpreted alongside the image rather than as a standalone diagnosis.
visual_explanation_summary:
- type=heatmap; path=visuals/0292_heatmap.png; description=Fresh CATA-Final / D1 heatmap combining morphology/TDA saliency, color/edge evidence, and artifact suppression.
- type=evidence_json; path=visuals/0292_evidence.json; description=Structured visual evidence and confidence inputs used by the explanation generator.

Remember: return strict JSON only."
64,313,cla820gl1s3pv071u6kb331te,What type of polyp is observed in the gastrointestinal tract?,no polypoid lesions identified,"Score each criterion from 1 to 5:
1 = poor, 2 = weak, 3 = acceptable, 4 = good, 5 = excellent.

Criteria:
- correctness: the answer and explanation are consistent with the question and available reference information.
- faithfulness: the explanation supports the predicted answer without inventing unsupported claims.
- relevance: the explanation focuses on visual/question evidence that matters for the answer.
- clarity: the explanation is readable, concise, and clinically understandable.
- completeness: the explanation covers the key evidence needed to justify the answer.

Return JSON with exactly these keys:
{
  ""correctness"": <integer 1-5>,
  ""faithfulness"": <integer 1-5>,
  ""relevance"": <integer 1-5>,
  ""clarity"": <integer 1-5>,
  ""completeness"": <integer 1-5>,
  ""rationale"": ""short explanation""
}

Evaluate this Task 2 explanation.

val_id: 313
img_id: cla820gl1s3pv071u6kb331te
question: What type of polyp is observed in the gastrointestinal tract?
reference_answer_if_available: 
predicted_answer: no polypoid lesions identified
confidence_score: 0.7843
textual_explanation: The CATA-Final model predicts ""no polypoid lesions identified"". The newly generated visual explanation highlights morphology/TDA structural support, color and mucosal-texture support, a relatively focal heatmap region. Targeted self-probes for this lesion question produced mixed support: No polypoid lesion identified, with no evidence of abnormal mucosa; No polyp identified with no central or upper-lower region involvement.; evidence of inflammatory changes consistent with ulcerative colitis. Because these probes do not fully agree with the primary answer, the explanation is treated cautiously. Overall support is mixed; the reliability score combines morphology/TDA saliency, heatmap concentration, color/texture support, artifact burden, answer specificity, and self-probe agreement. The original question was: What type of polyp is observed in the gastrointestinal tract?. This explanation is intended for clinician review and should be interpreted alongside the image rather than as a standalone diagnosis.
visual_explanation_summary:
- type=heatmap; path=visuals/0313_heatmap.png; description=Fresh CATA-Final / D1 heatmap combining morphology/TDA saliency, color/edge evidence, and artifact suppression.
- type=evidence_json; path=visuals/0313_evidence.json; description=Structured visual evidence and confidence inputs used by the explanation generator.

Remember: return strict JSON only."
65,317,clb0lbx1ndqpo086ubdnyd1yc,Are there any green or black box-like artifacts present?,No evidence of box-like artifacts observed,"Score each criterion from 1 to 5:
1 = poor, 2 = weak, 3 = acceptable, 4 = good, 5 = excellent.

Criteria:
- correctness: the answer and explanation are consistent with the question and available reference information.
- faithfulness: the explanation supports the predicted answer without inventing unsupported claims.
- relevance: the explanation focuses on visual/question evidence that matters for the answer.
- clarity: the explanation is readable, concise, and clinically understandable.
- completeness: the explanation covers the key evidence needed to justify the answer.

Return JSON with exactly these keys:
{
  ""correctness"": <integer 1-5>,
  ""faithfulness"": <integer 1-5>,
  ""relevance"": <integer 1-5>,
  ""clarity"": <integer 1-5>,
  ""completeness"": <integer 1-5>,
  ""rationale"": ""short explanation""
}

Evaluate this Task 2 explanation.

val_id: 317
img_id: clb0lbx1ndqpo086ubdnyd1yc
question: Are there any green or black box-like artifacts present?
reference_answer_if_available: 
predicted_answer: No evidence of box-like artifacts observed
confidence_score: 0.7338
textual_explanation: The CATA-Final model predicts ""No evidence of box-like artifacts observed"". The newly generated visual explanation highlights morphology/TDA structural support, color and mucosal-texture support, a relatively focal heatmap region, possible specular artifact burden. Targeted self-probes for this color question produced mixed support: red, pink, and yellow discolorations observed; evidence of mucosal erythema; Multiple color changes including pink, red, white, and yellow are present.. Because these probes do not fully agree with the primary answer, the explanation is treated cautiously. Overall support is mixed; the reliability score combines morphology/TDA saliency, heatmap concentration, color/texture support, artifact burden, answer specificity, and self-probe agreement. The original question was: Are there any green or black box-like artifacts present?. This explanation is intended for clinician review and should be interpreted alongside the image rather than as a standalone diagnosis.
visual_explanation_summary:
- type=heatmap; path=visuals/0317_heatmap.png; description=Fresh CATA-Final / D1 heatmap combining morphology/TDA saliency, color/edge evidence, and artifact suppression.
- type=evidence_json; path=visuals/0317_evidence.json; description=Structured visual evidence and confidence inputs used by the explanation generator.

Remember: return strict JSON only."
66,318,clb0kvxwm92fo074y4fe212h5,Which anatomical landmarks are visible in the image?,evidence of z-line appearance,"Score each criterion from 1 to 5:
1 = poor, 2 = weak, 3 = acceptable, 4 = good, 5 = excellent.

Criteria:
- correctness: the answer and explanation are consistent with the question and available reference information.
- faithfulness: the explanation supports the predicted answer without inventing unsupported claims.
- relevance: the explanation focuses on visual/question evidence that matters for the answer.
- clarity: the explanation is readable, concise, and clinically understandable.
- completeness: the explanation covers the key evidence needed to justify the answer.

Return JSON with exactly these keys:
{
  ""correctness"": <integer 1-5>,
  ""faithfulness"": <integer 1-5>,
  ""relevance"": <integer 1-5>,
  ""clarity"": <integer 1-5>,
  ""completeness"": <integer 1-5>,
  ""rationale"": ""short explanation""
}

Evaluate this Task 2 explanation.

val_id: 318
img_id: clb0kvxwm92fo074y4fe212h5
question: Which anatomical landmarks are visible in the image?
reference_answer_if_available: 
predicted_answer: evidence of z-line appearance
confidence_score: 0.8731
textual_explanation: The CATA-Final model predicts ""evidence of z-line appearance"". The newly generated visual explanation highlights morphology/TDA structural support, color and mucosal-texture support, a relatively focal heatmap region, possible specular artifact burden. Targeted self-probes for this generic question supported the primary answer: evidence of esophageal inflammation; No evidence of imaging artifacts present; evidence distributed across multiple regions. Overall support is moderate; the reliability score combines morphology/TDA saliency, heatmap concentration, color/texture support, artifact burden, answer specificity, and self-probe agreement. The original question was: Which anatomical landmarks are visible in the image?. This explanation is intended for clinician review and should be interpreted alongside the image rather than as a standalone diagnosis.
visual_explanation_summary:
- type=heatmap; path=visuals/0318_heatmap.png; description=Fresh CATA-Final / D1 heatmap combining morphology/TDA saliency, color/edge evidence, and artifact suppression.
- type=evidence_json; path=visuals/0318_evidence.json; description=Structured visual evidence and confidence inputs used by the explanation generator.

Remember: return strict JSON only."
67,322,cla820gl4s3tj071uakhw1bd9,Are there any instruments visible in the image?,No surgical instruments identified,"Score each criterion from 1 to 5:
1 = poor, 2 = weak, 3 = acceptable, 4 = good, 5 = excellent.

Criteria:
- correctness: the answer and explanation are consistent with the question and available reference information.
- faithfulness: the explanation supports the predicted answer without inventing unsupported claims.
- relevance: the explanation focuses on visual/question evidence that matters for the answer.
- clarity: the explanation is readable, concise, and clinically understandable.
- completeness: the explanation covers the key evidence needed to justify the answer.

Return JSON with exactly these keys:
{
  ""correctness"": <integer 1-5>,
  ""faithfulness"": <integer 1-5>,
  ""relevance"": <integer 1-5>,
  ""clarity"": <integer 1-5>,
  ""completeness"": <integer 1-5>,
  ""rationale"": ""short explanation""
}

Evaluate this Task 2 explanation.

val_id: 322
img_id: cla820gl4s3tj071uakhw1bd9
question: Are there any instruments visible in the image?
reference_answer_if_available: 
predicted_answer: No surgical instruments identified
confidence_score: 0.95
textual_explanation: The CATA-Final model predicts ""No surgical instruments identified"". The newly generated visual explanation highlights morphology/TDA structural support, color and mucosal-texture support, a relatively focal heatmap region, possible specular artifact burden. Targeted self-probes for this instrument question supported the primary answer: No foreign bodies or instruments observed; No instruments are visible in the image; No surgical instruments visualized. Overall support is moderate; the reliability score combines morphology/TDA saliency, heatmap concentration, color/texture support, artifact burden, answer specificity, and self-probe agreement. The original question was: Are there any instruments visible in the image?. This explanation is intended for clinician review and should be interpreted alongside the image rather than as a standalone diagnosis.
visual_explanation_summary:
- type=heatmap; path=visuals/0322_heatmap.png; description=Fresh CATA-Final / D1 heatmap combining morphology/TDA saliency, color/edge evidence, and artifact suppression.
- type=evidence_json; path=visuals/0322_evidence.json; description=Structured visual evidence and confidence inputs used by the explanation generator.

Remember: return strict JSON only."
68,323,clb0lbwzrdpig086ufi57c9c6,What is the measured size of the polyp?,polyp measuring 11 to 20 millimeters,"Score each criterion from 1 to 5:
1 = poor, 2 = weak, 3 = acceptable, 4 = good, 5 = excellent.

Criteria:
- correctness: the answer and explanation are consistent with the question and available reference information.
- faithfulness: the explanation supports the predicted answer without inventing unsupported claims.
- relevance: the explanation focuses on visual/question evidence that matters for the answer.
- clarity: the explanation is readable, concise, and clinically understandable.
- completeness: the explanation covers the key evidence needed to justify the answer.

Return JSON with exactly these keys:
{
  ""correctness"": <integer 1-5>,
  ""faithfulness"": <integer 1-5>,
  ""relevance"": <integer 1-5>,
  ""clarity"": <integer 1-5>,
  ""completeness"": <integer 1-5>,
  ""rationale"": ""short explanation""
}

Evaluate this Task 2 explanation.

val_id: 323
img_id: clb0lbwzrdpig086ufi57c9c6
question: What is the measured size of the polyp?
reference_answer_if_available: 
predicted_answer: polyp measuring 11 to 20 millimeters
confidence_score: 0.95
textual_explanation: The CATA-Final model predicts ""polyp measuring 11 to 20 millimeters"". The newly generated visual explanation highlights morphology/TDA structural support, color and mucosal-texture support, a relatively focal heatmap region, possible specular artifact burden. Targeted self-probes for this color question supported the primary answer: red, pink, and white discolorations observed; mucosal erythema present; Multiple color changes including pink, red, white, and yellow. Overall support is moderate; the reliability score combines morphology/TDA saliency, heatmap concentration, color/texture support, artifact burden, answer specificity, and self-probe agreement. The original question was: What is the measured size of the polyp?. This explanation is intended for clinician review and should be interpreted alongside the image rather than as a standalone diagnosis.
visual_explanation_summary:
- type=heatmap; path=visuals/0323_heatmap.png; description=Fresh CATA-Final / D1 heatmap combining morphology/TDA saliency, color/edge evidence, and artifact suppression.
- type=evidence_json; path=visuals/0323_evidence.json; description=Structured visual evidence and confidence inputs used by the explanation generator.

Remember: return strict JSON only."
69,326,cla820glds49j071uez9p75w9,Where is the abnormality located within the image?,abnormalities scattered across multiple regions,"Score each criterion from 1 to 5:
1 = poor, 2 = weak, 3 = acceptable, 4 = good, 5 = excellent.

Criteria:
- correctness: the answer and explanation are consistent with the question and available reference information.
- faithfulness: the explanation supports the predicted answer without inventing unsupported claims.
- relevance: the explanation focuses on visual/question evidence that matters for the answer.
- clarity: the explanation is readable, concise, and clinically understandable.
- completeness: the explanation covers the key evidence needed to justify the answer.

Return JSON with exactly these keys:
{
  ""correctness"": <integer 1-5>,
  ""faithfulness"": <integer 1-5>,
  ""relevance"": <integer 1-5>,
  ""clarity"": <integer 1-5>,
  ""completeness"": <integer 1-5>,
  ""rationale"": ""short explanation""
}

Evaluate this Task 2 explanation.

val_id: 326
img_id: cla820glds49j071uez9p75w9
question: Where is the abnormality located within the image?
reference_answer_if_available: 
predicted_answer: abnormalities scattered across multiple regions
confidence_score: 0.95
textual_explanation: The CATA-Final model predicts ""abnormalities scattered across multiple regions"". The newly generated visual explanation highlights morphology/TDA structural support, color and mucosal-texture support, a relatively focal heatmap region. Targeted self-probes for this location question supported the primary answer: abnormalities scattered across multiple regions; No evidence is present in any specific anatomical location.; scattered across multiple areas including center, upper, and lower quadrants. Overall support is moderate; the reliability score combines morphology/TDA saliency, heatmap concentration, color/texture support, artifact burden, answer specificity, and self-probe agreement. The original question was: Where is the abnormality located within the image?. This explanation is intended for clinician review and should be interpreted alongside the image rather than as a standalone diagnosis.
visual_explanation_summary:
- type=heatmap; path=visuals/0326_heatmap.png; description=Fresh CATA-Final / D1 heatmap combining morphology/TDA saliency, color/edge evidence, and artifact suppression.
- type=evidence_json; path=visuals/0326_evidence.json; description=Structured visual evidence and confidence inputs used by the explanation generator.

Remember: return strict JSON only."
70,327,cl8k2u1s21gqz083267x3a37z,Is any text visible on the image?,Text is present on the image,"Score each criterion from 1 to 5:
1 = poor, 2 = weak, 3 = acceptable, 4 = good, 5 = excellent.

Criteria:
- correctness: the answer and explanation are consistent with the question and available reference information.
- faithfulness: the explanation supports the predicted answer without inventing unsupported claims.
- relevance: the explanation focuses on visual/question evidence that matters for the answer.
- clarity: the explanation is readable, concise, and clinically understandable.
- completeness: the explanation covers the key evidence needed to justify the answer.

Return JSON with exactly these keys:
{
  ""correctness"": <integer 1-5>,
  ""faithfulness"": <integer 1-5>,
  ""relevance"": <integer 1-5>,
  ""clarity"": <integer 1-5>,
  ""completeness"": <integer 1-5>,
  ""rationale"": ""short explanation""
}

Evaluate this Task 2 explanation.

val_id: 327
img_id: cl8k2u1s21gqz083267x3a37z
question: Is any text visible on the image?
reference_answer_if_available: 
predicted_answer: Text is present on the image
confidence_score: 0.95
textual_explanation: The CATA-Final model predicts ""Text is present on the image"". The newly generated visual explanation highlights morphology/TDA structural support, color and mucosal-texture support, a relatively focal heatmap region, possible specular artifact burden. Targeted self-probes for this visible_text question supported the primary answer: No text or label observed; text observed in central and lower regions; text is present on the image. Overall support is moderate; the reliability score combines morphology/TDA saliency, heatmap concentration, color/texture support, artifact burden, answer specificity, and self-probe agreement. The original question was: Is any text visible on the image?. This explanation is intended for clinician review and should be interpreted alongside the image rather than as a standalone diagnosis.
visual_explanation_summary:
- type=heatmap; path=visuals/0327_heatmap.png; description=Fresh CATA-Final / D1 heatmap combining morphology/TDA saliency, color/edge evidence, and artifact suppression.
- type=evidence_json; path=visuals/0327_evidence.json; description=Structured visual evidence and confidence inputs used by the explanation generator.

Remember: return strict JSON only."
71,330,clbnxtowi6u4y079o9nj72cun,Is there any abnormality observed in the image?,No significant findings noted,"Score each criterion from 1 to 5:
1 = poor, 2 = weak, 3 = acceptable, 4 = good, 5 = excellent.

Criteria:
- correctness: the answer and explanation are consistent with the question and available reference information.
- faithfulness: the explanation supports the predicted answer without inventing unsupported claims.
- relevance: the explanation focuses on visual/question evidence that matters for the answer.
- clarity: the explanation is readable, concise, and clinically understandable.
- completeness: the explanation covers the key evidence needed to justify the answer.

Return JSON with exactly these keys:
{
  ""correctness"": <integer 1-5>,
  ""faithfulness"": <integer 1-5>,
  ""relevance"": <integer 1-5>,
  ""clarity"": <integer 1-5>,
  ""completeness"": <integer 1-5>,
  ""rationale"": ""short explanation""
}

Evaluate this Task 2 explanation.

val_id: 330
img_id: clbnxtowi6u4y079o9nj72cun
question: Is there any abnormality observed in the image?
reference_answer_if_available: 
predicted_answer: No significant findings noted
confidence_score: 0.7898
textual_explanation: The CATA-Final model predicts ""No significant findings noted"". The newly generated visual explanation highlights morphology/TDA structural support, color and mucosal-texture support, a relatively focal heatmap region. Targeted self-probes for this lesion question produced mixed support: No polypoid lesion identified, with no evidence of abnormal mucosal changes; No polyp identified in the examined area.; evidence of inflammatory changes consistent with ulcerative colitis. Because these probes do not fully agree with the primary answer, the explanation is treated cautiously. Overall support is mixed; the reliability score combines morphology/TDA saliency, heatmap concentration, color/texture support, artifact burden, answer specificity, and self-probe agreement. The original question was: Is there any abnormality observed in the image?. This explanation is intended for clinician review and should be interpreted alongside the image rather than as a standalone diagnosis.
visual_explanation_summary:
- type=heatmap; path=visuals/0330_heatmap.png; description=Fresh CATA-Final / D1 heatmap combining morphology/TDA saliency, color/edge evidence, and artifact suppression.
- type=evidence_json; path=visuals/0330_evidence.json; description=Structured visual evidence and confidence inputs used by the explanation generator.

Remember: return strict JSON only."
72,333,clb0kvxuy8zvk074y8v9e9m25,Are there any medical instruments visible in the image?,No foreign bodies or instruments observed,"Score each criterion from 1 to 5:
1 = poor, 2 = weak, 3 = acceptable, 4 = good, 5 = excellent.

Criteria:
- correctness: the answer and explanation are consistent with the question and available reference information.
- faithfulness: the explanation supports the predicted answer without inventing unsupported claims.
- relevance: the explanation focuses on visual/question evidence that matters for the answer.
- clarity: the explanation is readable, concise, and clinically understandable.
- completeness: the explanation covers the key evidence needed to justify the answer.

Return JSON with exactly these keys:
{
  ""correctness"": <integer 1-5>,
  ""faithfulness"": <integer 1-5>,
  ""relevance"": <integer 1-5>,
  ""clarity"": <integer 1-5>,
  ""completeness"": <integer 1-5>,
  ""rationale"": ""short explanation""
}

Evaluate this Task 2 explanation.

val_id: 333
img_id: clb0kvxuy8zvk074y8v9e9m25
question: Are there any medical instruments visible in the image?
reference_answer_if_available: 
predicted_answer: No foreign bodies or instruments observed
confidence_score: 0.8702
textual_explanation: The CATA-Final model predicts ""No foreign bodies or instruments observed"". The newly generated visual explanation highlights morphology/TDA structural support, color and mucosal-texture support, a relatively focal heatmap region, possible specular artifact burden. Targeted self-probes for this instrument question supported the primary answer: No foreign bodies or instruments observed; No instruments are visible in the image.; No surgical instruments visualized. Overall support is moderate; the reliability score combines morphology/TDA saliency, heatmap concentration, color/texture support, artifact burden, answer specificity, and self-probe agreement. The original question was: Are there any medical instruments visible in the image?. This explanation is intended for clinician review and should be interpreted alongside the image rather than as a standalone diagnosis.
visual_explanation_summary:
- type=heatmap; path=visuals/0333_heatmap.png; description=Fresh CATA-Final / D1 heatmap combining morphology/TDA saliency, color/edge evidence, and artifact suppression.
- type=evidence_json; path=visuals/0333_evidence.json; description=Structured visual evidence and confidence inputs used by the explanation generator.

Remember: return strict JSON only."
73,334,clb0kvxw191i0074ygbzn4eny,Is there any visible medical instrument in the image?,No foreign instruments observed,"Score each criterion from 1 to 5:
1 = poor, 2 = weak, 3 = acceptable, 4 = good, 5 = excellent.

Criteria:
- correctness: the answer and explanation are consistent with the question and available reference information.
- faithfulness: the explanation supports the predicted answer without inventing unsupported claims.
- relevance: the explanation focuses on visual/question evidence that matters for the answer.
- clarity: the explanation is readable, concise, and clinically understandable.
- completeness: the explanation covers the key evidence needed to justify the answer.

Return JSON with exactly these keys:
{
  ""correctness"": <integer 1-5>,
  ""faithfulness"": <integer 1-5>,
  ""relevance"": <integer 1-5>,
  ""clarity"": <integer 1-5>,
  ""completeness"": <integer 1-5>,
  ""rationale"": ""short explanation""
}

Evaluate this Task 2 explanation.

val_id: 334
img_id: clb0kvxw191i0074ygbzn4eny
question: Is there any visible medical instrument in the image?
reference_answer_if_available: 
predicted_answer: No foreign instruments observed
confidence_score: 0.8802
textual_explanation: The CATA-Final model predicts ""No foreign instruments observed"". The newly generated visual explanation highlights morphology/TDA structural support, color and mucosal-texture support, a relatively focal heatmap region, possible specular artifact burden. Targeted self-probes for this instrument question supported the primary answer: No foreign bodies or instruments observed; in multiple regions including center, upper-left, and lower-right; No surgical instruments visualized. Overall support is moderate; the reliability score combines morphology/TDA saliency, heatmap concentration, color/texture support, artifact burden, answer specificity, and self-probe agreement. The original question was: Is there any visible medical instrument in the image?. This explanation is intended for clinician review and should be interpreted alongside the image rather than as a standalone diagnosis.
visual_explanation_summary:
- type=heatmap; path=visuals/0334_heatmap.png; description=Fresh CATA-Final / D1 heatmap combining morphology/TDA saliency, color/edge evidence, and artifact suppression.
- type=evidence_json; path=visuals/0334_evidence.json; description=Structured visual evidence and confidence inputs used by the explanation generator.

Remember: return strict JSON only."
74,337,clb0lbwzadoy0086udnrb45ab,What is the color of the lesion observed?,pink-colored lesion noted,"Score each criterion from 1 to 5:
1 = poor, 2 = weak, 3 = acceptable, 4 = good, 5 = excellent.

Criteria:
- correctness: the answer and explanation are consistent with the question and available reference information.
- faithfulness: the explanation supports the predicted answer without inventing unsupported claims.
- relevance: the explanation focuses on visual/question evidence that matters for the answer.
- clarity: the explanation is readable, concise, and clinically understandable.
- completeness: the explanation covers the key evidence needed to justify the answer.

Return JSON with exactly these keys:
{
  ""correctness"": <integer 1-5>,
  ""faithfulness"": <integer 1-5>,
  ""relevance"": <integer 1-5>,
  ""clarity"": <integer 1-5>,
  ""completeness"": <integer 1-5>,
  ""rationale"": ""short explanation""
}

Evaluate this Task 2 explanation.

val_id: 337
img_id: clb0lbwzadoy0086udnrb45ab
question: What is the color of the lesion observed?
reference_answer_if_available: 
predicted_answer: pink-colored lesion noted
confidence_score: 0.8677
textual_explanation: The CATA-Final model predicts ""pink-colored lesion noted"". The newly generated visual explanation highlights morphology/TDA structural support, color and mucosal-texture support, a relatively focal heatmap region, possible specular artifact burden. Targeted self-probes for this color question supported the primary answer: red and pink discoloration noted; mucosal erythema present; Multiple color changes including pink, red, white, and yellow are present.. Overall support is moderate; the reliability score combines morphology/TDA saliency, heatmap concentration, color/texture support, artifact burden, answer specificity, and self-probe agreement. The original question was: What is the color of the lesion observed?. This explanation is intended for clinician review and should be interpreted alongside the image rather than as a standalone diagnosis.
visual_explanation_summary:
- type=heatmap; path=visuals/0337_heatmap.png; description=Fresh CATA-Final / D1 heatmap combining morphology/TDA saliency, color/edge evidence, and artifact suppression.
- type=evidence_json; path=visuals/0337_evidence.json; description=Structured visual evidence and confidence inputs used by the explanation generator.

Remember: return strict JSON only."
75,338,cla820gn8s6p3071u4m5yajd3,Is there any polyp present?,No polyp identified,"Score each criterion from 1 to 5:
1 = poor, 2 = weak, 3 = acceptable, 4 = good, 5 = excellent.

Criteria:
- correctness: the answer and explanation are consistent with the question and available reference information.
- faithfulness: the explanation supports the predicted answer without inventing unsupported claims.
- relevance: the explanation focuses on visual/question evidence that matters for the answer.
- clarity: the explanation is readable, concise, and clinically understandable.
- completeness: the explanation covers the key evidence needed to justify the answer.

Return JSON with exactly these keys:
{
  ""correctness"": <integer 1-5>,
  ""faithfulness"": <integer 1-5>,
  ""relevance"": <integer 1-5>,
  ""clarity"": <integer 1-5>,
  ""completeness"": <integer 1-5>,
  ""rationale"": ""short explanation""
}

Evaluate this Task 2 explanation.

val_id: 338
img_id: cla820gn8s6p3071u4m5yajd3
question: Is there any polyp present?
reference_answer_if_available: 
predicted_answer: No polyp identified
confidence_score: 0.7895
textual_explanation: The CATA-Final model predicts ""No polyp identified"". The newly generated visual explanation highlights morphology/TDA structural support, color and mucosal-texture support, a relatively focal heatmap region. Targeted self-probes for this lesion question produced mixed support: No polypoid lesion identified, with no evidence of mucosal abnormalities; No polyp identified with no central or upper-lower region involvement.; evidence of inflammatory changes consistent with ulcerative colitis. Because these probes do not fully agree with the primary answer, the explanation is treated cautiously. Overall support is mixed; the reliability score combines morphology/TDA saliency, heatmap concentration, color/texture support, artifact burden, answer specificity, and self-probe agreement. The original question was: Is there any polyp present?. This explanation is intended for clinician review and should be interpreted alongside the image rather than as a standalone diagnosis.
visual_explanation_summary:
- type=heatmap; path=visuals/0338_heatmap.png; description=Fresh CATA-Final / D1 heatmap combining morphology/TDA saliency, color/edge evidence, and artifact suppression.
- type=evidence_json; path=visuals/0338_evidence.json; description=Structured visual evidence and confidence inputs used by the explanation generator.

Remember: return strict JSON only."
76,340,cla820gmys6f3071u1oh36llx,Are there any abnormalities present in the image?,evidence of inflammatory changes consistent with ulcerative colitis,"Score each criterion from 1 to 5:
1 = poor, 2 = weak, 3 = acceptable, 4 = good, 5 = excellent.

Criteria:
- correctness: the answer and explanation are consistent with the question and available reference information.
- faithfulness: the explanation supports the predicted answer without inventing unsupported claims.
- relevance: the explanation focuses on visual/question evidence that matters for the answer.
- clarity: the explanation is readable, concise, and clinically understandable.
- completeness: the explanation covers the key evidence needed to justify the answer.

Return JSON with exactly these keys:
{
  ""correctness"": <integer 1-5>,
  ""faithfulness"": <integer 1-5>,
  ""relevance"": <integer 1-5>,
  ""clarity"": <integer 1-5>,
  ""completeness"": <integer 1-5>,
  ""rationale"": ""short explanation""
}

Evaluate this Task 2 explanation.

val_id: 340
img_id: cla820gmys6f3071u1oh36llx
question: Are there any abnormalities present in the image?
reference_answer_if_available: 
predicted_answer: evidence of inflammatory changes consistent with ulcerative colitis
confidence_score: 0.749
textual_explanation: The CATA-Final model predicts ""evidence of inflammatory changes consistent with ulcerative colitis"". The newly generated visual explanation highlights morphology/TDA structural support, color and mucosal-texture support, a relatively focal heatmap region. Targeted self-probes for this lesion question produced mixed support: No polypoid lesion identified, with no evidence of mucosal abnormalities; No polyp identified with no central or peripheral involvement.; evidence of inflammatory changes consistent with ulcerative colitis. Because these probes do not fully agree with the primary answer, the explanation is treated cautiously. Overall support is mixed; the reliability score combines morphology/TDA saliency, heatmap concentration, color/texture support, artifact burden, answer specificity, and self-probe agreement. The original question was: Are there any abnormalities present in the image?. This explanation is intended for clinician review and should be interpreted alongside the image rather than as a standalone diagnosis.
visual_explanation_summary:
- type=heatmap; path=visuals/0340_heatmap.png; description=Fresh CATA-Final / D1 heatmap combining morphology/TDA saliency, color/edge evidence, and artifact suppression.
- type=evidence_json; path=visuals/0340_evidence.json; description=Structured visual evidence and confidence inputs used by the explanation generator.

Remember: return strict JSON only."
77,350,cla820gl9s42b071uhcii678h,Are there any medical instruments visible in the image?,No foreign bodies or instruments observed,"Score each criterion from 1 to 5:
1 = poor, 2 = weak, 3 = acceptable, 4 = good, 5 = excellent.

Criteria:
- correctness: the answer and explanation are consistent with the question and available reference information.
- faithfulness: the explanation supports the predicted answer without inventing unsupported claims.
- relevance: the explanation focuses on visual/question evidence that matters for the answer.
- clarity: the explanation is readable, concise, and clinically understandable.
- completeness: the explanation covers the key evidence needed to justify the answer.

Return JSON with exactly these keys:
{
  ""correctness"": <integer 1-5>,
  ""faithfulness"": <integer 1-5>,
  ""relevance"": <integer 1-5>,
  ""clarity"": <integer 1-5>,
  ""completeness"": <integer 1-5>,
  ""rationale"": ""short explanation""
}

Evaluate this Task 2 explanation.

val_id: 350
img_id: cla820gl9s42b071uhcii678h
question: Are there any medical instruments visible in the image?
reference_answer_if_available: 
predicted_answer: No foreign bodies or instruments observed
confidence_score: 0.95
textual_explanation: The CATA-Final model predicts ""No foreign bodies or instruments observed"". The newly generated visual explanation highlights morphology/TDA structural support, color and mucosal-texture support, a relatively focal heatmap region, possible specular artifact burden. Targeted self-probes for this instrument question supported the primary answer: No foreign bodies or instruments observed; No instruments are visible in the image; No surgical instruments visualized. Overall support is moderate; the reliability score combines morphology/TDA saliency, heatmap concentration, color/texture support, artifact burden, answer specificity, and self-probe agreement. The original question was: Are there any medical instruments visible in the image?. This explanation is intended for clinician review and should be interpreted alongside the image rather than as a standalone diagnosis.
visual_explanation_summary:
- type=heatmap; path=visuals/0350_heatmap.png; description=Fresh CATA-Final / D1 heatmap combining morphology/TDA saliency, color/edge evidence, and artifact suppression.
- type=evidence_json; path=visuals/0350_evidence.json; description=Structured visual evidence and confidence inputs used by the explanation generator.

Remember: return strict JSON only."
78,365,cl8k2u1ri1g6z0832bhcvbzco,Is there any text present?,Text is visible on the image,"Score each criterion from 1 to 5:
1 = poor, 2 = weak, 3 = acceptable, 4 = good, 5 = excellent.

Criteria:
- correctness: the answer and explanation are consistent with the question and available reference information.
- faithfulness: the explanation supports the predicted answer without inventing unsupported claims.
- relevance: the explanation focuses on visual/question evidence that matters for the answer.
- clarity: the explanation is readable, concise, and clinically understandable.
- completeness: the explanation covers the key evidence needed to justify the answer.

Return JSON with exactly these keys:
{
  ""correctness"": <integer 1-5>,
  ""faithfulness"": <integer 1-5>,
  ""relevance"": <integer 1-5>,
  ""clarity"": <integer 1-5>,
  ""completeness"": <integer 1-5>,
  ""rationale"": ""short explanation""
}

Evaluate this Task 2 explanation.

val_id: 365
img_id: cl8k2u1ri1g6z0832bhcvbzco
question: Is there any text present?
reference_answer_if_available: 
predicted_answer: Text is visible on the image
confidence_score: 0.95
textual_explanation: The CATA-Final model predicts ""Text is visible on the image"". The newly generated visual explanation highlights morphology/TDA structural support, color and mucosal-texture support, a relatively focal heatmap region. Targeted self-probes for this visible_text question supported the primary answer: Text and label are present in the image; text observed in upper-right and center-left regions; text is present on the image. Overall support is moderate; the reliability score combines morphology/TDA saliency, heatmap concentration, color/texture support, artifact burden, answer specificity, and self-probe agreement. The original question was: Is there any text present?. This explanation is intended for clinician review and should be interpreted alongside the image rather than as a standalone diagnosis.
visual_explanation_summary:
- type=heatmap; path=visuals/0365_heatmap.png; description=Fresh CATA-Final / D1 heatmap combining morphology/TDA saliency, color/edge evidence, and artifact suppression.
- type=evidence_json; path=visuals/0365_evidence.json; description=Structured visual evidence and confidence inputs used by the explanation generator.

Remember: return strict JSON only."
79,375,cla820gmcs5k3071u6se0ha5o,Is there any visible instrument in the image?,No instruments are visible,"Score each criterion from 1 to 5:
1 = poor, 2 = weak, 3 = acceptable, 4 = good, 5 = excellent.

Criteria:
- correctness: the answer and explanation are consistent with the question and available reference information.
- faithfulness: the explanation supports the predicted answer without inventing unsupported claims.
- relevance: the explanation focuses on visual/question evidence that matters for the answer.
- clarity: the explanation is readable, concise, and clinically understandable.
- completeness: the explanation covers the key evidence needed to justify the answer.

Return JSON with exactly these keys:
{
  ""correctness"": <integer 1-5>,
  ""faithfulness"": <integer 1-5>,
  ""relevance"": <integer 1-5>,
  ""clarity"": <integer 1-5>,
  ""completeness"": <integer 1-5>,
  ""rationale"": ""short explanation""
}

Evaluate this Task 2 explanation.

val_id: 375
img_id: cla820gmcs5k3071u6se0ha5o
question: Is there any visible instrument in the image?
reference_answer_if_available: 
predicted_answer: No instruments are visible
confidence_score: 0.95
textual_explanation: The CATA-Final model predicts ""No instruments are visible"". The newly generated visual explanation highlights morphology/TDA structural support, color and mucosal-texture support, a relatively focal heatmap region. Targeted self-probes for this instrument question supported the primary answer: No foreign bodies or instruments observed; No instruments are visible in the image; No surgical instruments visualized. Overall support is moderate; the reliability score combines morphology/TDA saliency, heatmap concentration, color/texture support, artifact burden, answer specificity, and self-probe agreement. The original question was: Is there any visible instrument in the image?. This explanation is intended for clinician review and should be interpreted alongside the image rather than as a standalone diagnosis.
visual_explanation_summary:
- type=heatmap; path=visuals/0375_heatmap.png; description=Fresh CATA-Final / D1 heatmap combining morphology/TDA saliency, color/edge evidence, and artifact suppression.
- type=evidence_json; path=visuals/0375_evidence.json; description=Structured visual evidence and confidence inputs used by the explanation generator.

Remember: return strict JSON only."
80,388,cla820gmfs5nr071ueghc9d0l,What are the colors of the abnormal lesions observed?,"multiple lesions with pink, red, and white discoloration","Score each criterion from 1 to 5:
1 = poor, 2 = weak, 3 = acceptable, 4 = good, 5 = excellent.

Criteria:
- correctness: the answer and explanation are consistent with the question and available reference information.
- faithfulness: the explanation supports the predicted answer without inventing unsupported claims.
- relevance: the explanation focuses on visual/question evidence that matters for the answer.
- clarity: the explanation is readable, concise, and clinically understandable.
- completeness: the explanation covers the key evidence needed to justify the answer.

Return JSON with exactly these keys:
{
  ""correctness"": <integer 1-5>,
  ""faithfulness"": <integer 1-5>,
  ""relevance"": <integer 1-5>,
  ""clarity"": <integer 1-5>,
  ""completeness"": <integer 1-5>,
  ""rationale"": ""short explanation""
}

Evaluate this Task 2 explanation.

val_id: 388
img_id: cla820gmfs5nr071ueghc9d0l
question: What are the colors of the abnormal lesions observed?
reference_answer_if_available: 
predicted_answer: multiple lesions with pink, red, and white discoloration
confidence_score: 0.95
textual_explanation: The CATA-Final model predicts ""multiple lesions with pink, red, and white discoloration"". The newly generated visual explanation highlights morphology/TDA structural support, color and mucosal-texture support, a relatively focal heatmap region, possible specular artifact burden. Targeted self-probes for this color question supported the primary answer: multiple colors including pink, red, white, and yellow; evidence of mucosal erythema; Multiple color changes including pink, red, white, and yellow are present.. Overall support is moderate; the reliability score combines morphology/TDA saliency, heatmap concentration, color/texture support, artifact burden, answer specificity, and self-probe agreement. The original question was: What are the colors of the abnormal lesions observed?. This explanation is intended for clinician review and should be interpreted alongside the image rather than as a standalone diagnosis.
visual_explanation_summary:
- type=heatmap; path=visuals/0388_heatmap.png; description=Fresh CATA-Final / D1 heatmap combining morphology/TDA saliency, color/edge evidence, and artifact suppression.
- type=evidence_json; path=visuals/0388_evidence.json; description=Structured visual evidence and confidence inputs used by the explanation generator.

Remember: return strict JSON only."
81,389,clb0lbx1jdqik086uh8at2zmv,How many instruments are visible in the image?,One surgical instrument present,"Score each criterion from 1 to 5:
1 = poor, 2 = weak, 3 = acceptable, 4 = good, 5 = excellent.

Criteria:
- correctness: the answer and explanation are consistent with the question and available reference information.
- faithfulness: the explanation supports the predicted answer without inventing unsupported claims.
- relevance: the explanation focuses on visual/question evidence that matters for the answer.
- clarity: the explanation is readable, concise, and clinically understandable.
- completeness: the explanation covers the key evidence needed to justify the answer.

Return JSON with exactly these keys:
{
  ""correctness"": <integer 1-5>,
  ""faithfulness"": <integer 1-5>,
  ""relevance"": <integer 1-5>,
  ""clarity"": <integer 1-5>,
  ""completeness"": <integer 1-5>,
  ""rationale"": ""short explanation""
}

Evaluate this Task 2 explanation.

val_id: 389
img_id: clb0lbx1jdqik086uh8at2zmv
question: How many instruments are visible in the image?
reference_answer_if_available: 
predicted_answer: One surgical instrument present
confidence_score: 0.9318
textual_explanation: The CATA-Final model predicts ""One surgical instrument present"". The newly generated visual explanation highlights morphology/TDA structural support, color and mucosal-texture support, a relatively focal heatmap region, possible specular artifact burden. Targeted self-probes for this instrument question supported the primary answer: tube visible in the abdominal region; in multiple regions including center, upper-left, and lower-center; No visible instruments detected. Overall support is moderate; the reliability score combines morphology/TDA saliency, heatmap concentration, color/texture support, artifact burden, answer specificity, and self-probe agreement. The original question was: How many instruments are visible in the image?. This explanation is intended for clinician review and should be interpreted alongside the image rather than as a standalone diagnosis.
visual_explanation_summary:
- type=heatmap; path=visuals/0389_heatmap.png; description=Fresh CATA-Final / D1 heatmap combining morphology/TDA saliency, color/edge evidence, and artifact suppression.
- type=evidence_json; path=visuals/0389_evidence.json; description=Structured visual evidence and confidence inputs used by the explanation generator.

Remember: return strict JSON only."
82,392,cla820gmws6d7071u107x0f3p,Are there any green or black box artifacts present?,No evidence of box artifacts observed,"Score each criterion from 1 to 5:
1 = poor, 2 = weak, 3 = acceptable, 4 = good, 5 = excellent.

Criteria:
- correctness: the answer and explanation are consistent with the question and available reference information.
- faithfulness: the explanation supports the predicted answer without inventing unsupported claims.
- relevance: the explanation focuses on visual/question evidence that matters for the answer.
- clarity: the explanation is readable, concise, and clinically understandable.
- completeness: the explanation covers the key evidence needed to justify the answer.

Return JSON with exactly these keys:
{
  ""correctness"": <integer 1-5>,
  ""faithfulness"": <integer 1-5>,
  ""relevance"": <integer 1-5>,
  ""clarity"": <integer 1-5>,
  ""completeness"": <integer 1-5>,
  ""rationale"": ""short explanation""
}

Evaluate this Task 2 explanation.

val_id: 392
img_id: cla820gmws6d7071u107x0f3p
question: Are there any green or black box artifacts present?
reference_answer_if_available: 
predicted_answer: No evidence of box artifacts observed
confidence_score: 0.7874
textual_explanation: The CATA-Final model predicts ""No evidence of box artifacts observed"". The newly generated visual explanation highlights morphology/TDA structural support, color and mucosal-texture support, a relatively focal heatmap region. Targeted self-probes for this color question produced mixed support: multiple colors including pink, red, white, and yellow; evidence of mucosal erythema; Multiple color changes including pink, red, white, and yellow are present.. Because these probes do not fully agree with the primary answer, the explanation is treated cautiously. Overall support is mixed; the reliability score combines morphology/TDA saliency, heatmap concentration, color/texture support, artifact burden, answer specificity, and self-probe agreement. The original question was: Are there any green or black box artifacts present?. This explanation is intended for clinician review and should be interpreted alongside the image rather than as a standalone diagnosis.
visual_explanation_summary:
- type=heatmap; path=visuals/0392_heatmap.png; description=Fresh CATA-Final / D1 heatmap combining morphology/TDA saliency, color/edge evidence, and artifact suppression.
- type=evidence_json; path=visuals/0392_evidence.json; description=Structured visual evidence and confidence inputs used by the explanation generator.

Remember: return strict JSON only."
83,393,cl8k2u1pn1dwn083249fm9awa,Is there any text visible on the image?,Text is present on the image,"Score each criterion from 1 to 5:
1 = poor, 2 = weak, 3 = acceptable, 4 = good, 5 = excellent.

Criteria:
- correctness: the answer and explanation are consistent with the question and available reference information.
- faithfulness: the explanation supports the predicted answer without inventing unsupported claims.
- relevance: the explanation focuses on visual/question evidence that matters for the answer.
- clarity: the explanation is readable, concise, and clinically understandable.
- completeness: the explanation covers the key evidence needed to justify the answer.

Return JSON with exactly these keys:
{
  ""correctness"": <integer 1-5>,
  ""faithfulness"": <integer 1-5>,
  ""relevance"": <integer 1-5>,
  ""clarity"": <integer 1-5>,
  ""completeness"": <integer 1-5>,
  ""rationale"": ""short explanation""
}

Evaluate this Task 2 explanation.

val_id: 393
img_id: cl8k2u1pn1dwn083249fm9awa
question: Is there any text visible on the image?
reference_answer_if_available: 
predicted_answer: Text is present on the image
confidence_score: 0.95
textual_explanation: The CATA-Final model predicts ""Text is present on the image"". The newly generated visual explanation highlights morphology/TDA structural support, color and mucosal-texture support, a relatively focal heatmap region. Targeted self-probes for this visible_text question supported the primary answer: Text is present in the image; text observed in central and upper regions; text is present on the image. Overall support is moderate; the reliability score combines morphology/TDA saliency, heatmap concentration, color/texture support, artifact burden, answer specificity, and self-probe agreement. The original question was: Is there any text visible on the image?. This explanation is intended for clinician review and should be interpreted alongside the image rather than as a standalone diagnosis.
visual_explanation_summary:
- type=heatmap; path=visuals/0393_heatmap.png; description=Fresh CATA-Final / D1 heatmap combining morphology/TDA saliency, color/edge evidence, and artifact suppression.
- type=evidence_json; path=visuals/0393_evidence.json; description=Structured visual evidence and confidence inputs used by the explanation generator.

Remember: return strict JSON only."
84,407,cla820gl8s41j071u1d8t428t,Are there any instruments visible in the image?,No surgical instruments identified,"Score each criterion from 1 to 5:
1 = poor, 2 = weak, 3 = acceptable, 4 = good, 5 = excellent.

Criteria:
- correctness: the answer and explanation are consistent with the question and available reference information.
- faithfulness: the explanation supports the predicted answer without inventing unsupported claims.
- relevance: the explanation focuses on visual/question evidence that matters for the answer.
- clarity: the explanation is readable, concise, and clinically understandable.
- completeness: the explanation covers the key evidence needed to justify the answer.

Return JSON with exactly these keys:
{
  ""correctness"": <integer 1-5>,
  ""faithfulness"": <integer 1-5>,
  ""relevance"": <integer 1-5>,
  ""clarity"": <integer 1-5>,
  ""completeness"": <integer 1-5>,
  ""rationale"": ""short explanation""
}

Evaluate this Task 2 explanation.

val_id: 407
img_id: cla820gl8s41j071u1d8t428t
question: Are there any instruments visible in the image?
reference_answer_if_available: 
predicted_answer: No surgical instruments identified
confidence_score: 0.95
textual_explanation: The CATA-Final model predicts ""No surgical instruments identified"". The newly generated visual explanation highlights morphology/TDA structural support, color and mucosal-texture support, a relatively focal heatmap region. Targeted self-probes for this instrument question supported the primary answer: No foreign bodies or instruments observed; No instruments are visible in the image.; No surgical instruments visualized. Overall support is moderate; the reliability score combines morphology/TDA saliency, heatmap concentration, color/texture support, artifact burden, answer specificity, and self-probe agreement. The original question was: Are there any instruments visible in the image?. This explanation is intended for clinician review and should be interpreted alongside the image rather than as a standalone diagnosis.
visual_explanation_summary:
- type=heatmap; path=visuals/0407_heatmap.png; description=Fresh CATA-Final / D1 heatmap combining morphology/TDA saliency, color/edge evidence, and artifact suppression.
- type=evidence_json; path=visuals/0407_evidence.json; description=Structured visual evidence and confidence inputs used by the explanation generator.

Remember: return strict JSON only."
85,411,clb0lbwycdo0g086u7c1p4gd4,Are there any medical instruments visible in the image?,tube visible in the abdominal region,"Score each criterion from 1 to 5:
1 = poor, 2 = weak, 3 = acceptable, 4 = good, 5 = excellent.

Criteria:
- correctness: the answer and explanation are consistent with the question and available reference information.
- faithfulness: the explanation supports the predicted answer without inventing unsupported claims.
- relevance: the explanation focuses on visual/question evidence that matters for the answer.
- clarity: the explanation is readable, concise, and clinically understandable.
- completeness: the explanation covers the key evidence needed to justify the answer.

Return JSON with exactly these keys:
{
  ""correctness"": <integer 1-5>,
  ""faithfulness"": <integer 1-5>,
  ""relevance"": <integer 1-5>,
  ""clarity"": <integer 1-5>,
  ""completeness"": <integer 1-5>,
  ""rationale"": ""short explanation""
}

Evaluate this Task 2 explanation.

val_id: 411
img_id: clb0lbwycdo0g086u7c1p4gd4
question: Are there any medical instruments visible in the image?
reference_answer_if_available: 
predicted_answer: tube visible in the abdominal region
confidence_score: 0.9336
textual_explanation: The CATA-Final model predicts ""tube visible in the abdominal region"". The newly generated visual explanation highlights morphology/TDA structural support, color and mucosal-texture support, a relatively focal heatmap region. Targeted self-probes for this instrument question supported the primary answer: tube visible in the abdominal region; instruments located in upper-central and upper-left regions; No visible instruments detected. Overall support is moderate; the reliability score combines morphology/TDA saliency, heatmap concentration, color/texture support, artifact burden, answer specificity, and self-probe agreement. The original question was: Are there any medical instruments visible in the image?. This explanation is intended for clinician review and should be interpreted alongside the image rather than as a standalone diagnosis.
visual_explanation_summary:
- type=heatmap; path=visuals/0411_heatmap.png; description=Fresh CATA-Final / D1 heatmap combining morphology/TDA saliency, color/edge evidence, and artifact suppression.
- type=evidence_json; path=visuals/0411_evidence.json; description=Structured visual evidence and confidence inputs used by the explanation generator.

Remember: return strict JSON only."
86,429,cla820gmhs5qn071u9bmz8gwt,Which anatomical landmark is visible in the image?,no anatomical landmark identified,"Score each criterion from 1 to 5:
1 = poor, 2 = weak, 3 = acceptable, 4 = good, 5 = excellent.

Criteria:
- correctness: the answer and explanation are consistent with the question and available reference information.
- faithfulness: the explanation supports the predicted answer without inventing unsupported claims.
- relevance: the explanation focuses on visual/question evidence that matters for the answer.
- clarity: the explanation is readable, concise, and clinically understandable.
- completeness: the explanation covers the key evidence needed to justify the answer.

Return JSON with exactly these keys:
{
  ""correctness"": <integer 1-5>,
  ""faithfulness"": <integer 1-5>,
  ""relevance"": <integer 1-5>,
  ""clarity"": <integer 1-5>,
  ""completeness"": <integer 1-5>,
  ""rationale"": ""short explanation""
}

Evaluate this Task 2 explanation.

val_id: 429
img_id: cla820gmhs5qn071u9bmz8gwt
question: Which anatomical landmark is visible in the image?
reference_answer_if_available: 
predicted_answer: no anatomical landmark identified
confidence_score: 0.7509
textual_explanation: The CATA-Final model predicts ""no anatomical landmark identified"". The newly generated visual explanation highlights morphology/TDA structural support, color and mucosal-texture support, a relatively focal heatmap region, possible specular artifact burden. Targeted self-probes for this generic question produced mixed support: evidence of ulcerative colitis involvement; No evidence of imaging artifacts present; evidence distributed across multiple regions. Because these probes do not fully agree with the primary answer, the explanation is treated cautiously. Overall support is mixed; the reliability score combines morphology/TDA saliency, heatmap concentration, color/texture support, artifact burden, answer specificity, and self-probe agreement. The original question was: Which anatomical landmark is visible in the image?. This explanation is intended for clinician review and should be interpreted alongside the image rather than as a standalone diagnosis.
visual_explanation_summary:
- type=heatmap; path=visuals/0429_heatmap.png; description=Fresh CATA-Final / D1 heatmap combining morphology/TDA saliency, color/edge evidence, and artifact suppression.
- type=evidence_json; path=visuals/0429_evidence.json; description=Structured visual evidence and confidence inputs used by the explanation generator.

Remember: return strict JSON only."
87,432,clb0kvxwa91wc074yfxqkb2jo,Are there any abnormalities visible in the image? Please indicate all present findings.,evidence of esophageal inflammation,"Score each criterion from 1 to 5:
1 = poor, 2 = weak, 3 = acceptable, 4 = good, 5 = excellent.

Criteria:
- correctness: the answer and explanation are consistent with the question and available reference information.
- faithfulness: the explanation supports the predicted answer without inventing unsupported claims.
- relevance: the explanation focuses on visual/question evidence that matters for the answer.
- clarity: the explanation is readable, concise, and clinically understandable.
- completeness: the explanation covers the key evidence needed to justify the answer.

Return JSON with exactly these keys:
{
  ""correctness"": <integer 1-5>,
  ""faithfulness"": <integer 1-5>,
  ""relevance"": <integer 1-5>,
  ""clarity"": <integer 1-5>,
  ""completeness"": <integer 1-5>,
  ""rationale"": ""short explanation""
}

Evaluate this Task 2 explanation.

val_id: 432
img_id: clb0kvxwa91wc074yfxqkb2jo
question: Are there any abnormalities visible in the image? Please indicate all present findings.
reference_answer_if_available: 
predicted_answer: evidence of esophageal inflammation
confidence_score: 0.5962
textual_explanation: The CATA-Final model predicts ""evidence of esophageal inflammation"". The newly generated visual explanation highlights morphology/TDA structural support, color and mucosal-texture support, diffuse heatmap evidence, possible specular artifact burden. Targeted self-probes for this lesion question produced mixed support: No polypoid lesion identified, with no evidence of mucosal abnormalities; No polyp identified with no central or upper-lateral involvement; evidence of esophageal inflammation. Because these probes do not fully agree with the primary answer, the explanation is treated cautiously. Overall support is mixed; the reliability score combines morphology/TDA saliency, heatmap concentration, color/texture support, artifact burden, answer specificity, and self-probe agreement. The original question was: Are there any abnormalities visible in the image? Please indicate all present findings.. This explanation is intended for clinician review and should be interpreted alongside the image rather than as a standalone diagnosis.
visual_explanation_summary:
- type=heatmap; path=visuals/0432_heatmap.png; description=Fresh CATA-Final / D1 heatmap combining morphology/TDA saliency, color/edge evidence, and artifact suppression.
- type=evidence_json; path=visuals/0432_evidence.json; description=Structured visual evidence and confidence inputs used by the explanation generator.

Remember: return strict JSON only."
88,433,clb0kvxuw8zsw074yc0dmf2ar,Are there any surgical instruments visible in the image?,No surgical instruments observed,"Score each criterion from 1 to 5:
1 = poor, 2 = weak, 3 = acceptable, 4 = good, 5 = excellent.

Criteria:
- correctness: the answer and explanation are consistent with the question and available reference information.
- faithfulness: the explanation supports the predicted answer without inventing unsupported claims.
- relevance: the explanation focuses on visual/question evidence that matters for the answer.
- clarity: the explanation is readable, concise, and clinically understandable.
- completeness: the explanation covers the key evidence needed to justify the answer.

Return JSON with exactly these keys:
{
  ""correctness"": <integer 1-5>,
  ""faithfulness"": <integer 1-5>,
  ""relevance"": <integer 1-5>,
  ""clarity"": <integer 1-5>,
  ""completeness"": <integer 1-5>,
  ""rationale"": ""short explanation""
}

Evaluate this Task 2 explanation.

val_id: 433
img_id: clb0kvxuw8zsw074yc0dmf2ar
question: Are there any surgical instruments visible in the image?
reference_answer_if_available: 
predicted_answer: No surgical instruments observed
confidence_score: 0.7796
textual_explanation: The CATA-Final model predicts ""No surgical instruments observed"". The newly generated visual explanation highlights morphology/TDA structural support, color and mucosal-texture support, a relatively focal heatmap region, possible specular artifact burden. Targeted self-probes for this instrument question supported the primary answer: No foreign bodies or instruments observed; No instruments are visible in the image; No surgical instruments visualized. Overall support is moderate; the reliability score combines morphology/TDA saliency, heatmap concentration, color/texture support, artifact burden, answer specificity, and self-probe agreement. The original question was: Are there any surgical instruments visible in the image?. This explanation is intended for clinician review and should be interpreted alongside the image rather than as a standalone diagnosis.
visual_explanation_summary:
- type=heatmap; path=visuals/0433_heatmap.png; description=Fresh CATA-Final / D1 heatmap combining morphology/TDA saliency, color/edge evidence, and artifact suppression.
- type=evidence_json; path=visuals/0433_evidence.json; description=Structured visual evidence and confidence inputs used by the explanation generator.

Remember: return strict JSON only."
89,435,cl8k2u1ra1ftv0832g01j6sp5,Which anatomical landmarks are visible in the image?,No anatomical landmarks identified,"Score each criterion from 1 to 5:
1 = poor, 2 = weak, 3 = acceptable, 4 = good, 5 = excellent.

Criteria:
- correctness: the answer and explanation are consistent with the question and available reference information.
- faithfulness: the explanation supports the predicted answer without inventing unsupported claims.
- relevance: the explanation focuses on visual/question evidence that matters for the answer.
- clarity: the explanation is readable, concise, and clinically understandable.
- completeness: the explanation covers the key evidence needed to justify the answer.

Return JSON with exactly these keys:
{
  ""correctness"": <integer 1-5>,
  ""faithfulness"": <integer 1-5>,
  ""relevance"": <integer 1-5>,
  ""clarity"": <integer 1-5>,
  ""completeness"": <integer 1-5>,
  ""rationale"": ""short explanation""
}

Evaluate this Task 2 explanation.

val_id: 435
img_id: cl8k2u1ra1ftv0832g01j6sp5
question: Which anatomical landmarks are visible in the image?
reference_answer_if_available: 
predicted_answer: No anatomical landmarks identified
confidence_score: 0.7563
textual_explanation: The CATA-Final model predicts ""No anatomical landmarks identified"". The newly generated visual explanation highlights morphology/TDA structural support, color and mucosal-texture support, a relatively focal heatmap region. Targeted self-probes for this generic question produced mixed support: evidence of colonic polyp; No evidence of green or black box artifacts; focal abnormality noted. Because these probes do not fully agree with the primary answer, the explanation is treated cautiously. Overall support is mixed; the reliability score combines morphology/TDA saliency, heatmap concentration, color/texture support, artifact burden, answer specificity, and self-probe agreement. The original question was: Which anatomical landmarks are visible in the image?. This explanation is intended for clinician review and should be interpreted alongside the image rather than as a standalone diagnosis.
visual_explanation_summary:
- type=heatmap; path=visuals/0435_heatmap.png; description=Fresh CATA-Final / D1 heatmap combining morphology/TDA saliency, color/edge evidence, and artifact suppression.
- type=evidence_json; path=visuals/0435_evidence.json; description=Structured visual evidence and confidence inputs used by the explanation generator.

Remember: return strict JSON only."
90,437,cla820gmts68v071u6o2xebr1,Which anatomical landmark is visible in the image?,no anatomical landmark identified,"Score each criterion from 1 to 5:
1 = poor, 2 = weak, 3 = acceptable, 4 = good, 5 = excellent.

Criteria:
- correctness: the answer and explanation are consistent with the question and available reference information.
- faithfulness: the explanation supports the predicted answer without inventing unsupported claims.
- relevance: the explanation focuses on visual/question evidence that matters for the answer.
- clarity: the explanation is readable, concise, and clinically understandable.
- completeness: the explanation covers the key evidence needed to justify the answer.

Return JSON with exactly these keys:
{
  ""correctness"": <integer 1-5>,
  ""faithfulness"": <integer 1-5>,
  ""relevance"": <integer 1-5>,
  ""clarity"": <integer 1-5>,
  ""completeness"": <integer 1-5>,
  ""rationale"": ""short explanation""
}

Evaluate this Task 2 explanation.

val_id: 437
img_id: cla820gmts68v071u6o2xebr1
question: Which anatomical landmark is visible in the image?
reference_answer_if_available: 
predicted_answer: no anatomical landmark identified
confidence_score: 0.6682
textual_explanation: The CATA-Final model predicts ""no anatomical landmark identified"". The newly generated visual explanation highlights morphology/TDA structural support, color and mucosal-texture support, a relatively focal heatmap region. Targeted self-probes for this generic question produced mixed support: evidence of ulcerative colitis involvement; No evidence of imaging artifacts present; evidence distributed across multiple regions. Because these probes do not fully agree with the primary answer, the explanation is treated cautiously. Overall support is mixed; the reliability score combines morphology/TDA saliency, heatmap concentration, color/texture support, artifact burden, answer specificity, and self-probe agreement. The original question was: Which anatomical landmark is visible in the image?. This explanation is intended for clinician review and should be interpreted alongside the image rather than as a standalone diagnosis.
visual_explanation_summary:
- type=heatmap; path=visuals/0437_heatmap.png; description=Fresh CATA-Final / D1 heatmap combining morphology/TDA saliency, color/edge evidence, and artifact suppression.
- type=evidence_json; path=visuals/0437_evidence.json; description=Structured visual evidence and confidence inputs used by the explanation generator.

Remember: return strict JSON only."
91,438,cl8k2u1qc1enr083259wmdpv6,Is there any visible text in the image?,No text observed,"Score each criterion from 1 to 5:
1 = poor, 2 = weak, 3 = acceptable, 4 = good, 5 = excellent.

Criteria:
- correctness: the answer and explanation are consistent with the question and available reference information.
- faithfulness: the explanation supports the predicted answer without inventing unsupported claims.
- relevance: the explanation focuses on visual/question evidence that matters for the answer.
- clarity: the explanation is readable, concise, and clinically understandable.
- completeness: the explanation covers the key evidence needed to justify the answer.

Return JSON with exactly these keys:
{
  ""correctness"": <integer 1-5>,
  ""faithfulness"": <integer 1-5>,
  ""relevance"": <integer 1-5>,
  ""clarity"": <integer 1-5>,
  ""completeness"": <integer 1-5>,
  ""rationale"": ""short explanation""
}

Evaluate this Task 2 explanation.

val_id: 438
img_id: cl8k2u1qc1enr083259wmdpv6
question: Is there any visible text in the image?
reference_answer_if_available: 
predicted_answer: No text observed
confidence_score: 0.7523
textual_explanation: The CATA-Final model predicts ""No text observed"". The newly generated visual explanation highlights morphology/TDA structural support, color and mucosal-texture support, a relatively focal heatmap region, possible specular artifact burden. Targeted self-probes for this visible_text question produced mixed support: No text or label observed; text observed in upper-right and lower-right regions; text is present on the image. Because these probes do not fully agree with the primary answer, the explanation is treated cautiously. Overall support is mixed; the reliability score combines morphology/TDA saliency, heatmap concentration, color/texture support, artifact burden, answer specificity, and self-probe agreement. The original question was: Is there any visible text in the image?. This explanation is intended for clinician review and should be interpreted alongside the image rather than as a standalone diagnosis.
visual_explanation_summary:
- type=heatmap; path=visuals/0438_heatmap.png; description=Fresh CATA-Final / D1 heatmap combining morphology/TDA saliency, color/edge evidence, and artifact suppression.
- type=evidence_json; path=visuals/0438_evidence.json; description=Structured visual evidence and confidence inputs used by the explanation generator.

Remember: return strict JSON only."
92,440,cla820gmns60r071u963pb90r,Are there any polyps visible in the image?,No polyps observed,"Score each criterion from 1 to 5:
1 = poor, 2 = weak, 3 = acceptable, 4 = good, 5 = excellent.

Criteria:
- correctness: the answer and explanation are consistent with the question and available reference information.
- faithfulness: the explanation supports the predicted answer without inventing unsupported claims.
- relevance: the explanation focuses on visual/question evidence that matters for the answer.
- clarity: the explanation is readable, concise, and clinically understandable.
- completeness: the explanation covers the key evidence needed to justify the answer.

Return JSON with exactly these keys:
{
  ""correctness"": <integer 1-5>,
  ""faithfulness"": <integer 1-5>,
  ""relevance"": <integer 1-5>,
  ""clarity"": <integer 1-5>,
  ""completeness"": <integer 1-5>,
  ""rationale"": ""short explanation""
}

Evaluate this Task 2 explanation.

val_id: 440
img_id: cla820gmns60r071u963pb90r
question: Are there any polyps visible in the image?
reference_answer_if_available: 
predicted_answer: No polyps observed
confidence_score: 0.6972
textual_explanation: The CATA-Final model predicts ""No polyps observed"". The newly generated visual explanation highlights morphology/TDA structural support, color and mucosal-texture support, a relatively focal heatmap region, possible specular artifact burden. Targeted self-probes for this lesion question produced mixed support: No polypoid lesion identified, with no evidence of abnormal mucosa; No polyp identified in the examined area.; evidence of inflammatory changes consistent with ulcerative colitis. Because these probes do not fully agree with the primary answer, the explanation is treated cautiously. Overall support is mixed; the reliability score combines morphology/TDA saliency, heatmap concentration, color/texture support, artifact burden, answer specificity, and self-probe agreement. The original question was: Are there any polyps visible in the image?. This explanation is intended for clinician review and should be interpreted alongside the image rather than as a standalone diagnosis.
visual_explanation_summary:
- type=heatmap; path=visuals/0440_heatmap.png; description=Fresh CATA-Final / D1 heatmap combining morphology/TDA saliency, color/edge evidence, and artifact suppression.
- type=evidence_json; path=visuals/0440_evidence.json; description=Structured visual evidence and confidence inputs used by the explanation generator.

Remember: return strict JSON only."
93,445,cl8k2u1qa1eln083230laf3p8,What type of polyp is observed in the gastrointestinal tract?,evidence of paris-type polyp,"Score each criterion from 1 to 5:
1 = poor, 2 = weak, 3 = acceptable, 4 = good, 5 = excellent.

Criteria:
- correctness: the answer and explanation are consistent with the question and available reference information.
- faithfulness: the explanation supports the predicted answer without inventing unsupported claims.
- relevance: the explanation focuses on visual/question evidence that matters for the answer.
- clarity: the explanation is readable, concise, and clinically understandable.
- completeness: the explanation covers the key evidence needed to justify the answer.

Return JSON with exactly these keys:
{
  ""correctness"": <integer 1-5>,
  ""faithfulness"": <integer 1-5>,
  ""relevance"": <integer 1-5>,
  ""clarity"": <integer 1-5>,
  ""completeness"": <integer 1-5>,
  ""rationale"": ""short explanation""
}

Evaluate this Task 2 explanation.

val_id: 445
img_id: cl8k2u1qa1eln083230laf3p8
question: What type of polyp is observed in the gastrointestinal tract?
reference_answer_if_available: 
predicted_answer: evidence of paris-type polyp
confidence_score: 0.9436
textual_explanation: The CATA-Final model predicts ""evidence of paris-type polyp"". The newly generated visual explanation highlights morphology/TDA structural support, color and mucosal-texture support, a relatively focal heatmap region, possible specular artifact burden. Targeted self-probes for this lesion question supported the primary answer: polypoid lesion noted in the colon; The lesion exhibits a polypoid appearance and is distributed across multiple regions including central, upper-right, lower-center, and lower-left areas.; evidence of mucosal polypoid lesion. Overall support is moderate; the reliability score combines morphology/TDA saliency, heatmap concentration, color/texture support, artifact burden, answer specificity, and self-probe agreement. The original question was: What type of polyp is observed in the gastrointestinal tract?. This explanation is intended for clinician review and should be interpreted alongside the image rather than as a standalone diagnosis.
visual_explanation_summary:
- type=heatmap; path=visuals/0445_heatmap.png; description=Fresh CATA-Final / D1 heatmap combining morphology/TDA saliency, color/edge evidence, and artifact suppression.
- type=evidence_json; path=visuals/0445_evidence.json; description=Structured visual evidence and confidence inputs used by the explanation generator.

Remember: return strict JSON only."
94,447,clb0kvxvz91eo074y90b2gp6k,Which regions of the image contain the anatomical landmark?,located in central and upper regions,"Score each criterion from 1 to 5:
1 = poor, 2 = weak, 3 = acceptable, 4 = good, 5 = excellent.

Criteria:
- correctness: the answer and explanation are consistent with the question and available reference information.
- faithfulness: the explanation supports the predicted answer without inventing unsupported claims.
- relevance: the explanation focuses on visual/question evidence that matters for the answer.
- clarity: the explanation is readable, concise, and clinically understandable.
- completeness: the explanation covers the key evidence needed to justify the answer.

Return JSON with exactly these keys:
{
  ""correctness"": <integer 1-5>,
  ""faithfulness"": <integer 1-5>,
  ""relevance"": <integer 1-5>,
  ""clarity"": <integer 1-5>,
  ""completeness"": <integer 1-5>,
  ""rationale"": ""short explanation""
}

Evaluate this Task 2 explanation.

val_id: 447
img_id: clb0kvxvz91eo074y90b2gp6k
question: Which regions of the image contain the anatomical landmark?
reference_answer_if_available: 
predicted_answer: located in central and upper regions
confidence_score: 0.855
textual_explanation: The CATA-Final model predicts ""located in central and upper regions"". The newly generated visual explanation highlights morphology/TDA structural support, color and mucosal-texture support, a relatively focal heatmap region, possible specular artifact burden. Targeted self-probes for this location question supported the primary answer: abnormalities scattered across multiple regions; No evidence is present in any specific anatomical location.; scattered across multiple regions including center, upper, and lower quadrants. Overall support is moderate; the reliability score combines morphology/TDA saliency, heatmap concentration, color/texture support, artifact burden, answer specificity, and self-probe agreement. The original question was: Which regions of the image contain the anatomical landmark?. This explanation is intended for clinician review and should be interpreted alongside the image rather than as a standalone diagnosis.
visual_explanation_summary:
- type=heatmap; path=visuals/0447_heatmap.png; description=Fresh CATA-Final / D1 heatmap combining morphology/TDA saliency, color/edge evidence, and artifact suppression.
- type=evidence_json; path=visuals/0447_evidence.json; description=Structured visual evidence and confidence inputs used by the explanation generator.

Remember: return strict JSON only."
95,449,clb0kvxv39004074ya5mi9dpw,Are there any medical instruments visible in the image?,No foreign bodies or instruments observed,"Score each criterion from 1 to 5:
1 = poor, 2 = weak, 3 = acceptable, 4 = good, 5 = excellent.

Criteria:
- correctness: the answer and explanation are consistent with the question and available reference information.
- faithfulness: the explanation supports the predicted answer without inventing unsupported claims.
- relevance: the explanation focuses on visual/question evidence that matters for the answer.
- clarity: the explanation is readable, concise, and clinically understandable.
- completeness: the explanation covers the key evidence needed to justify the answer.

Return JSON with exactly these keys:
{
  ""correctness"": <integer 1-5>,
  ""faithfulness"": <integer 1-5>,
  ""relevance"": <integer 1-5>,
  ""clarity"": <integer 1-5>,
  ""completeness"": <integer 1-5>,
  ""rationale"": ""short explanation""
}

Evaluate this Task 2 explanation.

val_id: 449
img_id: clb0kvxv39004074ya5mi9dpw
question: Are there any medical instruments visible in the image?
reference_answer_if_available: 
predicted_answer: No foreign bodies or instruments observed
confidence_score: 0.7851
textual_explanation: The CATA-Final model predicts ""No foreign bodies or instruments observed"". The newly generated visual explanation highlights morphology/TDA structural support, color and mucosal-texture support, a relatively focal heatmap region, possible specular artifact burden. Targeted self-probes for this instrument question supported the primary answer: No foreign bodies or instruments observed; in multiple regions including center, upper-left, and lower-right; No surgical instruments visualized. Overall support is moderate; the reliability score combines morphology/TDA saliency, heatmap concentration, color/texture support, artifact burden, answer specificity, and self-probe agreement. The original question was: Are there any medical instruments visible in the image?. This explanation is intended for clinician review and should be interpreted alongside the image rather than as a standalone diagnosis.
visual_explanation_summary:
- type=heatmap; path=visuals/0449_heatmap.png; description=Fresh CATA-Final / D1 heatmap combining morphology/TDA saliency, color/edge evidence, and artifact suppression.
- type=evidence_json; path=visuals/0449_evidence.json; description=Structured visual evidence and confidence inputs used by the explanation generator.

Remember: return strict JSON only."
96,451,clb0lbx1kdqjs086ubw318h4b,Is there any remaining polyp tissue present?,No residual polyp tissue identified,"Score each criterion from 1 to 5:
1 = poor, 2 = weak, 3 = acceptable, 4 = good, 5 = excellent.

Criteria:
- correctness: the answer and explanation are consistent with the question and available reference information.
- faithfulness: the explanation supports the predicted answer without inventing unsupported claims.
- relevance: the explanation focuses on visual/question evidence that matters for the answer.
- clarity: the explanation is readable, concise, and clinically understandable.
- completeness: the explanation covers the key evidence needed to justify the answer.

Return JSON with exactly these keys:
{
  ""correctness"": <integer 1-5>,
  ""faithfulness"": <integer 1-5>,
  ""relevance"": <integer 1-5>,
  ""clarity"": <integer 1-5>,
  ""completeness"": <integer 1-5>,
  ""rationale"": ""short explanation""
}

Evaluate this Task 2 explanation.

val_id: 451
img_id: clb0lbx1kdqjs086ubw318h4b
question: Is there any remaining polyp tissue present?
reference_answer_if_available: 
predicted_answer: No residual polyp tissue identified
confidence_score: 0.722
textual_explanation: The CATA-Final model predicts ""No residual polyp tissue identified"". The newly generated visual explanation highlights morphology/TDA structural support, color and mucosal-texture support, a relatively focal heatmap region, possible specular artifact burden. Targeted self-probes for this lesion question produced mixed support: No polypoid lesion identified, but mucosal abnormalities noted; No polyp identified in the examined area.; evidence of mucosal inflammation consistent with ulcerative colitis. Because these probes do not fully agree with the primary answer, the explanation is treated cautiously. Overall support is mixed; the reliability score combines morphology/TDA saliency, heatmap concentration, color/texture support, artifact burden, answer specificity, and self-probe agreement. The original question was: Is there any remaining polyp tissue present?. This explanation is intended for clinician review and should be interpreted alongside the image rather than as a standalone diagnosis.
visual_explanation_summary:
- type=heatmap; path=visuals/0451_heatmap.png; description=Fresh CATA-Final / D1 heatmap combining morphology/TDA saliency, color/edge evidence, and artifact suppression.
- type=evidence_json; path=visuals/0451_evidence.json; description=Structured visual evidence and confidence inputs used by the explanation generator.

Remember: return strict JSON only."
97,457,cl8k2u1pr1dzf08320rla73o6,What is the color of the abnormal lesion observed?,pink-colored lesion noted,"Score each criterion from 1 to 5:
1 = poor, 2 = weak, 3 = acceptable, 4 = good, 5 = excellent.

Criteria:
- correctness: the answer and explanation are consistent with the question and available reference information.
- faithfulness: the explanation supports the predicted answer without inventing unsupported claims.
- relevance: the explanation focuses on visual/question evidence that matters for the answer.
- clarity: the explanation is readable, concise, and clinically understandable.
- completeness: the explanation covers the key evidence needed to justify the answer.

Return JSON with exactly these keys:
{
  ""correctness"": <integer 1-5>,
  ""faithfulness"": <integer 1-5>,
  ""relevance"": <integer 1-5>,
  ""clarity"": <integer 1-5>,
  ""completeness"": <integer 1-5>,
  ""rationale"": ""short explanation""
}

Evaluate this Task 2 explanation.

val_id: 457
img_id: cl8k2u1pr1dzf08320rla73o6
question: What is the color of the abnormal lesion observed?
reference_answer_if_available: 
predicted_answer: pink-colored lesion noted
confidence_score: 0.9276
textual_explanation: The CATA-Final model predicts ""pink-colored lesion noted"". The newly generated visual explanation highlights morphology/TDA structural support, color and mucosal-texture support, a relatively focal heatmap region. Targeted self-probes for this color question supported the primary answer: red and pink discoloration noted; evidence of mucosal erythema; Multiple color variations including pink, red, white, and yellow are present.. Overall support is moderate; the reliability score combines morphology/TDA saliency, heatmap concentration, color/texture support, artifact burden, answer specificity, and self-probe agreement. The original question was: What is the color of the abnormal lesion observed?. This explanation is intended for clinician review and should be interpreted alongside the image rather than as a standalone diagnosis.
visual_explanation_summary:
- type=heatmap; path=visuals/0457_heatmap.png; description=Fresh CATA-Final / D1 heatmap combining morphology/TDA saliency, color/edge evidence, and artifact suppression.
- type=evidence_json; path=visuals/0457_evidence.json; description=Structured visual evidence and confidence inputs used by the explanation generator.

Remember: return strict JSON only."
98,460,clb0lbwyido4w086u1nlae1h8,From which type of procedure was this image obtained?,evidence of colonoscopy procedure,"Score each criterion from 1 to 5:
1 = poor, 2 = weak, 3 = acceptable, 4 = good, 5 = excellent.

Criteria:
- correctness: the answer and explanation are consistent with the question and available reference information.
- faithfulness: the explanation supports the predicted answer without inventing unsupported claims.
- relevance: the explanation focuses on visual/question evidence that matters for the answer.
- clarity: the explanation is readable, concise, and clinically understandable.
- completeness: the explanation covers the key evidence needed to justify the answer.

Return JSON with exactly these keys:
{
  ""correctness"": <integer 1-5>,
  ""faithfulness"": <integer 1-5>,
  ""relevance"": <integer 1-5>,
  ""clarity"": <integer 1-5>,
  ""completeness"": <integer 1-5>,
  ""rationale"": ""short explanation""
}

Evaluate this Task 2 explanation.

val_id: 460
img_id: clb0lbwyido4w086u1nlae1h8
question: From which type of procedure was this image obtained?
reference_answer_if_available: 
predicted_answer: evidence of colonoscopy procedure
confidence_score: 0.6654
textual_explanation: The CATA-Final model predicts ""evidence of colonoscopy procedure"". The newly generated visual explanation highlights morphology/TDA structural support, color and mucosal-texture support, a relatively focal heatmap region, possible specular artifact burden. Targeted self-probes for this procedure question produced mixed support: Evidence of colonoscopy procedure with no identifiable anatomical landmarks; evidence of mucosal abnormalities; No artifacts or overlays are present in the image.. Because these probes do not fully agree with the primary answer, the explanation is treated cautiously. Overall support is mixed; the reliability score combines morphology/TDA saliency, heatmap concentration, color/texture support, artifact burden, answer specificity, and self-probe agreement. The original question was: From which type of procedure was this image obtained?. This explanation is intended for clinician review and should be interpreted alongside the image rather than as a standalone diagnosis.
visual_explanation_summary:
- type=heatmap; path=visuals/0460_heatmap.png; description=Fresh CATA-Final / D1 heatmap combining morphology/TDA saliency, color/edge evidence, and artifact suppression.
- type=evidence_json; path=visuals/0460_evidence.json; description=Structured visual evidence and confidence inputs used by the explanation generator.

Remember: return strict JSON only."
99,466,clb0kvxux8zto074y1qjm4o9w,Which procedure is represented in this image?,gastroscopic examination of the stomach,"Score each criterion from 1 to 5:
1 = poor, 2 = weak, 3 = acceptable, 4 = good, 5 = excellent.

Criteria:
- correctness: the answer and explanation are consistent with the question and available reference information.
- faithfulness: the explanation supports the predicted answer without inventing unsupported claims.
- relevance: the explanation focuses on visual/question evidence that matters for the answer.
- clarity: the explanation is readable, concise, and clinically understandable.
- completeness: the explanation covers the key evidence needed to justify the answer.

Return JSON with exactly these keys:
{
  ""correctness"": <integer 1-5>,
  ""faithfulness"": <integer 1-5>,
  ""relevance"": <integer 1-5>,
  ""clarity"": <integer 1-5>,
  ""completeness"": <integer 1-5>,
  ""rationale"": ""short explanation""
}

Evaluate this Task 2 explanation.

val_id: 466
img_id: clb0kvxux8zto074y1qjm4o9w
question: Which procedure is represented in this image?
reference_answer_if_available: 
predicted_answer: gastroscopic examination of the stomach
confidence_score: 0.95
textual_explanation: The CATA-Final model predicts ""gastroscopic examination of the stomach"". The newly generated visual explanation highlights morphology/TDA structural support, color and mucosal-texture support, a relatively focal heatmap region, possible specular artifact burden. Targeted self-probes for this procedure question supported the primary answer: Evidence of gastroscopy with z-line visualization; evidence of esophageal mucosal changes; No artifacts or overlays are present in the image.. Overall support is moderate; the reliability score combines morphology/TDA saliency, heatmap concentration, color/texture support, artifact burden, answer specificity, and self-probe agreement. The original question was: Which procedure is represented in this image?. This explanation is intended for clinician review and should be interpreted alongside the image rather than as a standalone diagnosis.
visual_explanation_summary:
- type=heatmap; path=visuals/0466_heatmap.png; description=Fresh CATA-Final / D1 heatmap combining morphology/TDA saliency, color/edge evidence, and artifact suppression.
- type=evidence_json; path=visuals/0466_evidence.json; description=Structured visual evidence and confidence inputs used by the explanation generator.

Remember: return strict JSON only."
100,468,clb0lbwzmdpd0086ubchv7eh4,Is any text visible on the image?,Text is present on the image,"Score each criterion from 1 to 5:
1 = poor, 2 = weak, 3 = acceptable, 4 = good, 5 = excellent.

Criteria:
- correctness: the answer and explanation are consistent with the question and available reference information.
- faithfulness: the explanation supports the predicted answer without inventing unsupported claims.
- relevance: the explanation focuses on visual/question evidence that matters for the answer.
- clarity: the explanation is readable, concise, and clinically understandable.
- completeness: the explanation covers the key evidence needed to justify the answer.

Return JSON with exactly these keys:
{
  ""correctness"": <integer 1-5>,
  ""faithfulness"": <integer 1-5>,
  ""relevance"": <integer 1-5>,
  ""clarity"": <integer 1-5>,
  ""completeness"": <integer 1-5>,
  ""rationale"": ""short explanation""
}

Evaluate this Task 2 explanation.

val_id: 468
img_id: clb0lbwzmdpd0086ubchv7eh4
question: Is any text visible on the image?
reference_answer_if_available: 
predicted_answer: Text is present on the image
confidence_score: 0.95
textual_explanation: The CATA-Final model predicts ""Text is present on the image"". The newly generated visual explanation highlights morphology/TDA structural support, color and mucosal-texture support, a relatively focal heatmap region. Targeted self-probes for this visible_text question supported the primary answer: No text or label observed; text observed in lower-right and upper-left regions; text is present on the image. Overall support is moderate; the reliability score combines morphology/TDA saliency, heatmap concentration, color/texture support, artifact burden, answer specificity, and self-probe agreement. The original question was: Is any text visible on the image?. This explanation is intended for clinician review and should be interpreted alongside the image rather than as a standalone diagnosis.
visual_explanation_summary:
- type=heatmap; path=visuals/0468_heatmap.png; description=Fresh CATA-Final / D1 heatmap combining morphology/TDA saliency, color/edge evidence, and artifact suppression.
- type=evidence_json; path=visuals/0468_evidence.json; description=Structured visual evidence and confidence inputs used by the explanation generator.

Remember: return strict JSON only."
101,469,cla820gmms5zn071u9lqc9ywi,Is there any text visible on the image?,No text observed,"Score each criterion from 1 to 5:
1 = poor, 2 = weak, 3 = acceptable, 4 = good, 5 = excellent.

Criteria:
- correctness: the answer and explanation are consistent with the question and available reference information.
- faithfulness: the explanation supports the predicted answer without inventing unsupported claims.
- relevance: the explanation focuses on visual/question evidence that matters for the answer.
- clarity: the explanation is readable, concise, and clinically understandable.
- completeness: the explanation covers the key evidence needed to justify the answer.

Return JSON with exactly these keys:
{
  ""correctness"": <integer 1-5>,
  ""faithfulness"": <integer 1-5>,
  ""relevance"": <integer 1-5>,
  ""clarity"": <integer 1-5>,
  ""completeness"": <integer 1-5>,
  ""rationale"": ""short explanation""
}

Evaluate this Task 2 explanation.

val_id: 469
img_id: cla820gmms5zn071u9lqc9ywi
question: Is there any text visible on the image?
reference_answer_if_available: 
predicted_answer: No text observed
confidence_score: 0.7689
textual_explanation: The CATA-Final model predicts ""No text observed"". The newly generated visual explanation highlights morphology/TDA structural support, color and mucosal-texture support, a relatively focal heatmap region, possible specular artifact burden. Targeted self-probes for this visible_text question produced mixed support: No text or label observed; text observed in upper-right and lower-right regions; text is present on the image. Because these probes do not fully agree with the primary answer, the explanation is treated cautiously. Overall support is mixed; the reliability score combines morphology/TDA saliency, heatmap concentration, color/texture support, artifact burden, answer specificity, and self-probe agreement. The original question was: Is there any text visible on the image?. This explanation is intended for clinician review and should be interpreted alongside the image rather than as a standalone diagnosis.
visual_explanation_summary:
- type=heatmap; path=visuals/0469_heatmap.png; description=Fresh CATA-Final / D1 heatmap combining morphology/TDA saliency, color/edge evidence, and artifact suppression.
- type=evidence_json; path=visuals/0469_evidence.json; description=Structured visual evidence and confidence inputs used by the explanation generator.

Remember: return strict JSON only."
102,471,clbnxtoezbl8e074c5jekf49k,Is there any abnormality visible in this gastrointestinal image?,No significant findings observed,"Score each criterion from 1 to 5:
1 = poor, 2 = weak, 3 = acceptable, 4 = good, 5 = excellent.

Criteria:
- correctness: the answer and explanation are consistent with the question and available reference information.
- faithfulness: the explanation supports the predicted answer without inventing unsupported claims.
- relevance: the explanation focuses on visual/question evidence that matters for the answer.
- clarity: the explanation is readable, concise, and clinically understandable.
- completeness: the explanation covers the key evidence needed to justify the answer.

Return JSON with exactly these keys:
{
  ""correctness"": <integer 1-5>,
  ""faithfulness"": <integer 1-5>,
  ""relevance"": <integer 1-5>,
  ""clarity"": <integer 1-5>,
  ""completeness"": <integer 1-5>,
  ""rationale"": ""short explanation""
}

Evaluate this Task 2 explanation.

val_id: 471
img_id: clbnxtoezbl8e074c5jekf49k
question: Is there any abnormality visible in this gastrointestinal image?
reference_answer_if_available: 
predicted_answer: No significant findings observed
confidence_score: 0.743
textual_explanation: The CATA-Final model predicts ""No significant findings observed"". The newly generated visual explanation highlights morphology/TDA structural support, color and mucosal-texture support, a relatively focal heatmap region. Targeted self-probes for this lesion question produced mixed support: No polypoid lesion identified, with no evidence of abnormal mucosa; No polyp identified with no central or upper-lower region involvement.; evidence of inflammatory changes consistent with ulcerative colitis. Because these probes do not fully agree with the primary answer, the explanation is treated cautiously. Overall support is mixed; the reliability score combines morphology/TDA saliency, heatmap concentration, color/texture support, artifact burden, answer specificity, and self-probe agreement. The original question was: Is there any abnormality visible in this gastrointestinal image?. This explanation is intended for clinician review and should be interpreted alongside the image rather than as a standalone diagnosis.
visual_explanation_summary:
- type=heatmap; path=visuals/0471_heatmap.png; description=Fresh CATA-Final / D1 heatmap combining morphology/TDA saliency, color/edge evidence, and artifact suppression.
- type=evidence_json; path=visuals/0471_evidence.json; description=Structured visual evidence and confidence inputs used by the explanation generator.

Remember: return strict JSON only."
103,476,clb0lbwyzdolo086u3fm8ezxk,How many abnormalities are visible on the image?,one abnormal finding present,"Score each criterion from 1 to 5:
1 = poor, 2 = weak, 3 = acceptable, 4 = good, 5 = excellent.

Criteria:
- correctness: the answer and explanation are consistent with the question and available reference information.
- faithfulness: the explanation supports the predicted answer without inventing unsupported claims.
- relevance: the explanation focuses on visual/question evidence that matters for the answer.
- clarity: the explanation is readable, concise, and clinically understandable.
- completeness: the explanation covers the key evidence needed to justify the answer.

Return JSON with exactly these keys:
{
  ""correctness"": <integer 1-5>,
  ""faithfulness"": <integer 1-5>,
  ""relevance"": <integer 1-5>,
  ""clarity"": <integer 1-5>,
  ""completeness"": <integer 1-5>,
  ""rationale"": ""short explanation""
}

Evaluate this Task 2 explanation.

val_id: 476
img_id: clb0lbwyzdolo086u3fm8ezxk
question: How many abnormalities are visible on the image?
reference_answer_if_available: 
predicted_answer: one abnormal finding present
confidence_score: 0.95
textual_explanation: The CATA-Final model predicts ""one abnormal finding present"". The newly generated visual explanation highlights morphology/TDA structural support, color and mucosal-texture support, a relatively focal heatmap region, possible specular artifact burden. Targeted self-probes for this count question supported the primary answer: one abnormal finding present; One abnormal finding noted; No abnormal findings observed. Overall support is moderate; the reliability score combines morphology/TDA saliency, heatmap concentration, color/texture support, artifact burden, answer specificity, and self-probe agreement. The original question was: How many abnormalities are visible on the image?. This explanation is intended for clinician review and should be interpreted alongside the image rather than as a standalone diagnosis.
visual_explanation_summary:
- type=heatmap; path=visuals/0476_heatmap.png; description=Fresh CATA-Final / D1 heatmap combining morphology/TDA saliency, color/edge evidence, and artifact suppression.
- type=evidence_json; path=visuals/0476_evidence.json; description=Structured visual evidence and confidence inputs used by the explanation generator.

Remember: return strict JSON only."
104,484,clb0lbwyldo9g086u15j520oi,What procedure is depicted in the image?,evidence of colonoscopy procedure,"Score each criterion from 1 to 5:
1 = poor, 2 = weak, 3 = acceptable, 4 = good, 5 = excellent.

Criteria:
- correctness: the answer and explanation are consistent with the question and available reference information.
- faithfulness: the explanation supports the predicted answer without inventing unsupported claims.
- relevance: the explanation focuses on visual/question evidence that matters for the answer.
- clarity: the explanation is readable, concise, and clinically understandable.
- completeness: the explanation covers the key evidence needed to justify the answer.

Return JSON with exactly these keys:
{
  ""correctness"": <integer 1-5>,
  ""faithfulness"": <integer 1-5>,
  ""relevance"": <integer 1-5>,
  ""clarity"": <integer 1-5>,
  ""completeness"": <integer 1-5>,
  ""rationale"": ""short explanation""
}

Evaluate this Task 2 explanation.

val_id: 484
img_id: clb0lbwyldo9g086u15j520oi
question: What procedure is depicted in the image?
reference_answer_if_available: 
predicted_answer: evidence of colonoscopy procedure
confidence_score: 0.6845
textual_explanation: The CATA-Final model predicts ""evidence of colonoscopy procedure"". The newly generated visual explanation highlights morphology/TDA structural support, color and mucosal-texture support, a relatively focal heatmap region, possible specular artifact burden. Targeted self-probes for this procedure question produced mixed support: Evidence of colonoscopy with no visible anatomical landmarks; evidence of mucosal abnormalities; No significant artifacts or overlays identified. Because these probes do not fully agree with the primary answer, the explanation is treated cautiously. Overall support is mixed; the reliability score combines morphology/TDA saliency, heatmap concentration, color/texture support, artifact burden, answer specificity, and self-probe agreement. The original question was: What procedure is depicted in the image?. This explanation is intended for clinician review and should be interpreted alongside the image rather than as a standalone diagnosis.
visual_explanation_summary:
- type=heatmap; path=visuals/0484_heatmap.png; description=Fresh CATA-Final / D1 heatmap combining morphology/TDA saliency, color/edge evidence, and artifact suppression.
- type=evidence_json; path=visuals/0484_evidence.json; description=Structured visual evidence and confidence inputs used by the explanation generator.

Remember: return strict JSON only."
105,487,cl8k2u1rf1g2j08329kz67g2a,Is any text visible on the image?,Text is present on the image,"Score each criterion from 1 to 5:
1 = poor, 2 = weak, 3 = acceptable, 4 = good, 5 = excellent.

Criteria:
- correctness: the answer and explanation are consistent with the question and available reference information.
- faithfulness: the explanation supports the predicted answer without inventing unsupported claims.
- relevance: the explanation focuses on visual/question evidence that matters for the answer.
- clarity: the explanation is readable, concise, and clinically understandable.
- completeness: the explanation covers the key evidence needed to justify the answer.

Return JSON with exactly these keys:
{
  ""correctness"": <integer 1-5>,
  ""faithfulness"": <integer 1-5>,
  ""relevance"": <integer 1-5>,
  ""clarity"": <integer 1-5>,
  ""completeness"": <integer 1-5>,
  ""rationale"": ""short explanation""
}

Evaluate this Task 2 explanation.

val_id: 487
img_id: cl8k2u1rf1g2j08329kz67g2a
question: Is any text visible on the image?
reference_answer_if_available: 
predicted_answer: Text is present on the image
confidence_score: 0.854
textual_explanation: The CATA-Final model predicts ""Text is present on the image"". The newly generated visual explanation highlights morphology/TDA structural support, color and mucosal-texture support, a relatively focal heatmap region, possible specular artifact burden. Targeted self-probes for this visible_text question supported the primary answer: No text or label observed; text observed in central and upper regions; text is present on the image. Overall support is moderate; the reliability score combines morphology/TDA saliency, heatmap concentration, color/texture support, artifact burden, answer specificity, and self-probe agreement. The original question was: Is any text visible on the image?. This explanation is intended for clinician review and should be interpreted alongside the image rather than as a standalone diagnosis.
visual_explanation_summary:
- type=heatmap; path=visuals/0487_heatmap.png; description=Fresh CATA-Final / D1 heatmap combining morphology/TDA saliency, color/edge evidence, and artifact suppression.
- type=evidence_json; path=visuals/0487_evidence.json; description=Structured visual evidence and confidence inputs used by the explanation generator.

Remember: return strict JSON only."
106,490,cla820gmas5ib071uajh4a5uu,Is there any text visible on the image?,text is present on the image,"Score each criterion from 1 to 5:
1 = poor, 2 = weak, 3 = acceptable, 4 = good, 5 = excellent.

Criteria:
- correctness: the answer and explanation are consistent with the question and available reference information.
- faithfulness: the explanation supports the predicted answer without inventing unsupported claims.
- relevance: the explanation focuses on visual/question evidence that matters for the answer.
- clarity: the explanation is readable, concise, and clinically understandable.
- completeness: the explanation covers the key evidence needed to justify the answer.

Return JSON with exactly these keys:
{
  ""correctness"": <integer 1-5>,
  ""faithfulness"": <integer 1-5>,
  ""relevance"": <integer 1-5>,
  ""clarity"": <integer 1-5>,
  ""completeness"": <integer 1-5>,
  ""rationale"": ""short explanation""
}

Evaluate this Task 2 explanation.

val_id: 490
img_id: cla820gmas5ib071uajh4a5uu
question: Is there any text visible on the image?
reference_answer_if_available: 
predicted_answer: text is present on the image
confidence_score: 0.95
textual_explanation: The CATA-Final model predicts ""text is present on the image"". The newly generated visual explanation highlights morphology/TDA structural support, color and mucosal-texture support, a relatively focal heatmap region. Targeted self-probes for this visible_text question supported the primary answer: Text is present in the image; text observed in upper-right and lower-left regions; text is present and not anatomical in nature. Overall support is moderate; the reliability score combines morphology/TDA saliency, heatmap concentration, color/texture support, artifact burden, answer specificity, and self-probe agreement. The original question was: Is there any text visible on the image?. This explanation is intended for clinician review and should be interpreted alongside the image rather than as a standalone diagnosis.
visual_explanation_summary:
- type=heatmap; path=visuals/0490_heatmap.png; description=Fresh CATA-Final / D1 heatmap combining morphology/TDA saliency, color/edge evidence, and artifact suppression.
- type=evidence_json; path=visuals/0490_evidence.json; description=Structured visual evidence and confidence inputs used by the explanation generator.

Remember: return strict JSON only."
107,493,clb0kvxvg90o4074ygwfk2khl,Is there any polyp observed?,No polyp detected,"Score each criterion from 1 to 5:
1 = poor, 2 = weak, 3 = acceptable, 4 = good, 5 = excellent.

Criteria:
- correctness: the answer and explanation are consistent with the question and available reference information.
- faithfulness: the explanation supports the predicted answer without inventing unsupported claims.
- relevance: the explanation focuses on visual/question evidence that matters for the answer.
- clarity: the explanation is readable, concise, and clinically understandable.
- completeness: the explanation covers the key evidence needed to justify the answer.

Return JSON with exactly these keys:
{
  ""correctness"": <integer 1-5>,
  ""faithfulness"": <integer 1-5>,
  ""relevance"": <integer 1-5>,
  ""clarity"": <integer 1-5>,
  ""completeness"": <integer 1-5>,
  ""rationale"": ""short explanation""
}

Evaluate this Task 2 explanation.

val_id: 493
img_id: clb0kvxvg90o4074ygwfk2khl
question: Is there any polyp observed?
reference_answer_if_available: 
predicted_answer: No polyp detected
confidence_score: 0.6257
textual_explanation: The CATA-Final model predicts ""No polyp detected"". The newly generated visual explanation highlights morphology/TDA structural support, color and mucosal-texture support, a relatively focal heatmap region, possible specular artifact burden. Targeted self-probes for this lesion question produced mixed support: No polypoid lesion identified, with no evidence of mucosal abnormalities; No polyp identified with no evidence of multiple lesions; evidence of esophageal inflammation. Because these probes do not fully agree with the primary answer, the explanation is treated cautiously. Overall support is mixed; the reliability score combines morphology/TDA saliency, heatmap concentration, color/texture support, artifact burden, answer specificity, and self-probe agreement. The original question was: Is there any polyp observed?. This explanation is intended for clinician review and should be interpreted alongside the image rather than as a standalone diagnosis.
visual_explanation_summary:
- type=heatmap; path=visuals/0493_heatmap.png; description=Fresh CATA-Final / D1 heatmap combining morphology/TDA saliency, color/edge evidence, and artifact suppression.
- type=evidence_json; path=visuals/0493_evidence.json; description=Structured visual evidence and confidence inputs used by the explanation generator.

Remember: return strict JSON only."
108,497,clb0kvxvs9154074y56ri0885,What type of polyp is present?,No polyp identified,"Score each criterion from 1 to 5:
1 = poor, 2 = weak, 3 = acceptable, 4 = good, 5 = excellent.

Criteria:
- correctness: the answer and explanation are consistent with the question and available reference information.
- faithfulness: the explanation supports the predicted answer without inventing unsupported claims.
- relevance: the explanation focuses on visual/question evidence that matters for the answer.
- clarity: the explanation is readable, concise, and clinically understandable.
- completeness: the explanation covers the key evidence needed to justify the answer.

Return JSON with exactly these keys:
{
  ""correctness"": <integer 1-5>,
  ""faithfulness"": <integer 1-5>,
  ""relevance"": <integer 1-5>,
  ""clarity"": <integer 1-5>,
  ""completeness"": <integer 1-5>,
  ""rationale"": ""short explanation""
}

Evaluate this Task 2 explanation.

val_id: 497
img_id: clb0kvxvs9154074y56ri0885
question: What type of polyp is present?
reference_answer_if_available: 
predicted_answer: No polyp identified
confidence_score: 0.7034
textual_explanation: The CATA-Final model predicts ""No polyp identified"". The newly generated visual explanation highlights morphology/TDA structural support, color and mucosal-texture support, a relatively focal heatmap region, possible specular artifact burden. Targeted self-probes for this lesion question produced mixed support: No polypoid lesion identified, with no evidence of mucosal abnormalities; Lesion shows a polypoid appearance with multiple areas of involvement.; evidence of esophageal inflammation. Because these probes do not fully agree with the primary answer, the explanation is treated cautiously. Overall support is mixed; the reliability score combines morphology/TDA saliency, heatmap concentration, color/texture support, artifact burden, answer specificity, and self-probe agreement. The original question was: What type of polyp is present?. This explanation is intended for clinician review and should be interpreted alongside the image rather than as a standalone diagnosis.
visual_explanation_summary:
- type=heatmap; path=visuals/0497_heatmap.png; description=Fresh CATA-Final / D1 heatmap combining morphology/TDA saliency, color/edge evidence, and artifact suppression.
- type=evidence_json; path=visuals/0497_evidence.json; description=Structured visual evidence and confidence inputs used by the explanation generator.

Remember: return strict JSON only."
109,501,cla820glcs48n071ucc8e8fht,Are there any abnormalities present in the image?,evidence of inflammatory changes in the colon,"Score each criterion from 1 to 5:
1 = poor, 2 = weak, 3 = acceptable, 4 = good, 5 = excellent.

Criteria:
- correctness: the answer and explanation are consistent with the question and available reference information.
- faithfulness: the explanation supports the predicted answer without inventing unsupported claims.
- relevance: the explanation focuses on visual/question evidence that matters for the answer.
- clarity: the explanation is readable, concise, and clinically understandable.
- completeness: the explanation covers the key evidence needed to justify the answer.

Return JSON with exactly these keys:
{
  ""correctness"": <integer 1-5>,
  ""faithfulness"": <integer 1-5>,
  ""relevance"": <integer 1-5>,
  ""clarity"": <integer 1-5>,
  ""completeness"": <integer 1-5>,
  ""rationale"": ""short explanation""
}

Evaluate this Task 2 explanation.

val_id: 501
img_id: cla820glcs48n071ucc8e8fht
question: Are there any abnormalities present in the image?
reference_answer_if_available: 
predicted_answer: evidence of inflammatory changes in the colon
confidence_score: 0.8009
textual_explanation: The CATA-Final model predicts ""evidence of inflammatory changes in the colon"". The newly generated visual explanation highlights morphology/TDA structural support, color and mucosal-texture support, a relatively focal heatmap region, possible specular artifact burden. Targeted self-probes for this lesion question produced mixed support: No polypoid lesion identified, with no evidence of abnormal mucosal changes; No polyp identified with no central or upper-lower region involvement.; evidence of inflammatory changes consistent with ulcerative colitis. Because these probes do not fully agree with the primary answer, the explanation is treated cautiously. Overall support is mixed; the reliability score combines morphology/TDA saliency, heatmap concentration, color/texture support, artifact burden, answer specificity, and self-probe agreement. The original question was: Are there any abnormalities present in the image?. This explanation is intended for clinician review and should be interpreted alongside the image rather than as a standalone diagnosis.
visual_explanation_summary:
- type=heatmap; path=visuals/0501_heatmap.png; description=Fresh CATA-Final / D1 heatmap combining morphology/TDA saliency, color/edge evidence, and artifact suppression.
- type=evidence_json; path=visuals/0501_evidence.json; description=Structured visual evidence and confidence inputs used by the explanation generator.

Remember: return strict JSON only."
110,505,clb0kvxuw8zsk074ygc1iadn2,Is any text visible on the image?,text is present on the image,"Score each criterion from 1 to 5:
1 = poor, 2 = weak, 3 = acceptable, 4 = good, 5 = excellent.

Criteria:
- correctness: the answer and explanation are consistent with the question and available reference information.
- faithfulness: the explanation supports the predicted answer without inventing unsupported claims.
- relevance: the explanation focuses on visual/question evidence that matters for the answer.
- clarity: the explanation is readable, concise, and clinically understandable.
- completeness: the explanation covers the key evidence needed to justify the answer.

Return JSON with exactly these keys:
{
  ""correctness"": <integer 1-5>,
  ""faithfulness"": <integer 1-5>,
  ""relevance"": <integer 1-5>,
  ""clarity"": <integer 1-5>,
  ""completeness"": <integer 1-5>,
  ""rationale"": ""short explanation""
}

Evaluate this Task 2 explanation.

val_id: 505
img_id: clb0kvxuw8zsk074ygc1iadn2
question: Is any text visible on the image?
reference_answer_if_available: 
predicted_answer: text is present on the image
confidence_score: 0.8972
textual_explanation: The CATA-Final model predicts ""text is present on the image"". The newly generated visual explanation highlights morphology/TDA structural support, color and mucosal-texture support, a relatively focal heatmap region, possible specular artifact burden. Targeted self-probes for this visible_text question supported the primary answer: No text or label observed; text observed in central and upper regions; text is present on the image. Overall support is moderate; the reliability score combines morphology/TDA saliency, heatmap concentration, color/texture support, artifact burden, answer specificity, and self-probe agreement. The original question was: Is any text visible on the image?. This explanation is intended for clinician review and should be interpreted alongside the image rather than as a standalone diagnosis.
visual_explanation_summary:
- type=heatmap; path=visuals/0505_heatmap.png; description=Fresh CATA-Final / D1 heatmap combining morphology/TDA saliency, color/edge evidence, and artifact suppression.
- type=evidence_json; path=visuals/0505_evidence.json; description=Structured visual evidence and confidence inputs used by the explanation generator.

Remember: return strict JSON only."
111,507,clb0kvxvu9188074yan09d9gk,Is there any visible instrumentation in the image?,No foreign instruments observed,"Score each criterion from 1 to 5:
1 = poor, 2 = weak, 3 = acceptable, 4 = good, 5 = excellent.

Criteria:
- correctness: the answer and explanation are consistent with the question and available reference information.
- faithfulness: the explanation supports the predicted answer without inventing unsupported claims.
- relevance: the explanation focuses on visual/question evidence that matters for the answer.
- clarity: the explanation is readable, concise, and clinically understandable.
- completeness: the explanation covers the key evidence needed to justify the answer.

Return JSON with exactly these keys:
{
  ""correctness"": <integer 1-5>,
  ""faithfulness"": <integer 1-5>,
  ""relevance"": <integer 1-5>,
  ""clarity"": <integer 1-5>,
  ""completeness"": <integer 1-5>,
  ""rationale"": ""short explanation""
}

Evaluate this Task 2 explanation.

val_id: 507
img_id: clb0kvxvu9188074yan09d9gk
question: Is there any visible instrumentation in the image?
reference_answer_if_available: 
predicted_answer: No foreign instruments observed
confidence_score: 0.8677
textual_explanation: The CATA-Final model predicts ""No foreign instruments observed"". The newly generated visual explanation highlights morphology/TDA structural support, color and mucosal-texture support, a relatively focal heatmap region, possible specular artifact burden. Targeted self-probes for this instrument question supported the primary answer: No foreign bodies or instruments observed; No instruments are visible in the image; No surgical instruments visualized. Overall support is moderate; the reliability score combines morphology/TDA saliency, heatmap concentration, color/texture support, artifact burden, answer specificity, and self-probe agreement. The original question was: Is there any visible instrumentation in the image?. This explanation is intended for clinician review and should be interpreted alongside the image rather than as a standalone diagnosis.
visual_explanation_summary:
- type=heatmap; path=visuals/0507_heatmap.png; description=Fresh CATA-Final / D1 heatmap combining morphology/TDA saliency, color/edge evidence, and artifact suppression.
- type=evidence_json; path=visuals/0507_evidence.json; description=Structured visual evidence and confidence inputs used by the explanation generator.

Remember: return strict JSON only."
112,509,cl8k2u1qu1f9v083253fq38kf,How many polyps are visible in the image?,one polyp identified,"Score each criterion from 1 to 5:
1 = poor, 2 = weak, 3 = acceptable, 4 = good, 5 = excellent.

Criteria:
- correctness: the answer and explanation are consistent with the question and available reference information.
- faithfulness: the explanation supports the predicted answer without inventing unsupported claims.
- relevance: the explanation focuses on visual/question evidence that matters for the answer.
- clarity: the explanation is readable, concise, and clinically understandable.
- completeness: the explanation covers the key evidence needed to justify the answer.

Return JSON with exactly these keys:
{
  ""correctness"": <integer 1-5>,
  ""faithfulness"": <integer 1-5>,
  ""relevance"": <integer 1-5>,
  ""clarity"": <integer 1-5>,
  ""completeness"": <integer 1-5>,
  ""rationale"": ""short explanation""
}

Evaluate this Task 2 explanation.

val_id: 509
img_id: cl8k2u1qu1f9v083253fq38kf
question: How many polyps are visible in the image?
reference_answer_if_available: 
predicted_answer: one polyp identified
confidence_score: 0.95
textual_explanation: The CATA-Final model predicts ""one polyp identified"". The newly generated visual explanation highlights morphology/TDA structural support, color and mucosal-texture support, a relatively focal heatmap region. Targeted self-probes for this count question supported the primary answer: one abnormal finding present; One abnormal finding noted; No abnormal findings observed. Overall support is moderate; the reliability score combines morphology/TDA saliency, heatmap concentration, color/texture support, artifact burden, answer specificity, and self-probe agreement. The original question was: How many polyps are visible in the image?. This explanation is intended for clinician review and should be interpreted alongside the image rather than as a standalone diagnosis.
visual_explanation_summary:
- type=heatmap; path=visuals/0509_heatmap.png; description=Fresh CATA-Final / D1 heatmap combining morphology/TDA saliency, color/edge evidence, and artifact suppression.
- type=evidence_json; path=visuals/0509_evidence.json; description=Structured visual evidence and confidence inputs used by the explanation generator.

Remember: return strict JSON only."
113,511,cla820gl8s40r071u2qub6auy,Where are the areas of concern located in the image?,abnormalities scattered across multiple regions,"Score each criterion from 1 to 5:
1 = poor, 2 = weak, 3 = acceptable, 4 = good, 5 = excellent.

Criteria:
- correctness: the answer and explanation are consistent with the question and available reference information.
- faithfulness: the explanation supports the predicted answer without inventing unsupported claims.
- relevance: the explanation focuses on visual/question evidence that matters for the answer.
- clarity: the explanation is readable, concise, and clinically understandable.
- completeness: the explanation covers the key evidence needed to justify the answer.

Return JSON with exactly these keys:
{
  ""correctness"": <integer 1-5>,
  ""faithfulness"": <integer 1-5>,
  ""relevance"": <integer 1-5>,
  ""clarity"": <integer 1-5>,
  ""completeness"": <integer 1-5>,
  ""rationale"": ""short explanation""
}

Evaluate this Task 2 explanation.

val_id: 511
img_id: cla820gl8s40r071u2qub6auy
question: Where are the areas of concern located in the image?
reference_answer_if_available: 
predicted_answer: abnormalities scattered across multiple regions
confidence_score: 0.95
textual_explanation: The CATA-Final model predicts ""abnormalities scattered across multiple regions"". The newly generated visual explanation highlights morphology/TDA structural support, color and mucosal-texture support, a relatively focal heatmap region. Targeted self-probes for this location question supported the primary answer: abnormalities scattered across multiple regions; No evidence is present in any specific anatomical location.; evidence distributed across multiple quadrants. Overall support is moderate; the reliability score combines morphology/TDA saliency, heatmap concentration, color/texture support, artifact burden, answer specificity, and self-probe agreement. The original question was: Where are the areas of concern located in the image?. This explanation is intended for clinician review and should be interpreted alongside the image rather than as a standalone diagnosis.
visual_explanation_summary:
- type=heatmap; path=visuals/0511_heatmap.png; description=Fresh CATA-Final / D1 heatmap combining morphology/TDA saliency, color/edge evidence, and artifact suppression.
- type=evidence_json; path=visuals/0511_evidence.json; description=Structured visual evidence and confidence inputs used by the explanation generator.

Remember: return strict JSON only."
114,514,clb0lbwy7dnrk086ug93i0rm3,How many distinct abnormalities are visible?,one abnormal finding present,"Score each criterion from 1 to 5:
1 = poor, 2 = weak, 3 = acceptable, 4 = good, 5 = excellent.

Criteria:
- correctness: the answer and explanation are consistent with the question and available reference information.
- faithfulness: the explanation supports the predicted answer without inventing unsupported claims.
- relevance: the explanation focuses on visual/question evidence that matters for the answer.
- clarity: the explanation is readable, concise, and clinically understandable.
- completeness: the explanation covers the key evidence needed to justify the answer.

Return JSON with exactly these keys:
{
  ""correctness"": <integer 1-5>,
  ""faithfulness"": <integer 1-5>,
  ""relevance"": <integer 1-5>,
  ""clarity"": <integer 1-5>,
  ""completeness"": <integer 1-5>,
  ""rationale"": ""short explanation""
}

Evaluate this Task 2 explanation.

val_id: 514
img_id: clb0lbwy7dnrk086ug93i0rm3
question: How many distinct abnormalities are visible?
reference_answer_if_available: 
predicted_answer: one abnormal finding present
confidence_score: 0.9488
textual_explanation: The CATA-Final model predicts ""one abnormal finding present"". The newly generated visual explanation highlights morphology/TDA structural support, color and mucosal-texture support, a relatively focal heatmap region, possible specular artifact burden. Targeted self-probes for this count question supported the primary answer: one abnormal area noted; One abnormal finding noted; No abnormal findings observed. Overall support is moderate; the reliability score combines morphology/TDA saliency, heatmap concentration, color/texture support, artifact burden, answer specificity, and self-probe agreement. The original question was: How many distinct abnormalities are visible?. This explanation is intended for clinician review and should be interpreted alongside the image rather than as a standalone diagnosis.
visual_explanation_summary:
- type=heatmap; path=visuals/0514_heatmap.png; description=Fresh CATA-Final / D1 heatmap combining morphology/TDA saliency, color/edge evidence, and artifact suppression.
- type=evidence_json; path=visuals/0514_evidence.json; description=Structured visual evidence and confidence inputs used by the explanation generator.

Remember: return strict JSON only."
115,538,cl8k2u1qf1et308327e7ddd3o,What colors are observed in the abnormal areas?,"red, pink, and yellow lesions noted","Score each criterion from 1 to 5:
1 = poor, 2 = weak, 3 = acceptable, 4 = good, 5 = excellent.

Criteria:
- correctness: the answer and explanation are consistent with the question and available reference information.
- faithfulness: the explanation supports the predicted answer without inventing unsupported claims.
- relevance: the explanation focuses on visual/question evidence that matters for the answer.
- clarity: the explanation is readable, concise, and clinically understandable.
- completeness: the explanation covers the key evidence needed to justify the answer.

Return JSON with exactly these keys:
{
  ""correctness"": <integer 1-5>,
  ""faithfulness"": <integer 1-5>,
  ""relevance"": <integer 1-5>,
  ""clarity"": <integer 1-5>,
  ""completeness"": <integer 1-5>,
  ""rationale"": ""short explanation""
}

Evaluate this Task 2 explanation.

val_id: 538
img_id: cl8k2u1qf1et308327e7ddd3o
question: What colors are observed in the abnormal areas?
reference_answer_if_available: 
predicted_answer: red, pink, and yellow lesions noted
confidence_score: 0.95
textual_explanation: The CATA-Final model predicts ""red, pink, and yellow lesions noted"". The newly generated visual explanation highlights morphology/TDA structural support, color and mucosal-texture support, a relatively focal heatmap region. Targeted self-probes for this color question supported the primary answer: red and pink discoloration noted; mucosal erythema present; Multiple color changes including pink, red, white, and yellow are present.. Overall support is moderate; the reliability score combines morphology/TDA saliency, heatmap concentration, color/texture support, artifact burden, answer specificity, and self-probe agreement. The original question was: What colors are observed in the abnormal areas?. This explanation is intended for clinician review and should be interpreted alongside the image rather than as a standalone diagnosis.
visual_explanation_summary:
- type=heatmap; path=visuals/0538_heatmap.png; description=Fresh CATA-Final / D1 heatmap combining morphology/TDA saliency, color/edge evidence, and artifact suppression.
- type=evidence_json; path=visuals/0538_evidence.json; description=Structured visual evidence and confidence inputs used by the explanation generator.

Remember: return strict JSON only."
116,539,cla820gmbs5ir071u0wut6edt,What type of polyp is observed in the gastrointestinal tract?,no polypoid lesions identified,"Score each criterion from 1 to 5:
1 = poor, 2 = weak, 3 = acceptable, 4 = good, 5 = excellent.

Criteria:
- correctness: the answer and explanation are consistent with the question and available reference information.
- faithfulness: the explanation supports the predicted answer without inventing unsupported claims.
- relevance: the explanation focuses on visual/question evidence that matters for the answer.
- clarity: the explanation is readable, concise, and clinically understandable.
- completeness: the explanation covers the key evidence needed to justify the answer.

Return JSON with exactly these keys:
{
  ""correctness"": <integer 1-5>,
  ""faithfulness"": <integer 1-5>,
  ""relevance"": <integer 1-5>,
  ""clarity"": <integer 1-5>,
  ""completeness"": <integer 1-5>,
  ""rationale"": ""short explanation""
}

Evaluate this Task 2 explanation.

val_id: 539
img_id: cla820gmbs5ir071u0wut6edt
question: What type of polyp is observed in the gastrointestinal tract?
reference_answer_if_available: 
predicted_answer: no polypoid lesions identified
confidence_score: 0.7677
textual_explanation: The CATA-Final model predicts ""no polypoid lesions identified"". The newly generated visual explanation highlights morphology/TDA structural support, color and mucosal-texture support, a relatively focal heatmap region, possible specular artifact burden. Targeted self-probes for this lesion question produced mixed support: No polypoid lesion identified, with no evidence of abnormal mucosa; No polyp identified with no central or upper-lower region involvement.; evidence of inflammatory changes consistent with ulcerative colitis. Because these probes do not fully agree with the primary answer, the explanation is treated cautiously. Overall support is mixed; the reliability score combines morphology/TDA saliency, heatmap concentration, color/texture support, artifact burden, answer specificity, and self-probe agreement. The original question was: What type of polyp is observed in the gastrointestinal tract?. This explanation is intended for clinician review and should be interpreted alongside the image rather than as a standalone diagnosis.
visual_explanation_summary:
- type=heatmap; path=visuals/0539_heatmap.png; description=Fresh CATA-Final / D1 heatmap combining morphology/TDA saliency, color/edge evidence, and artifact suppression.
- type=evidence_json; path=visuals/0539_evidence.json; description=Structured visual evidence and confidence inputs used by the explanation generator.

Remember: return strict JSON only."
117,541,cl8k2u1qr1f5b083206pj0825,Where is the abnormality located in the image?,abnormality observed in central and upper-central regions,"Score each criterion from 1 to 5:
1 = poor, 2 = weak, 3 = acceptable, 4 = good, 5 = excellent.

Criteria:
- correctness: the answer and explanation are consistent with the question and available reference information.
- faithfulness: the explanation supports the predicted answer without inventing unsupported claims.
- relevance: the explanation focuses on visual/question evidence that matters for the answer.
- clarity: the explanation is readable, concise, and clinically understandable.
- completeness: the explanation covers the key evidence needed to justify the answer.

Return JSON with exactly these keys:
{
  ""correctness"": <integer 1-5>,
  ""faithfulness"": <integer 1-5>,
  ""relevance"": <integer 1-5>,
  ""clarity"": <integer 1-5>,
  ""completeness"": <integer 1-5>,
  ""rationale"": ""short explanation""
}

Evaluate this Task 2 explanation.

val_id: 541
img_id: cl8k2u1qr1f5b083206pj0825
question: Where is the abnormality located in the image?
reference_answer_if_available: 
predicted_answer: abnormality observed in central and upper-central regions
confidence_score: 0.95
textual_explanation: The CATA-Final model predicts ""abnormality observed in central and upper-central regions"". The newly generated visual explanation highlights morphology/TDA structural support, color and mucosal-texture support, a relatively focal heatmap region. Targeted self-probes for this location question supported the primary answer: abnormality observed in central and upper-central regions; No evidence is present in the central or upper regions, and no abnormalities are seen on the lower side.; evidence distributed across central and lower quadrants. Overall support is moderate; the reliability score combines morphology/TDA saliency, heatmap concentration, color/texture support, artifact burden, answer specificity, and self-probe agreement. The original question was: Where is the abnormality located in the image?. This explanation is intended for clinician review and should be interpreted alongside the image rather than as a standalone diagnosis.
visual_explanation_summary:
- type=heatmap; path=visuals/0541_heatmap.png; description=Fresh CATA-Final / D1 heatmap combining morphology/TDA saliency, color/edge evidence, and artifact suppression.
- type=evidence_json; path=visuals/0541_evidence.json; description=Structured visual evidence and confidence inputs used by the explanation generator.

Remember: return strict JSON only."
118,542,cla820gmts69b071uhpl3dyhl,What type of polyp is observed?,No polyp detected,"Score each criterion from 1 to 5:
1 = poor, 2 = weak, 3 = acceptable, 4 = good, 5 = excellent.

Criteria:
- correctness: the answer and explanation are consistent with the question and available reference information.
- faithfulness: the explanation supports the predicted answer without inventing unsupported claims.
- relevance: the explanation focuses on visual/question evidence that matters for the answer.
- clarity: the explanation is readable, concise, and clinically understandable.
- completeness: the explanation covers the key evidence needed to justify the answer.

Return JSON with exactly these keys:
{
  ""correctness"": <integer 1-5>,
  ""faithfulness"": <integer 1-5>,
  ""relevance"": <integer 1-5>,
  ""clarity"": <integer 1-5>,
  ""completeness"": <integer 1-5>,
  ""rationale"": ""short explanation""
}

Evaluate this Task 2 explanation.

val_id: 542
img_id: cla820gmts69b071uhpl3dyhl
question: What type of polyp is observed?
reference_answer_if_available: 
predicted_answer: No polyp detected
confidence_score: 0.7583
textual_explanation: The CATA-Final model predicts ""No polyp detected"". The newly generated visual explanation highlights morphology/TDA structural support, color and mucosal-texture support, a relatively focal heatmap region, possible specular artifact burden. Targeted self-probes for this lesion question produced mixed support: No polypoid lesion identified, with no evidence of abnormal mucosal changes; No polyp identified in the examined area.; evidence of inflammatory changes consistent with ulcerative colitis. Because these probes do not fully agree with the primary answer, the explanation is treated cautiously. Overall support is mixed; the reliability score combines morphology/TDA saliency, heatmap concentration, color/texture support, artifact burden, answer specificity, and self-probe agreement. The original question was: What type of polyp is observed?. This explanation is intended for clinician review and should be interpreted alongside the image rather than as a standalone diagnosis.
visual_explanation_summary:
- type=heatmap; path=visuals/0542_heatmap.png; description=Fresh CATA-Final / D1 heatmap combining morphology/TDA saliency, color/edge evidence, and artifact suppression.
- type=evidence_json; path=visuals/0542_evidence.json; description=Structured visual evidence and confidence inputs used by the explanation generator.

Remember: return strict JSON only."
119,543,clb0lbx1ddqak086uabiq36z8,In which region of the image is the instrument located?,instrument positioned in central and upper-central areas,"Score each criterion from 1 to 5:
1 = poor, 2 = weak, 3 = acceptable, 4 = good, 5 = excellent.

Criteria:
- correctness: the answer and explanation are consistent with the question and available reference information.
- faithfulness: the explanation supports the predicted answer without inventing unsupported claims.
- relevance: the explanation focuses on visual/question evidence that matters for the answer.
- clarity: the explanation is readable, concise, and clinically understandable.
- completeness: the explanation covers the key evidence needed to justify the answer.

Return JSON with exactly these keys:
{
  ""correctness"": <integer 1-5>,
  ""faithfulness"": <integer 1-5>,
  ""relevance"": <integer 1-5>,
  ""clarity"": <integer 1-5>,
  ""completeness"": <integer 1-5>,
  ""rationale"": ""short explanation""
}

Evaluate this Task 2 explanation.

val_id: 543
img_id: clb0lbx1ddqak086uabiq36z8
question: In which region of the image is the instrument located?
reference_answer_if_available: 
predicted_answer: instrument positioned in central and upper-central areas
confidence_score: 0.95
textual_explanation: The CATA-Final model predicts ""instrument positioned in central and upper-central areas"". The newly generated visual explanation highlights morphology/TDA structural support, color and mucosal-texture support, a relatively focal heatmap region. Targeted self-probes for this instrument question supported the primary answer: tube visible in the abdominal region; instruments located in central and upper regions; No visible instruments detected. Overall support is moderate; the reliability score combines morphology/TDA saliency, heatmap concentration, color/texture support, artifact burden, answer specificity, and self-probe agreement. The original question was: In which region of the image is the instrument located?. This explanation is intended for clinician review and should be interpreted alongside the image rather than as a standalone diagnosis.
visual_explanation_summary:
- type=heatmap; path=visuals/0543_heatmap.png; description=Fresh CATA-Final / D1 heatmap combining morphology/TDA saliency, color/edge evidence, and artifact suppression.
- type=evidence_json; path=visuals/0543_evidence.json; description=Structured visual evidence and confidence inputs used by the explanation generator.

Remember: return strict JSON only."
120,546,clb0kvxvy91e8074y8f9nhxl2,Is there any visible instrument in the image?,No instruments are visible,"Score each criterion from 1 to 5:
1 = poor, 2 = weak, 3 = acceptable, 4 = good, 5 = excellent.

Criteria:
- correctness: the answer and explanation are consistent with the question and available reference information.
- faithfulness: the explanation supports the predicted answer without inventing unsupported claims.
- relevance: the explanation focuses on visual/question evidence that matters for the answer.
- clarity: the explanation is readable, concise, and clinically understandable.
- completeness: the explanation covers the key evidence needed to justify the answer.

Return JSON with exactly these keys:
{
  ""correctness"": <integer 1-5>,
  ""faithfulness"": <integer 1-5>,
  ""relevance"": <integer 1-5>,
  ""clarity"": <integer 1-5>,
  ""completeness"": <integer 1-5>,
  ""rationale"": ""short explanation""
}

Evaluate this Task 2 explanation.

val_id: 546
img_id: clb0kvxvy91e8074y8f9nhxl2
question: Is there any visible instrument in the image?
reference_answer_if_available: 
predicted_answer: No instruments are visible
confidence_score: 0.8212
textual_explanation: The CATA-Final model predicts ""No instruments are visible"". The newly generated visual explanation highlights morphology/TDA structural support, color and mucosal-texture support, a relatively focal heatmap region, possible specular artifact burden. Targeted self-probes for this instrument question supported the primary answer: No foreign bodies or instruments observed; No instruments are visible in the image; No surgical instruments visualized. Overall support is moderate; the reliability score combines morphology/TDA saliency, heatmap concentration, color/texture support, artifact burden, answer specificity, and self-probe agreement. The original question was: Is there any visible instrument in the image?. This explanation is intended for clinician review and should be interpreted alongside the image rather than as a standalone diagnosis.
visual_explanation_summary:
- type=heatmap; path=visuals/0546_heatmap.png; description=Fresh CATA-Final / D1 heatmap combining morphology/TDA saliency, color/edge evidence, and artifact suppression.
- type=evidence_json; path=visuals/0546_evidence.json; description=Structured visual evidence and confidence inputs used by the explanation generator.

Remember: return strict JSON only."
121,548,clb0kvxve90kc074y6yaecqgy,Are there any green or black box-like artifacts present?,No evidence of box-like artifacts observed,"Score each criterion from 1 to 5:
1 = poor, 2 = weak, 3 = acceptable, 4 = good, 5 = excellent.

Criteria:
- correctness: the answer and explanation are consistent with the question and available reference information.
- faithfulness: the explanation supports the predicted answer without inventing unsupported claims.
- relevance: the explanation focuses on visual/question evidence that matters for the answer.
- clarity: the explanation is readable, concise, and clinically understandable.
- completeness: the explanation covers the key evidence needed to justify the answer.

Return JSON with exactly these keys:
{
  ""correctness"": <integer 1-5>,
  ""faithfulness"": <integer 1-5>,
  ""relevance"": <integer 1-5>,
  ""clarity"": <integer 1-5>,
  ""completeness"": <integer 1-5>,
  ""rationale"": ""short explanation""
}

Evaluate this Task 2 explanation.

val_id: 548
img_id: clb0kvxve90kc074y6yaecqgy
question: Are there any green or black box-like artifacts present?
reference_answer_if_available: 
predicted_answer: No evidence of box-like artifacts observed
confidence_score: 0.635
textual_explanation: The CATA-Final model predicts ""No evidence of box-like artifacts observed"". The newly generated visual explanation highlights morphology/TDA structural support, color and mucosal-texture support, a relatively focal heatmap region, possible specular artifact burden. Targeted self-probes for this color question produced mixed support: multiple colors including pink, red, and white; mucosal erythema present; multiple color changes including pink, red, white, and grey. Because these probes do not fully agree with the primary answer, the explanation is treated cautiously. Overall support is mixed; the reliability score combines morphology/TDA saliency, heatmap concentration, color/texture support, artifact burden, answer specificity, and self-probe agreement. The original question was: Are there any green or black box-like artifacts present?. This explanation is intended for clinician review and should be interpreted alongside the image rather than as a standalone diagnosis.
visual_explanation_summary:
- type=heatmap; path=visuals/0548_heatmap.png; description=Fresh CATA-Final / D1 heatmap combining morphology/TDA saliency, color/edge evidence, and artifact suppression.
- type=evidence_json; path=visuals/0548_evidence.json; description=Structured visual evidence and confidence inputs used by the explanation generator.

Remember: return strict JSON only."
122,552,clb0kvxuy8zus074ycfgp22fs,Which anatomical landmarks are visible in the image?,evidence of z-line appearance,"Score each criterion from 1 to 5:
1 = poor, 2 = weak, 3 = acceptable, 4 = good, 5 = excellent.

Criteria:
- correctness: the answer and explanation are consistent with the question and available reference information.
- faithfulness: the explanation supports the predicted answer without inventing unsupported claims.
- relevance: the explanation focuses on visual/question evidence that matters for the answer.
- clarity: the explanation is readable, concise, and clinically understandable.
- completeness: the explanation covers the key evidence needed to justify the answer.

Return JSON with exactly these keys:
{
  ""correctness"": <integer 1-5>,
  ""faithfulness"": <integer 1-5>,
  ""relevance"": <integer 1-5>,
  ""clarity"": <integer 1-5>,
  ""completeness"": <integer 1-5>,
  ""rationale"": ""short explanation""
}

Evaluate this Task 2 explanation.

val_id: 552
img_id: clb0kvxuy8zus074ycfgp22fs
question: Which anatomical landmarks are visible in the image?
reference_answer_if_available: 
predicted_answer: evidence of z-line appearance
confidence_score: 0.905
textual_explanation: The CATA-Final model predicts ""evidence of z-line appearance"". The newly generated visual explanation highlights morphology/TDA structural support, color and mucosal-texture support, a relatively focal heatmap region, possible specular artifact burden. Targeted self-probes for this generic question supported the primary answer: evidence of esophageal inflammation; No evidence of imaging artifacts present; evidence distributed across multiple regions. Overall support is moderate; the reliability score combines morphology/TDA saliency, heatmap concentration, color/texture support, artifact burden, answer specificity, and self-probe agreement. The original question was: Which anatomical landmarks are visible in the image?. This explanation is intended for clinician review and should be interpreted alongside the image rather than as a standalone diagnosis.
visual_explanation_summary:
- type=heatmap; path=visuals/0552_heatmap.png; description=Fresh CATA-Final / D1 heatmap combining morphology/TDA saliency, color/edge evidence, and artifact suppression.
- type=evidence_json; path=visuals/0552_evidence.json; description=Structured visual evidence and confidence inputs used by the explanation generator.

Remember: return strict JSON only."
123,563,clbnxtoepbkoy074c7bpg4xgx,Is there any abnormal finding visible in this image?,No significant abnormalities identified,"Score each criterion from 1 to 5:
1 = poor, 2 = weak, 3 = acceptable, 4 = good, 5 = excellent.

Criteria:
- correctness: the answer and explanation are consistent with the question and available reference information.
- faithfulness: the explanation supports the predicted answer without inventing unsupported claims.
- relevance: the explanation focuses on visual/question evidence that matters for the answer.
- clarity: the explanation is readable, concise, and clinically understandable.
- completeness: the explanation covers the key evidence needed to justify the answer.

Return JSON with exactly these keys:
{
  ""correctness"": <integer 1-5>,
  ""faithfulness"": <integer 1-5>,
  ""relevance"": <integer 1-5>,
  ""clarity"": <integer 1-5>,
  ""completeness"": <integer 1-5>,
  ""rationale"": ""short explanation""
}

Evaluate this Task 2 explanation.

val_id: 563
img_id: clbnxtoepbkoy074c7bpg4xgx
question: Is there any abnormal finding visible in this image?
reference_answer_if_available: 
predicted_answer: No significant abnormalities identified
confidence_score: 0.769
textual_explanation: The CATA-Final model predicts ""No significant abnormalities identified"". The newly generated visual explanation highlights morphology/TDA structural support, color and mucosal-texture support, a relatively focal heatmap region, possible specular artifact burden. Targeted self-probes for this lesion question produced mixed support: Findings suggest presence of a polypoid lesion; The lesion exhibits a polypoid appearance and is distributed in multiple central regions.; evidence of mucosal polyp. Because these probes do not fully agree with the primary answer, the explanation is treated cautiously. Overall support is mixed; the reliability score combines morphology/TDA saliency, heatmap concentration, color/texture support, artifact burden, answer specificity, and self-probe agreement. The original question was: Is there any abnormal finding visible in this image?. This explanation is intended for clinician review and should be interpreted alongside the image rather than as a standalone diagnosis.
visual_explanation_summary:
- type=heatmap; path=visuals/0563_heatmap.png; description=Fresh CATA-Final / D1 heatmap combining morphology/TDA saliency, color/edge evidence, and artifact suppression.
- type=evidence_json; path=visuals/0563_evidence.json; description=Structured visual evidence and confidence inputs used by the explanation generator.

Remember: return strict JSON only."
124,569,clb0kvxv69060074y2isr622s,Are there any green or black box-shaped artifacts present?,No evidence of box-shaped artifacts,"Score each criterion from 1 to 5:
1 = poor, 2 = weak, 3 = acceptable, 4 = good, 5 = excellent.

Criteria:
- correctness: the answer and explanation are consistent with the question and available reference information.
- faithfulness: the explanation supports the predicted answer without inventing unsupported claims.
- relevance: the explanation focuses on visual/question evidence that matters for the answer.
- clarity: the explanation is readable, concise, and clinically understandable.
- completeness: the explanation covers the key evidence needed to justify the answer.

Return JSON with exactly these keys:
{
  ""correctness"": <integer 1-5>,
  ""faithfulness"": <integer 1-5>,
  ""relevance"": <integer 1-5>,
  ""clarity"": <integer 1-5>,
  ""completeness"": <integer 1-5>,
  ""rationale"": ""short explanation""
}

Evaluate this Task 2 explanation.

val_id: 569
img_id: clb0kvxv69060074y2isr622s
question: Are there any green or black box-shaped artifacts present?
reference_answer_if_available: 
predicted_answer: No evidence of box-shaped artifacts
confidence_score: 0.7173
textual_explanation: The CATA-Final model predicts ""No evidence of box-shaped artifacts"". The newly generated visual explanation highlights morphology/TDA structural support, color and mucosal-texture support, a relatively focal heatmap region, possible specular artifact burden. Targeted self-probes for this color question produced mixed support: pink, red, and white lesions observed; mucosal erythema present; multiple color variations including pink, red, white, and grey. Because these probes do not fully agree with the primary answer, the explanation is treated cautiously. Overall support is mixed; the reliability score combines morphology/TDA saliency, heatmap concentration, color/texture support, artifact burden, answer specificity, and self-probe agreement. The original question was: Are there any green or black box-shaped artifacts present?. This explanation is intended for clinician review and should be interpreted alongside the image rather than as a standalone diagnosis.
visual_explanation_summary:
- type=heatmap; path=visuals/0569_heatmap.png; description=Fresh CATA-Final / D1 heatmap combining morphology/TDA saliency, color/edge evidence, and artifact suppression.
- type=evidence_json; path=visuals/0569_evidence.json; description=Structured visual evidence and confidence inputs used by the explanation generator.

Remember: return strict JSON only."
125,570,cl8k2u1pw1e6f0832g26obqdx,What is the size of the detected polyp?,polyp measuring 5 to 10 millimeters,"Score each criterion from 1 to 5:
1 = poor, 2 = weak, 3 = acceptable, 4 = good, 5 = excellent.

Criteria:
- correctness: the answer and explanation are consistent with the question and available reference information.
- faithfulness: the explanation supports the predicted answer without inventing unsupported claims.
- relevance: the explanation focuses on visual/question evidence that matters for the answer.
- clarity: the explanation is readable, concise, and clinically understandable.
- completeness: the explanation covers the key evidence needed to justify the answer.

Return JSON with exactly these keys:
{
  ""correctness"": <integer 1-5>,
  ""faithfulness"": <integer 1-5>,
  ""relevance"": <integer 1-5>,
  ""clarity"": <integer 1-5>,
  ""completeness"": <integer 1-5>,
  ""rationale"": ""short explanation""
}

Evaluate this Task 2 explanation.

val_id: 570
img_id: cl8k2u1pw1e6f0832g26obqdx
question: What is the size of the detected polyp?
reference_answer_if_available: 
predicted_answer: polyp measuring 5 to 10 millimeters
confidence_score: 0.9233
textual_explanation: The CATA-Final model predicts ""polyp measuring 5 to 10 millimeters"". The newly generated visual explanation highlights morphology/TDA structural support, color and mucosal-texture support, a relatively focal heatmap region. Targeted self-probes for this size question supported the primary answer: lesion measures between 5 to 10 millimeters; The lesion measures less than 5 millimeters in size.; No evidence of polypoid lesion. Overall support is moderate; the reliability score combines morphology/TDA saliency, heatmap concentration, color/texture support, artifact burden, answer specificity, and self-probe agreement. The original question was: What is the size of the detected polyp?. This explanation is intended for clinician review and should be interpreted alongside the image rather than as a standalone diagnosis.
visual_explanation_summary:
- type=heatmap; path=visuals/0570_heatmap.png; description=Fresh CATA-Final / D1 heatmap combining morphology/TDA saliency, color/edge evidence, and artifact suppression.
- type=evidence_json; path=visuals/0570_evidence.json; description=Structured visual evidence and confidence inputs used by the explanation generator.

Remember: return strict JSON only."
126,584,cla820glvs4zf071u1wsq069a,Is there any polyp observed?,No polyp detected,"Score each criterion from 1 to 5:
1 = poor, 2 = weak, 3 = acceptable, 4 = good, 5 = excellent.

Criteria:
- correctness: the answer and explanation are consistent with the question and available reference information.
- faithfulness: the explanation supports the predicted answer without inventing unsupported claims.
- relevance: the explanation focuses on visual/question evidence that matters for the answer.
- clarity: the explanation is readable, concise, and clinically understandable.
- completeness: the explanation covers the key evidence needed to justify the answer.

Return JSON with exactly these keys:
{
  ""correctness"": <integer 1-5>,
  ""faithfulness"": <integer 1-5>,
  ""relevance"": <integer 1-5>,
  ""clarity"": <integer 1-5>,
  ""completeness"": <integer 1-5>,
  ""rationale"": ""short explanation""
}

Evaluate this Task 2 explanation.

val_id: 584
img_id: cla820glvs4zf071u1wsq069a
question: Is there any polyp observed?
reference_answer_if_available: 
predicted_answer: No polyp detected
confidence_score: 0.7899
textual_explanation: The CATA-Final model predicts ""No polyp detected"". The newly generated visual explanation highlights morphology/TDA structural support, color and mucosal-texture support, a relatively focal heatmap region. Targeted self-probes for this lesion question produced mixed support: No polypoid lesion identified, with no evidence of abnormal mucosal changes; No polyp identified in the examined area.; evidence of inflammatory changes consistent with ulcerative colitis. Because these probes do not fully agree with the primary answer, the explanation is treated cautiously. Overall support is mixed; the reliability score combines morphology/TDA saliency, heatmap concentration, color/texture support, artifact burden, answer specificity, and self-probe agreement. The original question was: Is there any polyp observed?. This explanation is intended for clinician review and should be interpreted alongside the image rather than as a standalone diagnosis.
visual_explanation_summary:
- type=heatmap; path=visuals/0584_heatmap.png; description=Fresh CATA-Final / D1 heatmap combining morphology/TDA saliency, color/edge evidence, and artifact suppression.
- type=evidence_json; path=visuals/0584_evidence.json; description=Structured visual evidence and confidence inputs used by the explanation generator.

Remember: return strict JSON only."
127,592,clb0kvxus8zoc074y4dplc6wi,In which areas of the image is the abnormality located?,abnormality scattered across multiple regions,"Score each criterion from 1 to 5:
1 = poor, 2 = weak, 3 = acceptable, 4 = good, 5 = excellent.

Criteria:
- correctness: the answer and explanation are consistent with the question and available reference information.
- faithfulness: the explanation supports the predicted answer without inventing unsupported claims.
- relevance: the explanation focuses on visual/question evidence that matters for the answer.
- clarity: the explanation is readable, concise, and clinically understandable.
- completeness: the explanation covers the key evidence needed to justify the answer.

Return JSON with exactly these keys:
{
  ""correctness"": <integer 1-5>,
  ""faithfulness"": <integer 1-5>,
  ""relevance"": <integer 1-5>,
  ""clarity"": <integer 1-5>,
  ""completeness"": <integer 1-5>,
  ""rationale"": ""short explanation""
}

Evaluate this Task 2 explanation.

val_id: 592
img_id: clb0kvxus8zoc074y4dplc6wi
question: In which areas of the image is the abnormality located?
reference_answer_if_available: 
predicted_answer: abnormality scattered across multiple regions
confidence_score: 0.8053
textual_explanation: The CATA-Final model predicts ""abnormality scattered across multiple regions"". The newly generated visual explanation highlights morphology/TDA structural support, color and mucosal-texture support, a relatively focal heatmap region, possible specular artifact burden. Targeted self-probes for this location question supported the primary answer: abnormalities scattered across multiple regions; scattered across multiple regions including center, upper, and lower quadrants; scattered across multiple areas including center, upper, and lower quadrants. Overall support is moderate; the reliability score combines morphology/TDA saliency, heatmap concentration, color/texture support, artifact burden, answer specificity, and self-probe agreement. The original question was: In which areas of the image is the abnormality located?. This explanation is intended for clinician review and should be interpreted alongside the image rather than as a standalone diagnosis.
visual_explanation_summary:
- type=heatmap; path=visuals/0592_heatmap.png; description=Fresh CATA-Final / D1 heatmap combining morphology/TDA saliency, color/edge evidence, and artifact suppression.
- type=evidence_json; path=visuals/0592_evidence.json; description=Structured visual evidence and confidence inputs used by the explanation generator.

Remember: return strict JSON only."
128,600,cl8k2u1q01ebr0832fd3u76ro,Are there any abnormalities visible in the image?,evidence of colonic polyp,"Score each criterion from 1 to 5:
1 = poor, 2 = weak, 3 = acceptable, 4 = good, 5 = excellent.

Criteria:
- correctness: the answer and explanation are consistent with the question and available reference information.
- faithfulness: the explanation supports the predicted answer without inventing unsupported claims.
- relevance: the explanation focuses on visual/question evidence that matters for the answer.
- clarity: the explanation is readable, concise, and clinically understandable.
- completeness: the explanation covers the key evidence needed to justify the answer.

Return JSON with exactly these keys:
{
  ""correctness"": <integer 1-5>,
  ""faithfulness"": <integer 1-5>,
  ""relevance"": <integer 1-5>,
  ""clarity"": <integer 1-5>,
  ""completeness"": <integer 1-5>,
  ""rationale"": ""short explanation""
}

Evaluate this Task 2 explanation.

val_id: 600
img_id: cl8k2u1q01ebr0832fd3u76ro
question: Are there any abnormalities visible in the image?
reference_answer_if_available: 
predicted_answer: evidence of colonic polyp
confidence_score: 0.95
textual_explanation: The CATA-Final model predicts ""evidence of colonic polyp"". The newly generated visual explanation highlights morphology/TDA structural support, color and mucosal-texture support, a relatively focal heatmap region. Targeted self-probes for this lesion question supported the primary answer: presence of a polypoid lesion detected; The lesion exhibits a polypoid appearance and is distributed in the central, upper-right, lower-center, and lower-left regions.; evidence of mucosal polypoid lesion. Overall support is moderate; the reliability score combines morphology/TDA saliency, heatmap concentration, color/texture support, artifact burden, answer specificity, and self-probe agreement. The original question was: Are there any abnormalities visible in the image?. This explanation is intended for clinician review and should be interpreted alongside the image rather than as a standalone diagnosis.
visual_explanation_summary:
- type=heatmap; path=visuals/0600_heatmap.png; description=Fresh CATA-Final / D1 heatmap combining morphology/TDA saliency, color/edge evidence, and artifact suppression.
- type=evidence_json; path=visuals/0600_evidence.json; description=Structured visual evidence and confidence inputs used by the explanation generator.

Remember: return strict JSON only."
129,601,cl8k2u1rx1gnv08321vsv9iev,Are there any green or black box-like artifacts present?,evidence of green and black box artifacts,"Score each criterion from 1 to 5:
1 = poor, 2 = weak, 3 = acceptable, 4 = good, 5 = excellent.

Criteria:
- correctness: the answer and explanation are consistent with the question and available reference information.
- faithfulness: the explanation supports the predicted answer without inventing unsupported claims.
- relevance: the explanation focuses on visual/question evidence that matters for the answer.
- clarity: the explanation is readable, concise, and clinically understandable.
- completeness: the explanation covers the key evidence needed to justify the answer.

Return JSON with exactly these keys:
{
  ""correctness"": <integer 1-5>,
  ""faithfulness"": <integer 1-5>,
  ""relevance"": <integer 1-5>,
  ""clarity"": <integer 1-5>,
  ""completeness"": <integer 1-5>,
  ""rationale"": ""short explanation""
}

Evaluate this Task 2 explanation.

val_id: 601
img_id: cl8k2u1rx1gnv08321vsv9iev
question: Are there any green or black box-like artifacts present?
reference_answer_if_available: 
predicted_answer: evidence of green and black box artifacts
confidence_score: 0.95
textual_explanation: The CATA-Final model predicts ""evidence of green and black box artifacts"". The newly generated visual explanation highlights morphology/TDA structural support, color and mucosal-texture support, a relatively focal heatmap region. Targeted self-probes for this color question supported the primary answer: red and pink discoloration noted; evidence of mucosal erythema; Multiple color changes including pink, red, white, and yellow are present.. Overall support is moderate; the reliability score combines morphology/TDA saliency, heatmap concentration, color/texture support, artifact burden, answer specificity, and self-probe agreement. The original question was: Are there any green or black box-like artifacts present?. This explanation is intended for clinician review and should be interpreted alongside the image rather than as a standalone diagnosis.
visual_explanation_summary:
- type=heatmap; path=visuals/0601_heatmap.png; description=Fresh CATA-Final / D1 heatmap combining morphology/TDA saliency, color/edge evidence, and artifact suppression.
- type=evidence_json; path=visuals/0601_evidence.json; description=Structured visual evidence and confidence inputs used by the explanation generator.

Remember: return strict JSON only."
130,607,cla820gl2s3qr071u67g3c2fe,Are there any medical instruments visible in the image?,No foreign bodies or instruments observed,"Score each criterion from 1 to 5:
1 = poor, 2 = weak, 3 = acceptable, 4 = good, 5 = excellent.

Criteria:
- correctness: the answer and explanation are consistent with the question and available reference information.
- faithfulness: the explanation supports the predicted answer without inventing unsupported claims.
- relevance: the explanation focuses on visual/question evidence that matters for the answer.
- clarity: the explanation is readable, concise, and clinically understandable.
- completeness: the explanation covers the key evidence needed to justify the answer.

Return JSON with exactly these keys:
{
  ""correctness"": <integer 1-5>,
  ""faithfulness"": <integer 1-5>,
  ""relevance"": <integer 1-5>,
  ""clarity"": <integer 1-5>,
  ""completeness"": <integer 1-5>,
  ""rationale"": ""short explanation""
}

Evaluate this Task 2 explanation.

val_id: 607
img_id: cla820gl2s3qr071u67g3c2fe
question: Are there any medical instruments visible in the image?
reference_answer_if_available: 
predicted_answer: No foreign bodies or instruments observed
confidence_score: 0.8632
textual_explanation: The CATA-Final model predicts ""No foreign bodies or instruments observed"". The newly generated visual explanation highlights morphology/TDA structural support, color and mucosal-texture support, a relatively focal heatmap region, possible specular artifact burden. Targeted self-probes for this instrument question supported the primary answer: No foreign bodies or instruments observed; No instruments are visible in the image; No surgical instruments visualized. Overall support is moderate; the reliability score combines morphology/TDA saliency, heatmap concentration, color/texture support, artifact burden, answer specificity, and self-probe agreement. The original question was: Are there any medical instruments visible in the image?. This explanation is intended for clinician review and should be interpreted alongside the image rather than as a standalone diagnosis.
visual_explanation_summary:
- type=heatmap; path=visuals/0607_heatmap.png; description=Fresh CATA-Final / D1 heatmap combining morphology/TDA saliency, color/edge evidence, and artifact suppression.
- type=evidence_json; path=visuals/0607_evidence.json; description=Structured visual evidence and confidence inputs used by the explanation generator.

Remember: return strict JSON only."
131,611,clb0kvxv7907c074y8xvo3g7g,In which regions of the image is the abnormality located?,abnormality scattered across multiple quadrants,"Score each criterion from 1 to 5:
1 = poor, 2 = weak, 3 = acceptable, 4 = good, 5 = excellent.

Criteria:
- correctness: the answer and explanation are consistent with the question and available reference information.
- faithfulness: the explanation supports the predicted answer without inventing unsupported claims.
- relevance: the explanation focuses on visual/question evidence that matters for the answer.
- clarity: the explanation is readable, concise, and clinically understandable.
- completeness: the explanation covers the key evidence needed to justify the answer.

Return JSON with exactly these keys:
{
  ""correctness"": <integer 1-5>,
  ""faithfulness"": <integer 1-5>,
  ""relevance"": <integer 1-5>,
  ""clarity"": <integer 1-5>,
  ""completeness"": <integer 1-5>,
  ""rationale"": ""short explanation""
}

Evaluate this Task 2 explanation.

val_id: 611
img_id: clb0kvxv7907c074y8xvo3g7g
question: In which regions of the image is the abnormality located?
reference_answer_if_available: 
predicted_answer: abnormality scattered across multiple quadrants
confidence_score: 0.6816
textual_explanation: The CATA-Final model predicts ""abnormality scattered across multiple quadrants"". The newly generated visual explanation highlights morphology/TDA structural support, color and mucosal-texture support, diffuse heatmap evidence, possible specular artifact burden. Targeted self-probes for this location question supported the primary answer: abnormalities scattered across multiple regions; scattered across multiple regions including center, upper, and lower quadrants; evidence distributed across multiple quadrants. Overall support is moderate; the reliability score combines morphology/TDA saliency, heatmap concentration, color/texture support, artifact burden, answer specificity, and self-probe agreement. The original question was: In which regions of the image is the abnormality located?. This explanation is intended for clinician review and should be interpreted alongside the image rather than as a standalone diagnosis.
visual_explanation_summary:
- type=heatmap; path=visuals/0611_heatmap.png; description=Fresh CATA-Final / D1 heatmap combining morphology/TDA saliency, color/edge evidence, and artifact suppression.
- type=evidence_json; path=visuals/0611_evidence.json; description=Structured visual evidence and confidence inputs used by the explanation generator.

Remember: return strict JSON only."
132,629,cl8k2u1r91ft70832fw890a00,Are there any green or black box-shaped artifacts present?,No evidence of box-shaped artifacts observed,"Score each criterion from 1 to 5:
1 = poor, 2 = weak, 3 = acceptable, 4 = good, 5 = excellent.

Criteria:
- correctness: the answer and explanation are consistent with the question and available reference information.
- faithfulness: the explanation supports the predicted answer without inventing unsupported claims.
- relevance: the explanation focuses on visual/question evidence that matters for the answer.
- clarity: the explanation is readable, concise, and clinically understandable.
- completeness: the explanation covers the key evidence needed to justify the answer.

Return JSON with exactly these keys:
{
  ""correctness"": <integer 1-5>,
  ""faithfulness"": <integer 1-5>,
  ""relevance"": <integer 1-5>,
  ""clarity"": <integer 1-5>,
  ""completeness"": <integer 1-5>,
  ""rationale"": ""short explanation""
}

Evaluate this Task 2 explanation.

val_id: 629
img_id: cl8k2u1r91ft70832fw890a00
question: Are there any green or black box-shaped artifacts present?
reference_answer_if_available: 
predicted_answer: No evidence of box-shaped artifacts observed
confidence_score: 0.7105
textual_explanation: The CATA-Final model predicts ""No evidence of box-shaped artifacts observed"". The newly generated visual explanation highlights morphology/TDA structural support, color and mucosal-texture support, a relatively focal heatmap region. Targeted self-probes for this color question produced mixed support: red and pink discoloration noted; mucosal erythema present; Multiple color changes including pink, red, white, and yellow are present.. Because these probes do not fully agree with the primary answer, the explanation is treated cautiously. Overall support is mixed; the reliability score combines morphology/TDA saliency, heatmap concentration, color/texture support, artifact burden, answer specificity, and self-probe agreement. The original question was: Are there any green or black box-shaped artifacts present?. This explanation is intended for clinician review and should be interpreted alongside the image rather than as a standalone diagnosis.
visual_explanation_summary:
- type=heatmap; path=visuals/0629_heatmap.png; description=Fresh CATA-Final / D1 heatmap combining morphology/TDA saliency, color/edge evidence, and artifact suppression.
- type=evidence_json; path=visuals/0629_evidence.json; description=Structured visual evidence and confidence inputs used by the explanation generator.

Remember: return strict JSON only."
133,638,cl8k2u1qk1eyb0832btf8863x,What procedure is depicted in the image?,evidence of colonoscopy procedure,"Score each criterion from 1 to 5:
1 = poor, 2 = weak, 3 = acceptable, 4 = good, 5 = excellent.

Criteria:
- correctness: the answer and explanation are consistent with the question and available reference information.
- faithfulness: the explanation supports the predicted answer without inventing unsupported claims.
- relevance: the explanation focuses on visual/question evidence that matters for the answer.
- clarity: the explanation is readable, concise, and clinically understandable.
- completeness: the explanation covers the key evidence needed to justify the answer.

Return JSON with exactly these keys:
{
  ""correctness"": <integer 1-5>,
  ""faithfulness"": <integer 1-5>,
  ""relevance"": <integer 1-5>,
  ""clarity"": <integer 1-5>,
  ""completeness"": <integer 1-5>,
  ""rationale"": ""short explanation""
}

Evaluate this Task 2 explanation.

val_id: 638
img_id: cl8k2u1qk1eyb0832btf8863x
question: What procedure is depicted in the image?
reference_answer_if_available: 
predicted_answer: evidence of colonoscopy procedure
confidence_score: 0.8103
textual_explanation: The CATA-Final model predicts ""evidence of colonoscopy procedure"". The newly generated visual explanation highlights morphology/TDA structural support, color and mucosal-texture support, a relatively focal heatmap region. Targeted self-probes for this procedure question produced mixed support: Evidence of colonoscopy findings with no identifiable anatomical landmarks; evidence of mucosal abnormalities; No artifacts or overlays detected. Because these probes do not fully agree with the primary answer, the explanation is treated cautiously. Overall support is mixed; the reliability score combines morphology/TDA saliency, heatmap concentration, color/texture support, artifact burden, answer specificity, and self-probe agreement. The original question was: What procedure is depicted in the image?. This explanation is intended for clinician review and should be interpreted alongside the image rather than as a standalone diagnosis.
visual_explanation_summary:
- type=heatmap; path=visuals/0638_heatmap.png; description=Fresh CATA-Final / D1 heatmap combining morphology/TDA saliency, color/edge evidence, and artifact suppression.
- type=evidence_json; path=visuals/0638_evidence.json; description=Structured visual evidence and confidence inputs used by the explanation generator.

Remember: return strict JSON only."
134,642,clb0kvxv7906o074y82j11tg4,Is there any polyp present in the gastrointestinal tract?,No evidence of polypoid lesions,"Score each criterion from 1 to 5:
1 = poor, 2 = weak, 3 = acceptable, 4 = good, 5 = excellent.

Criteria:
- correctness: the answer and explanation are consistent with the question and available reference information.
- faithfulness: the explanation supports the predicted answer without inventing unsupported claims.
- relevance: the explanation focuses on visual/question evidence that matters for the answer.
- clarity: the explanation is readable, concise, and clinically understandable.
- completeness: the explanation covers the key evidence needed to justify the answer.

Return JSON with exactly these keys:
{
  ""correctness"": <integer 1-5>,
  ""faithfulness"": <integer 1-5>,
  ""relevance"": <integer 1-5>,
  ""clarity"": <integer 1-5>,
  ""completeness"": <integer 1-5>,
  ""rationale"": ""short explanation""
}

Evaluate this Task 2 explanation.

val_id: 642
img_id: clb0kvxv7906o074y82j11tg4
question: Is there any polyp present in the gastrointestinal tract?
reference_answer_if_available: 
predicted_answer: No evidence of polypoid lesions
confidence_score: 0.6614
textual_explanation: The CATA-Final model predicts ""No evidence of polypoid lesions"". The newly generated visual explanation highlights morphology/TDA structural support, color and mucosal-texture support, a relatively focal heatmap region, possible specular artifact burden. Targeted self-probes for this lesion question produced mixed support: No polypoid lesion identified, with no evidence of mucosal abnormality; No polyp identified with no evidence of multiple lesions; evidence of esophageal inflammation. Because these probes do not fully agree with the primary answer, the explanation is treated cautiously. Overall support is mixed; the reliability score combines morphology/TDA saliency, heatmap concentration, color/texture support, artifact burden, answer specificity, and self-probe agreement. The original question was: Is there any polyp present in the gastrointestinal tract?. This explanation is intended for clinician review and should be interpreted alongside the image rather than as a standalone diagnosis.
visual_explanation_summary:
- type=heatmap; path=visuals/0642_heatmap.png; description=Fresh CATA-Final / D1 heatmap combining morphology/TDA saliency, color/edge evidence, and artifact suppression.
- type=evidence_json; path=visuals/0642_evidence.json; description=Structured visual evidence and confidence inputs used by the explanation generator.

Remember: return strict JSON only."
135,644,cla820gles4bn071u1s4v4uz0,Which anatomical landmark is visible in the image?,no anatomical landmark identified,"Score each criterion from 1 to 5:
1 = poor, 2 = weak, 3 = acceptable, 4 = good, 5 = excellent.

Criteria:
- correctness: the answer and explanation are consistent with the question and available reference information.
- faithfulness: the explanation supports the predicted answer without inventing unsupported claims.
- relevance: the explanation focuses on visual/question evidence that matters for the answer.
- clarity: the explanation is readable, concise, and clinically understandable.
- completeness: the explanation covers the key evidence needed to justify the answer.

Return JSON with exactly these keys:
{
  ""correctness"": <integer 1-5>,
  ""faithfulness"": <integer 1-5>,
  ""relevance"": <integer 1-5>,
  ""clarity"": <integer 1-5>,
  ""completeness"": <integer 1-5>,
  ""rationale"": ""short explanation""
}

Evaluate this Task 2 explanation.

val_id: 644
img_id: cla820gles4bn071u1s4v4uz0
question: Which anatomical landmark is visible in the image?
reference_answer_if_available: 
predicted_answer: no anatomical landmark identified
confidence_score: 0.7898
textual_explanation: The CATA-Final model predicts ""no anatomical landmark identified"". The newly generated visual explanation highlights morphology/TDA structural support, color and mucosal-texture support, a relatively focal heatmap region. Targeted self-probes for this generic question produced mixed support: evidence of ulcerative colitis involvement; No evidence of imaging artifacts present; evidence distributed across multiple regions. Because these probes do not fully agree with the primary answer, the explanation is treated cautiously. Overall support is mixed; the reliability score combines morphology/TDA saliency, heatmap concentration, color/texture support, artifact burden, answer specificity, and self-probe agreement. The original question was: Which anatomical landmark is visible in the image?. This explanation is intended for clinician review and should be interpreted alongside the image rather than as a standalone diagnosis.
visual_explanation_summary:
- type=heatmap; path=visuals/0644_heatmap.png; description=Fresh CATA-Final / D1 heatmap combining morphology/TDA saliency, color/edge evidence, and artifact suppression.
- type=evidence_json; path=visuals/0644_evidence.json; description=Structured visual evidence and confidence inputs used by the explanation generator.

Remember: return strict JSON only."
136,646,cla820glfs4dv071u2r6kf5ir,Are there any green or black box-like artifacts present?,evidence of green and black box artifacts,"Score each criterion from 1 to 5:
1 = poor, 2 = weak, 3 = acceptable, 4 = good, 5 = excellent.

Criteria:
- correctness: the answer and explanation are consistent with the question and available reference information.
- faithfulness: the explanation supports the predicted answer without inventing unsupported claims.
- relevance: the explanation focuses on visual/question evidence that matters for the answer.
- clarity: the explanation is readable, concise, and clinically understandable.
- completeness: the explanation covers the key evidence needed to justify the answer.

Return JSON with exactly these keys:
{
  ""correctness"": <integer 1-5>,
  ""faithfulness"": <integer 1-5>,
  ""relevance"": <integer 1-5>,
  ""clarity"": <integer 1-5>,
  ""completeness"": <integer 1-5>,
  ""rationale"": ""short explanation""
}

Evaluate this Task 2 explanation.

val_id: 646
img_id: cla820glfs4dv071u2r6kf5ir
question: Are there any green or black box-like artifacts present?
reference_answer_if_available: 
predicted_answer: evidence of green and black box artifacts
confidence_score: 0.95
textual_explanation: The CATA-Final model predicts ""evidence of green and black box artifacts"". The newly generated visual explanation highlights morphology/TDA structural support, color and mucosal-texture support, a relatively focal heatmap region. Targeted self-probes for this color question supported the primary answer: multiple colors including pink, red, white, and yellow; evidence of mucosal erythema; Multiple color changes including pink, red, white, and yellow are present.. Overall support is moderate; the reliability score combines morphology/TDA saliency, heatmap concentration, color/texture support, artifact burden, answer specificity, and self-probe agreement. The original question was: Are there any green or black box-like artifacts present?. This explanation is intended for clinician review and should be interpreted alongside the image rather than as a standalone diagnosis.
visual_explanation_summary:
- type=heatmap; path=visuals/0646_heatmap.png; description=Fresh CATA-Final / D1 heatmap combining morphology/TDA saliency, color/edge evidence, and artifact suppression.
- type=evidence_json; path=visuals/0646_evidence.json; description=Structured visual evidence and confidence inputs used by the explanation generator.

Remember: return strict JSON only."
137,663,clb0kvxvw91ao074ydcyk95w7,Are there any green or black box-like artifacts present?,No evidence of box-like artifacts observed,"Score each criterion from 1 to 5:
1 = poor, 2 = weak, 3 = acceptable, 4 = good, 5 = excellent.

Criteria:
- correctness: the answer and explanation are consistent with the question and available reference information.
- faithfulness: the explanation supports the predicted answer without inventing unsupported claims.
- relevance: the explanation focuses on visual/question evidence that matters for the answer.
- clarity: the explanation is readable, concise, and clinically understandable.
- completeness: the explanation covers the key evidence needed to justify the answer.

Return JSON with exactly these keys:
{
  ""correctness"": <integer 1-5>,
  ""faithfulness"": <integer 1-5>,
  ""relevance"": <integer 1-5>,
  ""clarity"": <integer 1-5>,
  ""completeness"": <integer 1-5>,
  ""rationale"": ""short explanation""
}

Evaluate this Task 2 explanation.

val_id: 663
img_id: clb0kvxvw91ao074ydcyk95w7
question: Are there any green or black box-like artifacts present?
reference_answer_if_available: 
predicted_answer: No evidence of box-like artifacts observed
confidence_score: 0.5558
textual_explanation: The CATA-Final model predicts ""No evidence of box-like artifacts observed"". The newly generated visual explanation highlights morphology/TDA structural support, color and mucosal-texture support, a relatively focal heatmap region, possible specular artifact burden. Targeted self-probes for this color question produced mixed support: multiple colors including pink, red, and white; mucosal erythema present; multiple color changes including pink, red, white, and grey. Because these probes do not fully agree with the primary answer, the explanation is treated cautiously. Overall support is mixed; the reliability score combines morphology/TDA saliency, heatmap concentration, color/texture support, artifact burden, answer specificity, and self-probe agreement. The original question was: Are there any green or black box-like artifacts present?. This explanation is intended for clinician review and should be interpreted alongside the image rather than as a standalone diagnosis.
visual_explanation_summary:
- type=heatmap; path=visuals/0663_heatmap.png; description=Fresh CATA-Final / D1 heatmap combining morphology/TDA saliency, color/edge evidence, and artifact suppression.
- type=evidence_json; path=visuals/0663_evidence.json; description=Structured visual evidence and confidence inputs used by the explanation generator.

Remember: return strict JSON only."
138,664,cla820glgs4fj071ugt8ohlwm,What type of polyp is present?,No polyp identified,"Score each criterion from 1 to 5:
1 = poor, 2 = weak, 3 = acceptable, 4 = good, 5 = excellent.

Criteria:
- correctness: the answer and explanation are consistent with the question and available reference information.
- faithfulness: the explanation supports the predicted answer without inventing unsupported claims.
- relevance: the explanation focuses on visual/question evidence that matters for the answer.
- clarity: the explanation is readable, concise, and clinically understandable.
- completeness: the explanation covers the key evidence needed to justify the answer.

Return JSON with exactly these keys:
{
  ""correctness"": <integer 1-5>,
  ""faithfulness"": <integer 1-5>,
  ""relevance"": <integer 1-5>,
  ""clarity"": <integer 1-5>,
  ""completeness"": <integer 1-5>,
  ""rationale"": ""short explanation""
}

Evaluate this Task 2 explanation.

val_id: 664
img_id: cla820glgs4fj071ugt8ohlwm
question: What type of polyp is present?
reference_answer_if_available: 
predicted_answer: No polyp identified
confidence_score: 0.7591
textual_explanation: The CATA-Final model predicts ""No polyp identified"". The newly generated visual explanation highlights morphology/TDA structural support, color and mucosal-texture support, a relatively focal heatmap region. Targeted self-probes for this lesion question produced mixed support: No polypoid lesion identified, with no evidence of abnormal mucosal changes; No polyp identified in the examined area.; evidence of inflammatory changes consistent with ulcerative colitis. Because these probes do not fully agree with the primary answer, the explanation is treated cautiously. Overall support is mixed; the reliability score combines morphology/TDA saliency, heatmap concentration, color/texture support, artifact burden, answer specificity, and self-probe agreement. The original question was: What type of polyp is present?. This explanation is intended for clinician review and should be interpreted alongside the image rather than as a standalone diagnosis.
visual_explanation_summary:
- type=heatmap; path=visuals/0664_heatmap.png; description=Fresh CATA-Final / D1 heatmap combining morphology/TDA saliency, color/edge evidence, and artifact suppression.
- type=evidence_json; path=visuals/0664_evidence.json; description=Structured visual evidence and confidence inputs used by the explanation generator.

Remember: return strict JSON only."
139,676,cla820glgs4eb071u31fa4soe,Which anatomical landmarks are visible in the image?,no anatomical landmarks identified,"Score each criterion from 1 to 5:
1 = poor, 2 = weak, 3 = acceptable, 4 = good, 5 = excellent.

Criteria:
- correctness: the answer and explanation are consistent with the question and available reference information.
- faithfulness: the explanation supports the predicted answer without inventing unsupported claims.
- relevance: the explanation focuses on visual/question evidence that matters for the answer.
- clarity: the explanation is readable, concise, and clinically understandable.
- completeness: the explanation covers the key evidence needed to justify the answer.

Return JSON with exactly these keys:
{
  ""correctness"": <integer 1-5>,
  ""faithfulness"": <integer 1-5>,
  ""relevance"": <integer 1-5>,
  ""clarity"": <integer 1-5>,
  ""completeness"": <integer 1-5>,
  ""rationale"": ""short explanation""
}

Evaluate this Task 2 explanation.

val_id: 676
img_id: cla820glgs4eb071u31fa4soe
question: Which anatomical landmarks are visible in the image?
reference_answer_if_available: 
predicted_answer: no anatomical landmarks identified
confidence_score: 0.7696
textual_explanation: The CATA-Final model predicts ""no anatomical landmarks identified"". The newly generated visual explanation highlights morphology/TDA structural support, color and mucosal-texture support, a relatively focal heatmap region. Targeted self-probes for this generic question produced mixed support: evidence of ulcerative colitis involvement; No evidence of imaging artifacts present; focal abnormalities noted. Because these probes do not fully agree with the primary answer, the explanation is treated cautiously. Overall support is mixed; the reliability score combines morphology/TDA saliency, heatmap concentration, color/texture support, artifact burden, answer specificity, and self-probe agreement. The original question was: Which anatomical landmarks are visible in the image?. This explanation is intended for clinician review and should be interpreted alongside the image rather than as a standalone diagnosis.
visual_explanation_summary:
- type=heatmap; path=visuals/0676_heatmap.png; description=Fresh CATA-Final / D1 heatmap combining morphology/TDA saliency, color/edge evidence, and artifact suppression.
- type=evidence_json; path=visuals/0676_evidence.json; description=Structured visual evidence and confidence inputs used by the explanation generator.

Remember: return strict JSON only."
140,689,clb0kvxw291j4074yff7m9fc3,What are the colors of the visible abnormalities?,"multiple lesions with pink, red, and white discoloration","Score each criterion from 1 to 5:
1 = poor, 2 = weak, 3 = acceptable, 4 = good, 5 = excellent.

Criteria:
- correctness: the answer and explanation are consistent with the question and available reference information.
- faithfulness: the explanation supports the predicted answer without inventing unsupported claims.
- relevance: the explanation focuses on visual/question evidence that matters for the answer.
- clarity: the explanation is readable, concise, and clinically understandable.
- completeness: the explanation covers the key evidence needed to justify the answer.

Return JSON with exactly these keys:
{
  ""correctness"": <integer 1-5>,
  ""faithfulness"": <integer 1-5>,
  ""relevance"": <integer 1-5>,
  ""clarity"": <integer 1-5>,
  ""completeness"": <integer 1-5>,
  ""rationale"": ""short explanation""
}

Evaluate this Task 2 explanation.

val_id: 689
img_id: clb0kvxw291j4074yff7m9fc3
question: What are the colors of the visible abnormalities?
reference_answer_if_available: 
predicted_answer: multiple lesions with pink, red, and white discoloration
confidence_score: 0.8339
textual_explanation: The CATA-Final model predicts ""multiple lesions with pink, red, and white discoloration"". The newly generated visual explanation highlights morphology/TDA structural support, color and mucosal-texture support, a relatively focal heatmap region, possible specular artifact burden. Targeted self-probes for this color question supported the primary answer: multiple colors including pink, red, and white; mucosal erythema present; multiple color variations including pink, red, white, and grey. Overall support is moderate; the reliability score combines morphology/TDA saliency, heatmap concentration, color/texture support, artifact burden, answer specificity, and self-probe agreement. The original question was: What are the colors of the visible abnormalities?. This explanation is intended for clinician review and should be interpreted alongside the image rather than as a standalone diagnosis.
visual_explanation_summary:
- type=heatmap; path=visuals/0689_heatmap.png; description=Fresh CATA-Final / D1 heatmap combining morphology/TDA saliency, color/edge evidence, and artifact suppression.
- type=evidence_json; path=visuals/0689_evidence.json; description=Structured visual evidence and confidence inputs used by the explanation generator.

Remember: return strict JSON only."
141,692,clb0lbwzydpr8086u726c0l9p,What procedure is depicted in the image?,evidence of colonoscopy procedure,"Score each criterion from 1 to 5:
1 = poor, 2 = weak, 3 = acceptable, 4 = good, 5 = excellent.

Criteria:
- correctness: the answer and explanation are consistent with the question and available reference information.
- faithfulness: the explanation supports the predicted answer without inventing unsupported claims.
- relevance: the explanation focuses on visual/question evidence that matters for the answer.
- clarity: the explanation is readable, concise, and clinically understandable.
- completeness: the explanation covers the key evidence needed to justify the answer.

Return JSON with exactly these keys:
{
  ""correctness"": <integer 1-5>,
  ""faithfulness"": <integer 1-5>,
  ""relevance"": <integer 1-5>,
  ""clarity"": <integer 1-5>,
  ""completeness"": <integer 1-5>,
  ""rationale"": ""short explanation""
}

Evaluate this Task 2 explanation.

val_id: 692
img_id: clb0lbwzydpr8086u726c0l9p
question: What procedure is depicted in the image?
reference_answer_if_available: 
predicted_answer: evidence of colonoscopy procedure
confidence_score: 0.7817
textual_explanation: The CATA-Final model predicts ""evidence of colonoscopy procedure"". The newly generated visual explanation highlights morphology/TDA structural support, color and mucosal-texture support, a relatively focal heatmap region, possible specular artifact burden. Targeted self-probes for this procedure question produced mixed support: Evidence of colonoscopy procedure with no identifiable anatomical landmarks; evidence of mucosal abnormalities; No artifacts or overlays are present in the image.. Because these probes do not fully agree with the primary answer, the explanation is treated cautiously. Overall support is mixed; the reliability score combines morphology/TDA saliency, heatmap concentration, color/texture support, artifact burden, answer specificity, and self-probe agreement. The original question was: What procedure is depicted in the image?. This explanation is intended for clinician review and should be interpreted alongside the image rather than as a standalone diagnosis.
visual_explanation_summary:
- type=heatmap; path=visuals/0692_heatmap.png; description=Fresh CATA-Final / D1 heatmap combining morphology/TDA saliency, color/edge evidence, and artifact suppression.
- type=evidence_json; path=visuals/0692_evidence.json; description=Structured visual evidence and confidence inputs used by the explanation generator.

Remember: return strict JSON only."
142,694,clb0lbwzcdp18086u9vtnfx8x,Are there any medical instruments visible in the image?,tube visible in the abdominal region,"Score each criterion from 1 to 5:
1 = poor, 2 = weak, 3 = acceptable, 4 = good, 5 = excellent.

Criteria:
- correctness: the answer and explanation are consistent with the question and available reference information.
- faithfulness: the explanation supports the predicted answer without inventing unsupported claims.
- relevance: the explanation focuses on visual/question evidence that matters for the answer.
- clarity: the explanation is readable, concise, and clinically understandable.
- completeness: the explanation covers the key evidence needed to justify the answer.

Return JSON with exactly these keys:
{
  ""correctness"": <integer 1-5>,
  ""faithfulness"": <integer 1-5>,
  ""relevance"": <integer 1-5>,
  ""clarity"": <integer 1-5>,
  ""completeness"": <integer 1-5>,
  ""rationale"": ""short explanation""
}

Evaluate this Task 2 explanation.

val_id: 694
img_id: clb0lbwzcdp18086u9vtnfx8x
question: Are there any medical instruments visible in the image?
reference_answer_if_available: 
predicted_answer: tube visible in the abdominal region
confidence_score: 0.8888
textual_explanation: The CATA-Final model predicts ""tube visible in the abdominal region"". The newly generated visual explanation highlights morphology/TDA structural support, color and mucosal-texture support, a relatively focal heatmap region, possible specular artifact burden. Targeted self-probes for this instrument question supported the primary answer: tube visible in the abdominal region; in multiple regions including center, upper-left, and lower-center; No surgical instruments visualized. Overall support is moderate; the reliability score combines morphology/TDA saliency, heatmap concentration, color/texture support, artifact burden, answer specificity, and self-probe agreement. The original question was: Are there any medical instruments visible in the image?. This explanation is intended for clinician review and should be interpreted alongside the image rather than as a standalone diagnosis.
visual_explanation_summary:
- type=heatmap; path=visuals/0694_heatmap.png; description=Fresh CATA-Final / D1 heatmap combining morphology/TDA saliency, color/edge evidence, and artifact suppression.
- type=evidence_json; path=visuals/0694_evidence.json; description=Structured visual evidence and confidence inputs used by the explanation generator.

Remember: return strict JSON only."
143,696,clb0lbwz3doq0086udmw8gdc3,What type of polyp is observed in the colon?,evidence of paris-type polyp,"Score each criterion from 1 to 5:
1 = poor, 2 = weak, 3 = acceptable, 4 = good, 5 = excellent.

Criteria:
- correctness: the answer and explanation are consistent with the question and available reference information.
- faithfulness: the explanation supports the predicted answer without inventing unsupported claims.
- relevance: the explanation focuses on visual/question evidence that matters for the answer.
- clarity: the explanation is readable, concise, and clinically understandable.
- completeness: the explanation covers the key evidence needed to justify the answer.

Return JSON with exactly these keys:
{
  ""correctness"": <integer 1-5>,
  ""faithfulness"": <integer 1-5>,
  ""relevance"": <integer 1-5>,
  ""clarity"": <integer 1-5>,
  ""completeness"": <integer 1-5>,
  ""rationale"": ""short explanation""
}

Evaluate this Task 2 explanation.

val_id: 696
img_id: clb0lbwz3doq0086udmw8gdc3
question: What type of polyp is observed in the colon?
reference_answer_if_available: 
predicted_answer: evidence of paris-type polyp
confidence_score: 0.95
textual_explanation: The CATA-Final model predicts ""evidence of paris-type polyp"". The newly generated visual explanation highlights morphology/TDA structural support, color and mucosal-texture support, a relatively focal heatmap region, possible specular artifact burden. Targeted self-probes for this lesion question supported the primary answer: No polypoid lesion identified, but mucosal abnormalities noted; The lesion exhibits a polypoid appearance and is distributed across multiple central regions.; evidence of mucosal polypoid lesion. Overall support is moderate; the reliability score combines morphology/TDA saliency, heatmap concentration, color/texture support, artifact burden, answer specificity, and self-probe agreement. The original question was: What type of polyp is observed in the colon?. This explanation is intended for clinician review and should be interpreted alongside the image rather than as a standalone diagnosis.
visual_explanation_summary:
- type=heatmap; path=visuals/0696_heatmap.png; description=Fresh CATA-Final / D1 heatmap combining morphology/TDA saliency, color/edge evidence, and artifact suppression.
- type=evidence_json; path=visuals/0696_evidence.json; description=Structured visual evidence and confidence inputs used by the explanation generator.

Remember: return strict JSON only."
144,704,clb0kvxw991us074yf73d80ry,Are there any instruments visible in the image?,No surgical instruments identified,"Score each criterion from 1 to 5:
1 = poor, 2 = weak, 3 = acceptable, 4 = good, 5 = excellent.

Criteria:
- correctness: the answer and explanation are consistent with the question and available reference information.
- faithfulness: the explanation supports the predicted answer without inventing unsupported claims.
- relevance: the explanation focuses on visual/question evidence that matters for the answer.
- clarity: the explanation is readable, concise, and clinically understandable.
- completeness: the explanation covers the key evidence needed to justify the answer.

Return JSON with exactly these keys:
{
  ""correctness"": <integer 1-5>,
  ""faithfulness"": <integer 1-5>,
  ""relevance"": <integer 1-5>,
  ""clarity"": <integer 1-5>,
  ""completeness"": <integer 1-5>,
  ""rationale"": ""short explanation""
}

Evaluate this Task 2 explanation.

val_id: 704
img_id: clb0kvxw991us074yf73d80ry
question: Are there any instruments visible in the image?
reference_answer_if_available: 
predicted_answer: No surgical instruments identified
confidence_score: 0.7442
textual_explanation: The CATA-Final model predicts ""No surgical instruments identified"". The newly generated visual explanation highlights morphology/TDA structural support, color and mucosal-texture support, a relatively focal heatmap region, possible specular artifact burden. Targeted self-probes for this instrument question supported the primary answer: No foreign bodies or instruments observed; No instruments are visible in the image; No surgical instruments visualized. Overall support is moderate; the reliability score combines morphology/TDA saliency, heatmap concentration, color/texture support, artifact burden, answer specificity, and self-probe agreement. The original question was: Are there any instruments visible in the image?. This explanation is intended for clinician review and should be interpreted alongside the image rather than as a standalone diagnosis.
visual_explanation_summary:
- type=heatmap; path=visuals/0704_heatmap.png; description=Fresh CATA-Final / D1 heatmap combining morphology/TDA saliency, color/edge evidence, and artifact suppression.
- type=evidence_json; path=visuals/0704_evidence.json; description=Structured visual evidence and confidence inputs used by the explanation generator.

Remember: return strict JSON only."
145,725,cla820glos4rf071u3785a7n1,What colors are observed in the abnormal area?,"multiple colors including pink, red, white, and yellow","Score each criterion from 1 to 5:
1 = poor, 2 = weak, 3 = acceptable, 4 = good, 5 = excellent.

Criteria:
- correctness: the answer and explanation are consistent with the question and available reference information.
- faithfulness: the explanation supports the predicted answer without inventing unsupported claims.
- relevance: the explanation focuses on visual/question evidence that matters for the answer.
- clarity: the explanation is readable, concise, and clinically understandable.
- completeness: the explanation covers the key evidence needed to justify the answer.

Return JSON with exactly these keys:
{
  ""correctness"": <integer 1-5>,
  ""faithfulness"": <integer 1-5>,
  ""relevance"": <integer 1-5>,
  ""clarity"": <integer 1-5>,
  ""completeness"": <integer 1-5>,
  ""rationale"": ""short explanation""
}

Evaluate this Task 2 explanation.

val_id: 725
img_id: cla820glos4rf071u3785a7n1
question: What colors are observed in the abnormal area?
reference_answer_if_available: 
predicted_answer: multiple colors including pink, red, white, and yellow
confidence_score: 0.9401
textual_explanation: The CATA-Final model predicts ""multiple colors including pink, red, white, and yellow"". The newly generated visual explanation highlights morphology/TDA structural support, color and mucosal-texture support, a relatively focal heatmap region. Targeted self-probes for this color question supported the primary answer: multiple colors including pink, red, white, and yellow; evidence of mucosal erythema; Multiple color changes including pink, red, white, and yellow are present.. Overall support is moderate; the reliability score combines morphology/TDA saliency, heatmap concentration, color/texture support, artifact burden, answer specificity, and self-probe agreement. The original question was: What colors are observed in the abnormal area?. This explanation is intended for clinician review and should be interpreted alongside the image rather than as a standalone diagnosis.
visual_explanation_summary:
- type=heatmap; path=visuals/0725_heatmap.png; description=Fresh CATA-Final / D1 heatmap combining morphology/TDA saliency, color/edge evidence, and artifact suppression.
- type=evidence_json; path=visuals/0725_evidence.json; description=Structured visual evidence and confidence inputs used by the explanation generator.

Remember: return strict JSON only."
146,727,cl8k2u1s81gxf0832duib3h74,Where is the abnormality located in the image?,abnormality observed in central and upper-central regions,"Score each criterion from 1 to 5:
1 = poor, 2 = weak, 3 = acceptable, 4 = good, 5 = excellent.

Criteria:
- correctness: the answer and explanation are consistent with the question and available reference information.
- faithfulness: the explanation supports the predicted answer without inventing unsupported claims.
- relevance: the explanation focuses on visual/question evidence that matters for the answer.
- clarity: the explanation is readable, concise, and clinically understandable.
- completeness: the explanation covers the key evidence needed to justify the answer.

Return JSON with exactly these keys:
{
  ""correctness"": <integer 1-5>,
  ""faithfulness"": <integer 1-5>,
  ""relevance"": <integer 1-5>,
  ""clarity"": <integer 1-5>,
  ""completeness"": <integer 1-5>,
  ""rationale"": ""short explanation""
}

Evaluate this Task 2 explanation.

val_id: 727
img_id: cl8k2u1s81gxf0832duib3h74
question: Where is the abnormality located in the image?
reference_answer_if_available: 
predicted_answer: abnormality observed in central and upper-central regions
confidence_score: 0.95
textual_explanation: The CATA-Final model predicts ""abnormality observed in central and upper-central regions"". The newly generated visual explanation highlights morphology/TDA structural support, color and mucosal-texture support, a relatively focal heatmap region, possible specular artifact burden. Targeted self-probes for this location question supported the primary answer: abnormality observed in central and upper-central regions; No evidence is present in the central, upper, lower, left, or right regions.; evidence distributed across central and upper regions. Overall support is moderate; the reliability score combines morphology/TDA saliency, heatmap concentration, color/texture support, artifact burden, answer specificity, and self-probe agreement. The original question was: Where is the abnormality located in the image?. This explanation is intended for clinician review and should be interpreted alongside the image rather than as a standalone diagnosis.
visual_explanation_summary:
- type=heatmap; path=visuals/0727_heatmap.png; description=Fresh CATA-Final / D1 heatmap combining morphology/TDA saliency, color/edge evidence, and artifact suppression.
- type=evidence_json; path=visuals/0727_evidence.json; description=Structured visual evidence and confidence inputs used by the explanation generator.

Remember: return strict JSON only."
147,735,clb0kvxw691o8074y39hb8dy5,Are there any green or black box artifacts present?,No evidence of box artifacts observed,"Score each criterion from 1 to 5:
1 = poor, 2 = weak, 3 = acceptable, 4 = good, 5 = excellent.

Criteria:
- correctness: the answer and explanation are consistent with the question and available reference information.
- faithfulness: the explanation supports the predicted answer without inventing unsupported claims.
- relevance: the explanation focuses on visual/question evidence that matters for the answer.
- clarity: the explanation is readable, concise, and clinically understandable.
- completeness: the explanation covers the key evidence needed to justify the answer.

Return JSON with exactly these keys:
{
  ""correctness"": <integer 1-5>,
  ""faithfulness"": <integer 1-5>,
  ""relevance"": <integer 1-5>,
  ""clarity"": <integer 1-5>,
  ""completeness"": <integer 1-5>,
  ""rationale"": ""short explanation""
}

Evaluate this Task 2 explanation.

val_id: 735
img_id: clb0kvxw691o8074y39hb8dy5
question: Are there any green or black box artifacts present?
reference_answer_if_available: 
predicted_answer: No evidence of box artifacts observed
confidence_score: 0.616
textual_explanation: The CATA-Final model predicts ""No evidence of box artifacts observed"". The newly generated visual explanation highlights morphology/TDA structural support, color and mucosal-texture support, a relatively focal heatmap region, possible specular artifact burden. Targeted self-probes for this color question produced mixed support: multiple colors including pink, red, and white; mucosal erythema present; multiple color changes including pink, red, white, and grey. Because these probes do not fully agree with the primary answer, the explanation is treated cautiously. Overall support is mixed; the reliability score combines morphology/TDA saliency, heatmap concentration, color/texture support, artifact burden, answer specificity, and self-probe agreement. The original question was: Are there any green or black box artifacts present?. This explanation is intended for clinician review and should be interpreted alongside the image rather than as a standalone diagnosis.
visual_explanation_summary:
- type=heatmap; path=visuals/0735_heatmap.png; description=Fresh CATA-Final / D1 heatmap combining morphology/TDA saliency, color/edge evidence, and artifact suppression.
- type=evidence_json; path=visuals/0735_evidence.json; description=Structured visual evidence and confidence inputs used by the explanation generator.

Remember: return strict JSON only."
148,740,cl8k2u1qq1f2n0832eo3v63aq,What type of polyp is observed?,evidence of paris-type polyp,"Score each criterion from 1 to 5:
1 = poor, 2 = weak, 3 = acceptable, 4 = good, 5 = excellent.

Criteria:
- correctness: the answer and explanation are consistent with the question and available reference information.
- faithfulness: the explanation supports the predicted answer without inventing unsupported claims.
- relevance: the explanation focuses on visual/question evidence that matters for the answer.
- clarity: the explanation is readable, concise, and clinically understandable.
- completeness: the explanation covers the key evidence needed to justify the answer.

Return JSON with exactly these keys:
{
  ""correctness"": <integer 1-5>,
  ""faithfulness"": <integer 1-5>,
  ""relevance"": <integer 1-5>,
  ""clarity"": <integer 1-5>,
  ""completeness"": <integer 1-5>,
  ""rationale"": ""short explanation""
}

Evaluate this Task 2 explanation.

val_id: 740
img_id: cl8k2u1qq1f2n0832eo3v63aq
question: What type of polyp is observed?
reference_answer_if_available: 
predicted_answer: evidence of paris-type polyp
confidence_score: 0.9477
textual_explanation: The CATA-Final model predicts ""evidence of paris-type polyp"". The newly generated visual explanation highlights morphology/TDA structural support, color and mucosal-texture support, a relatively focal heatmap region. Targeted self-probes for this lesion question supported the primary answer: Findings suggest presence of a polypoid lesion; The lesion exhibits a polypoid morphology and is distributed across multiple regions including central, upper, lower, left, right, and lateral areas.; evidence of mucosal inflammation consistent with ulcerative colitis. Overall support is moderate; the reliability score combines morphology/TDA saliency, heatmap concentration, color/texture support, artifact burden, answer specificity, and self-probe agreement. The original question was: What type of polyp is observed?. This explanation is intended for clinician review and should be interpreted alongside the image rather than as a standalone diagnosis.
visual_explanation_summary:
- type=heatmap; path=visuals/0740_heatmap.png; description=Fresh CATA-Final / D1 heatmap combining morphology/TDA saliency, color/edge evidence, and artifact suppression.
- type=evidence_json; path=visuals/0740_evidence.json; description=Structured visual evidence and confidence inputs used by the explanation generator.

Remember: return strict JSON only."
149,741,cla820glos4r3071u3sp7523c,Which anatomical landmark is visible in the image?,no anatomical landmark identified,"Score each criterion from 1 to 5:
1 = poor, 2 = weak, 3 = acceptable, 4 = good, 5 = excellent.

Criteria:
- correctness: the answer and explanation are consistent with the question and available reference information.
- faithfulness: the explanation supports the predicted answer without inventing unsupported claims.
- relevance: the explanation focuses on visual/question evidence that matters for the answer.
- clarity: the explanation is readable, concise, and clinically understandable.
- completeness: the explanation covers the key evidence needed to justify the answer.

Return JSON with exactly these keys:
{
  ""correctness"": <integer 1-5>,
  ""faithfulness"": <integer 1-5>,
  ""relevance"": <integer 1-5>,
  ""clarity"": <integer 1-5>,
  ""completeness"": <integer 1-5>,
  ""rationale"": ""short explanation""
}

Evaluate this Task 2 explanation.

val_id: 741
img_id: cla820glos4r3071u3sp7523c
question: Which anatomical landmark is visible in the image?
reference_answer_if_available: 
predicted_answer: no anatomical landmark identified
confidence_score: 0.7311
textual_explanation: The CATA-Final model predicts ""no anatomical landmark identified"". The newly generated visual explanation highlights morphology/TDA structural support, color and mucosal-texture support, a relatively focal heatmap region. Targeted self-probes for this generic question produced mixed support: evidence of ulcerative colitis involvement; No evidence of imaging artifacts present; evidence distributed across multiple regions. Because these probes do not fully agree with the primary answer, the explanation is treated cautiously. Overall support is mixed; the reliability score combines morphology/TDA saliency, heatmap concentration, color/texture support, artifact burden, answer specificity, and self-probe agreement. The original question was: Which anatomical landmark is visible in the image?. This explanation is intended for clinician review and should be interpreted alongside the image rather than as a standalone diagnosis.
visual_explanation_summary:
- type=heatmap; path=visuals/0741_heatmap.png; description=Fresh CATA-Final / D1 heatmap combining morphology/TDA saliency, color/edge evidence, and artifact suppression.
- type=evidence_json; path=visuals/0741_evidence.json; description=Structured visual evidence and confidence inputs used by the explanation generator.

Remember: return strict JSON only."
150,743,clb0kvxv990ao074y0sxr4p42,Are there any surgical instruments present in the image?,No surgical instruments visualized,"Score each criterion from 1 to 5:
1 = poor, 2 = weak, 3 = acceptable, 4 = good, 5 = excellent.

Criteria:
- correctness: the answer and explanation are consistent with the question and available reference information.
- faithfulness: the explanation supports the predicted answer without inventing unsupported claims.
- relevance: the explanation focuses on visual/question evidence that matters for the answer.
- clarity: the explanation is readable, concise, and clinically understandable.
- completeness: the explanation covers the key evidence needed to justify the answer.

Return JSON with exactly these keys:
{
  ""correctness"": <integer 1-5>,
  ""faithfulness"": <integer 1-5>,
  ""relevance"": <integer 1-5>,
  ""clarity"": <integer 1-5>,
  ""completeness"": <integer 1-5>,
  ""rationale"": ""short explanation""
}

Evaluate this Task 2 explanation.

val_id: 743
img_id: clb0kvxv990ao074y0sxr4p42
question: Are there any surgical instruments present in the image?
reference_answer_if_available: 
predicted_answer: No surgical instruments visualized
confidence_score: 0.785
textual_explanation: The CATA-Final model predicts ""No surgical instruments visualized"". The newly generated visual explanation highlights morphology/TDA structural support, color and mucosal-texture support, a relatively focal heatmap region, possible specular artifact burden. Targeted self-probes for this instrument question supported the primary answer: No foreign bodies or instruments observed; No instruments are visible in the image; No surgical instruments visualized. Overall support is moderate; the reliability score combines morphology/TDA saliency, heatmap concentration, color/texture support, artifact burden, answer specificity, and self-probe agreement. The original question was: Are there any surgical instruments present in the image?. This explanation is intended for clinician review and should be interpreted alongside the image rather than as a standalone diagnosis.
visual_explanation_summary:
- type=heatmap; path=visuals/0743_heatmap.png; description=Fresh CATA-Final / D1 heatmap combining morphology/TDA saliency, color/edge evidence, and artifact suppression.
- type=evidence_json; path=visuals/0743_evidence.json; description=Structured visual evidence and confidence inputs used by the explanation generator.

Remember: return strict JSON only."
151,747,clb0lbwzedp2k086u4bgu4yjn,Is there any green or black box artifact present?,No evidence of box artifact observed,"Score each criterion from 1 to 5:
1 = poor, 2 = weak, 3 = acceptable, 4 = good, 5 = excellent.

Criteria:
- correctness: the answer and explanation are consistent with the question and available reference information.
- faithfulness: the explanation supports the predicted answer without inventing unsupported claims.
- relevance: the explanation focuses on visual/question evidence that matters for the answer.
- clarity: the explanation is readable, concise, and clinically understandable.
- completeness: the explanation covers the key evidence needed to justify the answer.

Return JSON with exactly these keys:
{
  ""correctness"": <integer 1-5>,
  ""faithfulness"": <integer 1-5>,
  ""relevance"": <integer 1-5>,
  ""clarity"": <integer 1-5>,
  ""completeness"": <integer 1-5>,
  ""rationale"": ""short explanation""
}

Evaluate this Task 2 explanation.

val_id: 747
img_id: clb0lbwzedp2k086u4bgu4yjn
question: Is there any green or black box artifact present?
reference_answer_if_available: 
predicted_answer: No evidence of box artifact observed
confidence_score: 0.5755
textual_explanation: The CATA-Final model predicts ""No evidence of box artifact observed"". The newly generated visual explanation highlights morphology/TDA structural support, color and mucosal-texture support, a relatively focal heatmap region, possible specular artifact burden. Targeted self-probes for this color question produced mixed support: multiple colors including pink, red, and white; mucosal erythema present; Multiple color changes including pink, red, white, and yellow are present.. Because these probes do not fully agree with the primary answer, the explanation is treated cautiously. Overall support is mixed; the reliability score combines morphology/TDA saliency, heatmap concentration, color/texture support, artifact burden, answer specificity, and self-probe agreement. The original question was: Is there any green or black box artifact present?. This explanation is intended for clinician review and should be interpreted alongside the image rather than as a standalone diagnosis.
visual_explanation_summary:
- type=heatmap; path=visuals/0747_heatmap.png; description=Fresh CATA-Final / D1 heatmap combining morphology/TDA saliency, color/edge evidence, and artifact suppression.
- type=evidence_json; path=visuals/0747_evidence.json; description=Structured visual evidence and confidence inputs used by the explanation generator.

Remember: return strict JSON only."
152,758,clb0lbx04dq10086ub1e0ectg,Are there any abnormalities visible in the image?,evidence of colonic polyp,"Score each criterion from 1 to 5:
1 = poor, 2 = weak, 3 = acceptable, 4 = good, 5 = excellent.

Criteria:
- correctness: the answer and explanation are consistent with the question and available reference information.
- faithfulness: the explanation supports the predicted answer without inventing unsupported claims.
- relevance: the explanation focuses on visual/question evidence that matters for the answer.
- clarity: the explanation is readable, concise, and clinically understandable.
- completeness: the explanation covers the key evidence needed to justify the answer.

Return JSON with exactly these keys:
{
  ""correctness"": <integer 1-5>,
  ""faithfulness"": <integer 1-5>,
  ""relevance"": <integer 1-5>,
  ""clarity"": <integer 1-5>,
  ""completeness"": <integer 1-5>,
  ""rationale"": ""short explanation""
}

Evaluate this Task 2 explanation.

val_id: 758
img_id: clb0lbx04dq10086ub1e0ectg
question: Are there any abnormalities visible in the image?
reference_answer_if_available: 
predicted_answer: evidence of colonic polyp
confidence_score: 0.95
textual_explanation: The CATA-Final model predicts ""evidence of colonic polyp"". The newly generated visual explanation highlights morphology/TDA structural support, color and mucosal-texture support, a relatively focal heatmap region. Targeted self-probes for this lesion question supported the primary answer: No polypoid lesion identified, but mucosal abnormalities noted; The lesion exhibits a polypoid appearance and is distributed across multiple regions including central, upper-right, lower-center, and lower-left areas.; evidence of mucosal inflammation consistent with ulcerative colitis. Overall support is moderate; the reliability score combines morphology/TDA saliency, heatmap concentration, color/texture support, artifact burden, answer specificity, and self-probe agreement. The original question was: Are there any abnormalities visible in the image?. This explanation is intended for clinician review and should be interpreted alongside the image rather than as a standalone diagnosis.
visual_explanation_summary:
- type=heatmap; path=visuals/0758_heatmap.png; description=Fresh CATA-Final / D1 heatmap combining morphology/TDA saliency, color/edge evidence, and artifact suppression.
- type=evidence_json; path=visuals/0758_evidence.json; description=Structured visual evidence and confidence inputs used by the explanation generator.

Remember: return strict JSON only."
153,764,clb0lbwzfdp4k086udepueye0,In which part of the image is the instrument located?,instrument visible in lower central region,"Score each criterion from 1 to 5:
1 = poor, 2 = weak, 3 = acceptable, 4 = good, 5 = excellent.

Criteria:
- correctness: the answer and explanation are consistent with the question and available reference information.
- faithfulness: the explanation supports the predicted answer without inventing unsupported claims.
- relevance: the explanation focuses on visual/question evidence that matters for the answer.
- clarity: the explanation is readable, concise, and clinically understandable.
- completeness: the explanation covers the key evidence needed to justify the answer.

Return JSON with exactly these keys:
{
  ""correctness"": <integer 1-5>,
  ""faithfulness"": <integer 1-5>,
  ""relevance"": <integer 1-5>,
  ""clarity"": <integer 1-5>,
  ""completeness"": <integer 1-5>,
  ""rationale"": ""short explanation""
}

Evaluate this Task 2 explanation.

val_id: 764
img_id: clb0lbwzfdp4k086udepueye0
question: In which part of the image is the instrument located?
reference_answer_if_available: 
predicted_answer: instrument visible in lower central region
confidence_score: 0.95
textual_explanation: The CATA-Final model predicts ""instrument visible in lower central region"". The newly generated visual explanation highlights morphology/TDA structural support, color and mucosal-texture support, a relatively focal heatmap region. Targeted self-probes for this instrument question supported the primary answer: polyp snare and feeding tube present; instruments located in lower central and right regions; No surgical instruments visualized. Overall support is moderate; the reliability score combines morphology/TDA saliency, heatmap concentration, color/texture support, artifact burden, answer specificity, and self-probe agreement. The original question was: In which part of the image is the instrument located?. This explanation is intended for clinician review and should be interpreted alongside the image rather than as a standalone diagnosis.
visual_explanation_summary:
- type=heatmap; path=visuals/0764_heatmap.png; description=Fresh CATA-Final / D1 heatmap combining morphology/TDA saliency, color/edge evidence, and artifact suppression.
- type=evidence_json; path=visuals/0764_evidence.json; description=Structured visual evidence and confidence inputs used by the explanation generator.

Remember: return strict JSON only."
154,765,clb0kvxwl92d0074y2lll93pi,What colors are observed in the abnormal findings?,"multiple areas of pink, red, and white discoloration","Score each criterion from 1 to 5:
1 = poor, 2 = weak, 3 = acceptable, 4 = good, 5 = excellent.

Criteria:
- correctness: the answer and explanation are consistent with the question and available reference information.
- faithfulness: the explanation supports the predicted answer without inventing unsupported claims.
- relevance: the explanation focuses on visual/question evidence that matters for the answer.
- clarity: the explanation is readable, concise, and clinically understandable.
- completeness: the explanation covers the key evidence needed to justify the answer.

Return JSON with exactly these keys:
{
  ""correctness"": <integer 1-5>,
  ""faithfulness"": <integer 1-5>,
  ""relevance"": <integer 1-5>,
  ""clarity"": <integer 1-5>,
  ""completeness"": <integer 1-5>,
  ""rationale"": ""short explanation""
}

Evaluate this Task 2 explanation.

val_id: 765
img_id: clb0kvxwl92d0074y2lll93pi
question: What colors are observed in the abnormal findings?
reference_answer_if_available: 
predicted_answer: multiple areas of pink, red, and white discoloration
confidence_score: 0.7994
textual_explanation: The CATA-Final model predicts ""multiple areas of pink, red, and white discoloration"". The newly generated visual explanation highlights morphology/TDA structural support, color and mucosal-texture support, a relatively focal heatmap region, possible specular artifact burden. Targeted self-probes for this color question supported the primary answer: multiple colors including pink, red, and white; mucosal erythema present; multiple color abnormalities including pink, red, white, and grey. Overall support is moderate; the reliability score combines morphology/TDA saliency, heatmap concentration, color/texture support, artifact burden, answer specificity, and self-probe agreement. The original question was: What colors are observed in the abnormal findings?. This explanation is intended for clinician review and should be interpreted alongside the image rather than as a standalone diagnosis.
visual_explanation_summary:
- type=heatmap; path=visuals/0765_heatmap.png; description=Fresh CATA-Final / D1 heatmap combining morphology/TDA saliency, color/edge evidence, and artifact suppression.
- type=evidence_json; path=visuals/0765_evidence.json; description=Structured visual evidence and confidence inputs used by the explanation generator.

Remember: return strict JSON only."
155,775,cla820gm8s5f7071udu39h5l0,Is there any polyp present in the gastrointestinal tract?,No evidence of polypoid lesions,"Score each criterion from 1 to 5:
1 = poor, 2 = weak, 3 = acceptable, 4 = good, 5 = excellent.

Criteria:
- correctness: the answer and explanation are consistent with the question and available reference information.
- faithfulness: the explanation supports the predicted answer without inventing unsupported claims.
- relevance: the explanation focuses on visual/question evidence that matters for the answer.
- clarity: the explanation is readable, concise, and clinically understandable.
- completeness: the explanation covers the key evidence needed to justify the answer.

Return JSON with exactly these keys:
{
  ""correctness"": <integer 1-5>,
  ""faithfulness"": <integer 1-5>,
  ""relevance"": <integer 1-5>,
  ""clarity"": <integer 1-5>,
  ""completeness"": <integer 1-5>,
  ""rationale"": ""short explanation""
}

Evaluate this Task 2 explanation.

val_id: 775
img_id: cla820gm8s5f7071udu39h5l0
question: Is there any polyp present in the gastrointestinal tract?
reference_answer_if_available: 
predicted_answer: No evidence of polypoid lesions
confidence_score: 0.7886
textual_explanation: The CATA-Final model predicts ""No evidence of polypoid lesions"". The newly generated visual explanation highlights morphology/TDA structural support, color and mucosal-texture support, a relatively focal heatmap region. Targeted self-probes for this lesion question produced mixed support: No polypoid lesion identified, with no evidence of ulcerative colitis; No polyp identified with no central or upper-lower region involvement.; evidence of inflammatory changes consistent with ulcerative colitis. Because these probes do not fully agree with the primary answer, the explanation is treated cautiously. Overall support is mixed; the reliability score combines morphology/TDA saliency, heatmap concentration, color/texture support, artifact burden, answer specificity, and self-probe agreement. The original question was: Is there any polyp present in the gastrointestinal tract?. This explanation is intended for clinician review and should be interpreted alongside the image rather than as a standalone diagnosis.
visual_explanation_summary:
- type=heatmap; path=visuals/0775_heatmap.png; description=Fresh CATA-Final / D1 heatmap combining morphology/TDA saliency, color/edge evidence, and artifact suppression.
- type=evidence_json; path=visuals/0775_evidence.json; description=Structured visual evidence and confidence inputs used by the explanation generator.

Remember: return strict JSON only."
156,776,clb0lbx05dq2k086ub5fkaich,Are there any green or black box-like artifacts present?,No evidence of box-like artifacts observed,"Score each criterion from 1 to 5:
1 = poor, 2 = weak, 3 = acceptable, 4 = good, 5 = excellent.

Criteria:
- correctness: the answer and explanation are consistent with the question and available reference information.
- faithfulness: the explanation supports the predicted answer without inventing unsupported claims.
- relevance: the explanation focuses on visual/question evidence that matters for the answer.
- clarity: the explanation is readable, concise, and clinically understandable.
- completeness: the explanation covers the key evidence needed to justify the answer.

Return JSON with exactly these keys:
{
  ""correctness"": <integer 1-5>,
  ""faithfulness"": <integer 1-5>,
  ""relevance"": <integer 1-5>,
  ""clarity"": <integer 1-5>,
  ""completeness"": <integer 1-5>,
  ""rationale"": ""short explanation""
}

Evaluate this Task 2 explanation.

val_id: 776
img_id: clb0lbx05dq2k086ub5fkaich
question: Are there any green or black box-like artifacts present?
reference_answer_if_available: 
predicted_answer: No evidence of box-like artifacts observed
confidence_score: 0.7661
textual_explanation: The CATA-Final model predicts ""No evidence of box-like artifacts observed"". The newly generated visual explanation highlights morphology/TDA structural support, color and mucosal-texture support, a relatively focal heatmap region. Targeted self-probes for this color question produced mixed support: multiple colors including pink, red, and white; mucosal erythema present; Multiple color changes including pink, red, white, and yellow are present.. Because these probes do not fully agree with the primary answer, the explanation is treated cautiously. Overall support is mixed; the reliability score combines morphology/TDA saliency, heatmap concentration, color/texture support, artifact burden, answer specificity, and self-probe agreement. The original question was: Are there any green or black box-like artifacts present?. This explanation is intended for clinician review and should be interpreted alongside the image rather than as a standalone diagnosis.
visual_explanation_summary:
- type=heatmap; path=visuals/0776_heatmap.png; description=Fresh CATA-Final / D1 heatmap combining morphology/TDA saliency, color/edge evidence, and artifact suppression.
- type=evidence_json; path=visuals/0776_evidence.json; description=Structured visual evidence and confidence inputs used by the explanation generator.

Remember: return strict JSON only."
157,777,cla820gmvs6bv071u7llu5ik5,Is there evidence of remaining polyps?,No polyps identified,"Score each criterion from 1 to 5:
1 = poor, 2 = weak, 3 = acceptable, 4 = good, 5 = excellent.

Criteria:
- correctness: the answer and explanation are consistent with the question and available reference information.
- faithfulness: the explanation supports the predicted answer without inventing unsupported claims.
- relevance: the explanation focuses on visual/question evidence that matters for the answer.
- clarity: the explanation is readable, concise, and clinically understandable.
- completeness: the explanation covers the key evidence needed to justify the answer.

Return JSON with exactly these keys:
{
  ""correctness"": <integer 1-5>,
  ""faithfulness"": <integer 1-5>,
  ""relevance"": <integer 1-5>,
  ""clarity"": <integer 1-5>,
  ""completeness"": <integer 1-5>,
  ""rationale"": ""short explanation""
}

Evaluate this Task 2 explanation.

val_id: 777
img_id: cla820gmvs6bv071u7llu5ik5
question: Is there evidence of remaining polyps?
reference_answer_if_available: 
predicted_answer: No polyps identified
confidence_score: 0.7654
textual_explanation: The CATA-Final model predicts ""No polyps identified"". The newly generated visual explanation highlights morphology/TDA structural support, color and mucosal-texture support, a relatively focal heatmap region. Targeted self-probes for this lesion question produced mixed support: No polypoid lesion identified, with no evidence of mucosal abnormalities; No polyp identified with no central or peripheral involvement; evidence of inflammatory changes consistent with ulcerative colitis. Because these probes do not fully agree with the primary answer, the explanation is treated cautiously. Overall support is mixed; the reliability score combines morphology/TDA saliency, heatmap concentration, color/texture support, artifact burden, answer specificity, and self-probe agreement. The original question was: Is there evidence of remaining polyps?. This explanation is intended for clinician review and should be interpreted alongside the image rather than as a standalone diagnosis.
visual_explanation_summary:
- type=heatmap; path=visuals/0777_heatmap.png; description=Fresh CATA-Final / D1 heatmap combining morphology/TDA saliency, color/edge evidence, and artifact suppression.
- type=evidence_json; path=visuals/0777_evidence.json; description=Structured visual evidence and confidence inputs used by the explanation generator.

Remember: return strict JSON only."
158,778,cl8k2u1rn1gfv08329igrhf83,Where is the abnormality located in the image?,abnormality observed in central and upper-central regions,"Score each criterion from 1 to 5:
1 = poor, 2 = weak, 3 = acceptable, 4 = good, 5 = excellent.

Criteria:
- correctness: the answer and explanation are consistent with the question and available reference information.
- faithfulness: the explanation supports the predicted answer without inventing unsupported claims.
- relevance: the explanation focuses on visual/question evidence that matters for the answer.
- clarity: the explanation is readable, concise, and clinically understandable.
- completeness: the explanation covers the key evidence needed to justify the answer.

Return JSON with exactly these keys:
{
  ""correctness"": <integer 1-5>,
  ""faithfulness"": <integer 1-5>,
  ""relevance"": <integer 1-5>,
  ""clarity"": <integer 1-5>,
  ""completeness"": <integer 1-5>,
  ""rationale"": ""short explanation""
}

Evaluate this Task 2 explanation.

val_id: 778
img_id: cl8k2u1rn1gfv08329igrhf83
question: Where is the abnormality located in the image?
reference_answer_if_available: 
predicted_answer: abnormality observed in central and upper-central regions
confidence_score: 0.926
textual_explanation: The CATA-Final model predicts ""abnormality observed in central and upper-central regions"". The newly generated visual explanation highlights morphology/TDA structural support, color and mucosal-texture support, a relatively focal heatmap region, possible specular artifact burden. Targeted self-probes for this location question supported the primary answer: abnormality observed in central and upper-central regions; No evidence of central, peripheral, upper, lower, left, or right positioning; evidence distributed across central and lower quadrants. Overall support is moderate; the reliability score combines morphology/TDA saliency, heatmap concentration, color/texture support, artifact burden, answer specificity, and self-probe agreement. The original question was: Where is the abnormality located in the image?. This explanation is intended for clinician review and should be interpreted alongside the image rather than as a standalone diagnosis.
visual_explanation_summary:
- type=heatmap; path=visuals/0778_heatmap.png; description=Fresh CATA-Final / D1 heatmap combining morphology/TDA saliency, color/edge evidence, and artifact suppression.
- type=evidence_json; path=visuals/0778_evidence.json; description=Structured visual evidence and confidence inputs used by the explanation generator.

Remember: return strict JSON only."
159,781,cla820gmfs5o3071u2nyigw5j,Are there any polyps visible in the image?,No polyps observed,"Score each criterion from 1 to 5:
1 = poor, 2 = weak, 3 = acceptable, 4 = good, 5 = excellent.

Criteria:
- correctness: the answer and explanation are consistent with the question and available reference information.
- faithfulness: the explanation supports the predicted answer without inventing unsupported claims.
- relevance: the explanation focuses on visual/question evidence that matters for the answer.
- clarity: the explanation is readable, concise, and clinically understandable.
- completeness: the explanation covers the key evidence needed to justify the answer.

Return JSON with exactly these keys:
{
  ""correctness"": <integer 1-5>,
  ""faithfulness"": <integer 1-5>,
  ""relevance"": <integer 1-5>,
  ""clarity"": <integer 1-5>,
  ""completeness"": <integer 1-5>,
  ""rationale"": ""short explanation""
}

Evaluate this Task 2 explanation.

val_id: 781
img_id: cla820gmfs5o3071u2nyigw5j
question: Are there any polyps visible in the image?
reference_answer_if_available: 
predicted_answer: No polyps observed
confidence_score: 0.7535
textual_explanation: The CATA-Final model predicts ""No polyps observed"". The newly generated visual explanation highlights morphology/TDA structural support, color and mucosal-texture support, a relatively focal heatmap region, possible specular artifact burden. Targeted self-probes for this lesion question produced mixed support: No polypoid lesion identified, with no evidence of abnormal mucosal changes; No polyp identified with no central or upper-lower region involvement.; evidence of inflammatory changes consistent with ulcerative colitis. Because these probes do not fully agree with the primary answer, the explanation is treated cautiously. Overall support is mixed; the reliability score combines morphology/TDA saliency, heatmap concentration, color/texture support, artifact burden, answer specificity, and self-probe agreement. The original question was: Are there any polyps visible in the image?. This explanation is intended for clinician review and should be interpreted alongside the image rather than as a standalone diagnosis.
visual_explanation_summary:
- type=heatmap; path=visuals/0781_heatmap.png; description=Fresh CATA-Final / D1 heatmap combining morphology/TDA saliency, color/edge evidence, and artifact suppression.
- type=evidence_json; path=visuals/0781_evidence.json; description=Structured visual evidence and confidence inputs used by the explanation generator.

Remember: return strict JSON only."
160,788,clb0lbwz8dovk086ub9nk6cas,Are there any medical instruments visible in the image?,tube visible in the abdominal region,"Score each criterion from 1 to 5:
1 = poor, 2 = weak, 3 = acceptable, 4 = good, 5 = excellent.

Criteria:
- correctness: the answer and explanation are consistent with the question and available reference information.
- faithfulness: the explanation supports the predicted answer without inventing unsupported claims.
- relevance: the explanation focuses on visual/question evidence that matters for the answer.
- clarity: the explanation is readable, concise, and clinically understandable.
- completeness: the explanation covers the key evidence needed to justify the answer.

Return JSON with exactly these keys:
{
  ""correctness"": <integer 1-5>,
  ""faithfulness"": <integer 1-5>,
  ""relevance"": <integer 1-5>,
  ""clarity"": <integer 1-5>,
  ""completeness"": <integer 1-5>,
  ""rationale"": ""short explanation""
}

Evaluate this Task 2 explanation.

val_id: 788
img_id: clb0lbwz8dovk086ub9nk6cas
question: Are there any medical instruments visible in the image?
reference_answer_if_available: 
predicted_answer: tube visible in the abdominal region
confidence_score: 0.8548
textual_explanation: The CATA-Final model predicts ""tube visible in the abdominal region"". The newly generated visual explanation highlights morphology/TDA structural support, color and mucosal-texture support, a relatively focal heatmap region, possible specular artifact burden. Targeted self-probes for this instrument question supported the primary answer: tube visible in the abdominal region; in lower central and right regions; No surgical instruments visualized. Overall support is moderate; the reliability score combines morphology/TDA saliency, heatmap concentration, color/texture support, artifact burden, answer specificity, and self-probe agreement. The original question was: Are there any medical instruments visible in the image?. This explanation is intended for clinician review and should be interpreted alongside the image rather than as a standalone diagnosis.
visual_explanation_summary:
- type=heatmap; path=visuals/0788_heatmap.png; description=Fresh CATA-Final / D1 heatmap combining morphology/TDA saliency, color/edge evidence, and artifact suppression.
- type=evidence_json; path=visuals/0788_evidence.json; description=Structured visual evidence and confidence inputs used by the explanation generator.

Remember: return strict JSON only."
161,799,cla820glas43v071u1ndvbm1h,Is there any textual information present?,Textual information is visible,"Score each criterion from 1 to 5:
1 = poor, 2 = weak, 3 = acceptable, 4 = good, 5 = excellent.

Criteria:
- correctness: the answer and explanation are consistent with the question and available reference information.
- faithfulness: the explanation supports the predicted answer without inventing unsupported claims.
- relevance: the explanation focuses on visual/question evidence that matters for the answer.
- clarity: the explanation is readable, concise, and clinically understandable.
- completeness: the explanation covers the key evidence needed to justify the answer.

Return JSON with exactly these keys:
{
  ""correctness"": <integer 1-5>,
  ""faithfulness"": <integer 1-5>,
  ""relevance"": <integer 1-5>,
  ""clarity"": <integer 1-5>,
  ""completeness"": <integer 1-5>,
  ""rationale"": ""short explanation""
}

Evaluate this Task 2 explanation.

val_id: 799
img_id: cla820glas43v071u1ndvbm1h
question: Is there any textual information present?
reference_answer_if_available: 
predicted_answer: Textual information is visible
confidence_score: 0.95
textual_explanation: The CATA-Final model predicts ""Textual information is visible"". The newly generated visual explanation highlights morphology/TDA structural support, color and mucosal-texture support, a relatively focal heatmap region, possible specular artifact burden. Targeted self-probes for this visible_text question supported the primary answer: Text is present in the image; text observed in central and upper regions; text is present and not anatomical in nature. Overall support is moderate; the reliability score combines morphology/TDA saliency, heatmap concentration, color/texture support, artifact burden, answer specificity, and self-probe agreement. The original question was: Is there any textual information present?. This explanation is intended for clinician review and should be interpreted alongside the image rather than as a standalone diagnosis.
visual_explanation_summary:
- type=heatmap; path=visuals/0799_heatmap.png; description=Fresh CATA-Final / D1 heatmap combining morphology/TDA saliency, color/edge evidence, and artifact suppression.
- type=evidence_json; path=visuals/0799_evidence.json; description=Structured visual evidence and confidence inputs used by the explanation generator.

Remember: return strict JSON only."
162,810,clb0kvxw891sw074y7zk9etes,What colors are observed in the abnormal areas?,"pink, red, and white lesions noted","Score each criterion from 1 to 5:
1 = poor, 2 = weak, 3 = acceptable, 4 = good, 5 = excellent.

Criteria:
- correctness: the answer and explanation are consistent with the question and available reference information.
- faithfulness: the explanation supports the predicted answer without inventing unsupported claims.
- relevance: the explanation focuses on visual/question evidence that matters for the answer.
- clarity: the explanation is readable, concise, and clinically understandable.
- completeness: the explanation covers the key evidence needed to justify the answer.

Return JSON with exactly these keys:
{
  ""correctness"": <integer 1-5>,
  ""faithfulness"": <integer 1-5>,
  ""relevance"": <integer 1-5>,
  ""clarity"": <integer 1-5>,
  ""completeness"": <integer 1-5>,
  ""rationale"": ""short explanation""
}

Evaluate this Task 2 explanation.

val_id: 810
img_id: clb0kvxw891sw074y7zk9etes
question: What colors are observed in the abnormal areas?
reference_answer_if_available: 
predicted_answer: pink, red, and white lesions noted
confidence_score: 0.9059
textual_explanation: The CATA-Final model predicts ""pink, red, and white lesions noted"". The newly generated visual explanation highlights morphology/TDA structural support, color and mucosal-texture support, a relatively focal heatmap region, possible specular artifact burden. Targeted self-probes for this color question supported the primary answer: multiple colors including pink, red, and white; mucosal erythema present; multiple color variations including pink, red, white, and grey. Overall support is moderate; the reliability score combines morphology/TDA saliency, heatmap concentration, color/texture support, artifact burden, answer specificity, and self-probe agreement. The original question was: What colors are observed in the abnormal areas?. This explanation is intended for clinician review and should be interpreted alongside the image rather than as a standalone diagnosis.
visual_explanation_summary:
- type=heatmap; path=visuals/0810_heatmap.png; description=Fresh CATA-Final / D1 heatmap combining morphology/TDA saliency, color/edge evidence, and artifact suppression.
- type=evidence_json; path=visuals/0810_evidence.json; description=Structured visual evidence and confidence inputs used by the explanation generator.

Remember: return strict JSON only."
163,817,cla820gljs4kz071uaa8h1tjs,What type of polyp is observed in the gastrointestinal tract?,no polypoid lesions identified,"Score each criterion from 1 to 5:
1 = poor, 2 = weak, 3 = acceptable, 4 = good, 5 = excellent.

Criteria:
- correctness: the answer and explanation are consistent with the question and available reference information.
- faithfulness: the explanation supports the predicted answer without inventing unsupported claims.
- relevance: the explanation focuses on visual/question evidence that matters for the answer.
- clarity: the explanation is readable, concise, and clinically understandable.
- completeness: the explanation covers the key evidence needed to justify the answer.

Return JSON with exactly these keys:
{
  ""correctness"": <integer 1-5>,
  ""faithfulness"": <integer 1-5>,
  ""relevance"": <integer 1-5>,
  ""clarity"": <integer 1-5>,
  ""completeness"": <integer 1-5>,
  ""rationale"": ""short explanation""
}

Evaluate this Task 2 explanation.

val_id: 817
img_id: cla820gljs4kz071uaa8h1tjs
question: What type of polyp is observed in the gastrointestinal tract?
reference_answer_if_available: 
predicted_answer: no polypoid lesions identified
confidence_score: 0.7626
textual_explanation: The CATA-Final model predicts ""no polypoid lesions identified"". The newly generated visual explanation highlights morphology/TDA structural support, color and mucosal-texture support, a relatively focal heatmap region. Targeted self-probes for this lesion question produced mixed support: No polypoid lesion identified, with no evidence of abnormal mucosal changes; No polyp identified with no central or peripheral focus noted.; evidence of inflammatory changes consistent with ulcerative colitis. Because these probes do not fully agree with the primary answer, the explanation is treated cautiously. Overall support is mixed; the reliability score combines morphology/TDA saliency, heatmap concentration, color/texture support, artifact burden, answer specificity, and self-probe agreement. The original question was: What type of polyp is observed in the gastrointestinal tract?. This explanation is intended for clinician review and should be interpreted alongside the image rather than as a standalone diagnosis.
visual_explanation_summary:
- type=heatmap; path=visuals/0817_heatmap.png; description=Fresh CATA-Final / D1 heatmap combining morphology/TDA saliency, color/edge evidence, and artifact suppression.
- type=evidence_json; path=visuals/0817_evidence.json; description=Structured visual evidence and confidence inputs used by the explanation generator.

Remember: return strict JSON only."
164,821,clb0lbx06dq3w086u2x6haz0k,Is there any remaining polyp tissue present?,No residual polyp tissue identified,"Score each criterion from 1 to 5:
1 = poor, 2 = weak, 3 = acceptable, 4 = good, 5 = excellent.

Criteria:
- correctness: the answer and explanation are consistent with the question and available reference information.
- faithfulness: the explanation supports the predicted answer without inventing unsupported claims.
- relevance: the explanation focuses on visual/question evidence that matters for the answer.
- clarity: the explanation is readable, concise, and clinically understandable.
- completeness: the explanation covers the key evidence needed to justify the answer.

Return JSON with exactly these keys:
{
  ""correctness"": <integer 1-5>,
  ""faithfulness"": <integer 1-5>,
  ""relevance"": <integer 1-5>,
  ""clarity"": <integer 1-5>,
  ""completeness"": <integer 1-5>,
  ""rationale"": ""short explanation""
}

Evaluate this Task 2 explanation.

val_id: 821
img_id: clb0lbx06dq3w086u2x6haz0k
question: Is there any remaining polyp tissue present?
reference_answer_if_available: 
predicted_answer: No residual polyp tissue identified
confidence_score: 0.7779
textual_explanation: The CATA-Final model predicts ""No residual polyp tissue identified"". The newly generated visual explanation highlights morphology/TDA structural support, color and mucosal-texture support, a relatively focal heatmap region. Targeted self-probes for this lesion question produced mixed support: No polypoid lesion identified, with no evidence of abnormal mucosa; No polyp identified in the examined area.; evidence of mucosal inflammation consistent with ulcerative colitis. Because these probes do not fully agree with the primary answer, the explanation is treated cautiously. Overall support is mixed; the reliability score combines morphology/TDA saliency, heatmap concentration, color/texture support, artifact burden, answer specificity, and self-probe agreement. The original question was: Is there any remaining polyp tissue present?. This explanation is intended for clinician review and should be interpreted alongside the image rather than as a standalone diagnosis.
visual_explanation_summary:
- type=heatmap; path=visuals/0821_heatmap.png; description=Fresh CATA-Final / D1 heatmap combining morphology/TDA saliency, color/edge evidence, and artifact suppression.
- type=evidence_json; path=visuals/0821_evidence.json; description=Structured visual evidence and confidence inputs used by the explanation generator.

Remember: return strict JSON only."
165,824,clb0kvxw991us074yf73d80ry,How many abnormalities are visible?,two distinct findings observed,"Score each criterion from 1 to 5:
1 = poor, 2 = weak, 3 = acceptable, 4 = good, 5 = excellent.

Criteria:
- correctness: the answer and explanation are consistent with the question and available reference information.
- faithfulness: the explanation supports the predicted answer without inventing unsupported claims.
- relevance: the explanation focuses on visual/question evidence that matters for the answer.
- clarity: the explanation is readable, concise, and clinically understandable.
- completeness: the explanation covers the key evidence needed to justify the answer.

Return JSON with exactly these keys:
{
  ""correctness"": <integer 1-5>,
  ""faithfulness"": <integer 1-5>,
  ""relevance"": <integer 1-5>,
  ""clarity"": <integer 1-5>,
  ""completeness"": <integer 1-5>,
  ""rationale"": ""short explanation""
}

Evaluate this Task 2 explanation.

val_id: 824
img_id: clb0kvxw991us074yf73d80ry
question: How many abnormalities are visible?
reference_answer_if_available: 
predicted_answer: two distinct findings observed
confidence_score: 0.7742
textual_explanation: The CATA-Final model predicts ""two distinct findings observed"". The newly generated visual explanation highlights morphology/TDA structural support, color and mucosal-texture support, a relatively focal heatmap region, possible specular artifact burden. Targeted self-probes for this count question supported the primary answer: two discrete abnormalities noted; single abnormal finding present; No evidence of esophageal inflammation. Overall support is moderate; the reliability score combines morphology/TDA saliency, heatmap concentration, color/texture support, artifact burden, answer specificity, and self-probe agreement. The original question was: How many abnormalities are visible?. This explanation is intended for clinician review and should be interpreted alongside the image rather than as a standalone diagnosis.
visual_explanation_summary:
- type=heatmap; path=visuals/0824_heatmap.png; description=Fresh CATA-Final / D1 heatmap combining morphology/TDA saliency, color/edge evidence, and artifact suppression.
- type=evidence_json; path=visuals/0824_evidence.json; description=Structured visual evidence and confidence inputs used by the explanation generator.

Remember: return strict JSON only."
166,832,cla820glys537071u1anh57fb,What procedure is represented in this image?,evidence of colonoscopy procedure,"Score each criterion from 1 to 5:
1 = poor, 2 = weak, 3 = acceptable, 4 = good, 5 = excellent.

Criteria:
- correctness: the answer and explanation are consistent with the question and available reference information.
- faithfulness: the explanation supports the predicted answer without inventing unsupported claims.
- relevance: the explanation focuses on visual/question evidence that matters for the answer.
- clarity: the explanation is readable, concise, and clinically understandable.
- completeness: the explanation covers the key evidence needed to justify the answer.

Return JSON with exactly these keys:
{
  ""correctness"": <integer 1-5>,
  ""faithfulness"": <integer 1-5>,
  ""relevance"": <integer 1-5>,
  ""clarity"": <integer 1-5>,
  ""completeness"": <integer 1-5>,
  ""rationale"": ""short explanation""
}

Evaluate this Task 2 explanation.

val_id: 832
img_id: cla820glys537071u1anh57fb
question: What procedure is represented in this image?
reference_answer_if_available: 
predicted_answer: evidence of colonoscopy procedure
confidence_score: 0.7213
textual_explanation: The CATA-Final model predicts ""evidence of colonoscopy procedure"". The newly generated visual explanation highlights morphology/TDA structural support, color and mucosal-texture support, a relatively focal heatmap region, possible specular artifact burden. Targeted self-probes for this procedure question produced mixed support: Evidence of colonoscopy procedure with no identifiable anatomical landmarks; evidence of mucosal abnormalities; No artifacts or overlays are present in the image.. Because these probes do not fully agree with the primary answer, the explanation is treated cautiously. Overall support is mixed; the reliability score combines morphology/TDA saliency, heatmap concentration, color/texture support, artifact burden, answer specificity, and self-probe agreement. The original question was: What procedure is represented in this image?. This explanation is intended for clinician review and should be interpreted alongside the image rather than as a standalone diagnosis.
visual_explanation_summary:
- type=heatmap; path=visuals/0832_heatmap.png; description=Fresh CATA-Final / D1 heatmap combining morphology/TDA saliency, color/edge evidence, and artifact suppression.
- type=evidence_json; path=visuals/0832_evidence.json; description=Structured visual evidence and confidence inputs used by the explanation generator.

Remember: return strict JSON only."
167,833,cla820gl6s3yf071ugolc8gg0,What type of polyp is observed?,No polyp detected,"Score each criterion from 1 to 5:
1 = poor, 2 = weak, 3 = acceptable, 4 = good, 5 = excellent.

Criteria:
- correctness: the answer and explanation are consistent with the question and available reference information.
- faithfulness: the explanation supports the predicted answer without inventing unsupported claims.
- relevance: the explanation focuses on visual/question evidence that matters for the answer.
- clarity: the explanation is readable, concise, and clinically understandable.
- completeness: the explanation covers the key evidence needed to justify the answer.

Return JSON with exactly these keys:
{
  ""correctness"": <integer 1-5>,
  ""faithfulness"": <integer 1-5>,
  ""relevance"": <integer 1-5>,
  ""clarity"": <integer 1-5>,
  ""completeness"": <integer 1-5>,
  ""rationale"": ""short explanation""
}

Evaluate this Task 2 explanation.

val_id: 833
img_id: cla820gl6s3yf071ugolc8gg0
question: What type of polyp is observed?
reference_answer_if_available: 
predicted_answer: No polyp detected
confidence_score: 0.789
textual_explanation: The CATA-Final model predicts ""No polyp detected"". The newly generated visual explanation highlights morphology/TDA structural support, color and mucosal-texture support, a relatively focal heatmap region. Targeted self-probes for this lesion question produced mixed support: No polypoid lesion identified, with no evidence of mucosal abnormalities; No polyp identified with no central or peripheral involvement; evidence of inflammatory changes consistent with ulcerative colitis. Because these probes do not fully agree with the primary answer, the explanation is treated cautiously. Overall support is mixed; the reliability score combines morphology/TDA saliency, heatmap concentration, color/texture support, artifact burden, answer specificity, and self-probe agreement. The original question was: What type of polyp is observed?. This explanation is intended for clinician review and should be interpreted alongside the image rather than as a standalone diagnosis.
visual_explanation_summary:
- type=heatmap; path=visuals/0833_heatmap.png; description=Fresh CATA-Final / D1 heatmap combining morphology/TDA saliency, color/edge evidence, and artifact suppression.
- type=evidence_json; path=visuals/0833_evidence.json; description=Structured visual evidence and confidence inputs used by the explanation generator.

Remember: return strict JSON only."
168,841,clb0kvxvz91fo074y60w48iy2,What colors are observed in the abnormal area?,"pink, red, and white lesions noted","Score each criterion from 1 to 5:
1 = poor, 2 = weak, 3 = acceptable, 4 = good, 5 = excellent.

Criteria:
- correctness: the answer and explanation are consistent with the question and available reference information.
- faithfulness: the explanation supports the predicted answer without inventing unsupported claims.
- relevance: the explanation focuses on visual/question evidence that matters for the answer.
- clarity: the explanation is readable, concise, and clinically understandable.
- completeness: the explanation covers the key evidence needed to justify the answer.

Return JSON with exactly these keys:
{
  ""correctness"": <integer 1-5>,
  ""faithfulness"": <integer 1-5>,
  ""relevance"": <integer 1-5>,
  ""clarity"": <integer 1-5>,
  ""completeness"": <integer 1-5>,
  ""rationale"": ""short explanation""
}

Evaluate this Task 2 explanation.

val_id: 841
img_id: clb0kvxvz91fo074y60w48iy2
question: What colors are observed in the abnormal area?
reference_answer_if_available: 
predicted_answer: pink, red, and white lesions noted
confidence_score: 0.8298
textual_explanation: The CATA-Final model predicts ""pink, red, and white lesions noted"". The newly generated visual explanation highlights morphology/TDA structural support, color and mucosal-texture support, a relatively focal heatmap region, possible specular artifact burden. Targeted self-probes for this color question supported the primary answer: multiple colors including pink, red, and white; mucosal erythema present; multiple color changes including pink, red, white, and grey. Overall support is moderate; the reliability score combines morphology/TDA saliency, heatmap concentration, color/texture support, artifact burden, answer specificity, and self-probe agreement. The original question was: What colors are observed in the abnormal area?. This explanation is intended for clinician review and should be interpreted alongside the image rather than as a standalone diagnosis.
visual_explanation_summary:
- type=heatmap; path=visuals/0841_heatmap.png; description=Fresh CATA-Final / D1 heatmap combining morphology/TDA saliency, color/edge evidence, and artifact suppression.
- type=evidence_json; path=visuals/0841_evidence.json; description=Structured visual evidence and confidence inputs used by the explanation generator.

Remember: return strict JSON only."
169,859,clb0lbwz2doow086ucvsi3icw,What procedure is depicted in the image?,evidence of colonoscopy procedure,"Score each criterion from 1 to 5:
1 = poor, 2 = weak, 3 = acceptable, 4 = good, 5 = excellent.

Criteria:
- correctness: the answer and explanation are consistent with the question and available reference information.
- faithfulness: the explanation supports the predicted answer without inventing unsupported claims.
- relevance: the explanation focuses on visual/question evidence that matters for the answer.
- clarity: the explanation is readable, concise, and clinically understandable.
- completeness: the explanation covers the key evidence needed to justify the answer.

Return JSON with exactly these keys:
{
  ""correctness"": <integer 1-5>,
  ""faithfulness"": <integer 1-5>,
  ""relevance"": <integer 1-5>,
  ""clarity"": <integer 1-5>,
  ""completeness"": <integer 1-5>,
  ""rationale"": ""short explanation""
}

Evaluate this Task 2 explanation.

val_id: 859
img_id: clb0lbwz2doow086ucvsi3icw
question: What procedure is depicted in the image?
reference_answer_if_available: 
predicted_answer: evidence of colonoscopy procedure
confidence_score: 0.796
textual_explanation: The CATA-Final model predicts ""evidence of colonoscopy procedure"". The newly generated visual explanation highlights morphology/TDA structural support, color and mucosal-texture support, a relatively focal heatmap region, possible specular artifact burden. Targeted self-probes for this procedure question produced mixed support: Evidence of colonoscopy with no visible anatomical landmarks; evidence of mucosal abnormalities; No artifacts or overlays are present in the image.. Because these probes do not fully agree with the primary answer, the explanation is treated cautiously. Overall support is mixed; the reliability score combines morphology/TDA saliency, heatmap concentration, color/texture support, artifact burden, answer specificity, and self-probe agreement. The original question was: What procedure is depicted in the image?. This explanation is intended for clinician review and should be interpreted alongside the image rather than as a standalone diagnosis.
visual_explanation_summary:
- type=heatmap; path=visuals/0859_heatmap.png; description=Fresh CATA-Final / D1 heatmap combining morphology/TDA saliency, color/edge evidence, and artifact suppression.
- type=evidence_json; path=visuals/0859_evidence.json; description=Structured visual evidence and confidence inputs used by the explanation generator.

Remember: return strict JSON only."
170,864,cl8k2u1qz1fi3083208qp23mb,What type of polyp is observed?,evidence of paris-type polyp,"Score each criterion from 1 to 5:
1 = poor, 2 = weak, 3 = acceptable, 4 = good, 5 = excellent.

Criteria:
- correctness: the answer and explanation are consistent with the question and available reference information.
- faithfulness: the explanation supports the predicted answer without inventing unsupported claims.
- relevance: the explanation focuses on visual/question evidence that matters for the answer.
- clarity: the explanation is readable, concise, and clinically understandable.
- completeness: the explanation covers the key evidence needed to justify the answer.

Return JSON with exactly these keys:
{
  ""correctness"": <integer 1-5>,
  ""faithfulness"": <integer 1-5>,
  ""relevance"": <integer 1-5>,
  ""clarity"": <integer 1-5>,
  ""completeness"": <integer 1-5>,
  ""rationale"": ""short explanation""
}

Evaluate this Task 2 explanation.

val_id: 864
img_id: cl8k2u1qz1fi3083208qp23mb
question: What type of polyp is observed?
reference_answer_if_available: 
predicted_answer: evidence of paris-type polyp
confidence_score: 0.95
textual_explanation: The CATA-Final model predicts ""evidence of paris-type polyp"". The newly generated visual explanation highlights morphology/TDA structural support, color and mucosal-texture support, a relatively focal heatmap region, possible specular artifact burden. Targeted self-probes for this lesion question supported the primary answer: Findings suggest presence of a polypoid lesion; The lesion exhibits a polypoid morphology and is distributed across multiple central and lower regions.; evidence of mucosal polypoid lesion. Overall support is moderate; the reliability score combines morphology/TDA saliency, heatmap concentration, color/texture support, artifact burden, answer specificity, and self-probe agreement. The original question was: What type of polyp is observed?. This explanation is intended for clinician review and should be interpreted alongside the image rather than as a standalone diagnosis.
visual_explanation_summary:
- type=heatmap; path=visuals/0864_heatmap.png; description=Fresh CATA-Final / D1 heatmap combining morphology/TDA saliency, color/edge evidence, and artifact suppression.
- type=evidence_json; path=visuals/0864_evidence.json; description=Structured visual evidence and confidence inputs used by the explanation generator.

Remember: return strict JSON only."
171,865,cl8k2u1ri1g6n08329ow02ckf,Where is the abnormality located in the image?,abnormality observed in central and upper-central regions,"Score each criterion from 1 to 5:
1 = poor, 2 = weak, 3 = acceptable, 4 = good, 5 = excellent.

Criteria:
- correctness: the answer and explanation are consistent with the question and available reference information.
- faithfulness: the explanation supports the predicted answer without inventing unsupported claims.
- relevance: the explanation focuses on visual/question evidence that matters for the answer.
- clarity: the explanation is readable, concise, and clinically understandable.
- completeness: the explanation covers the key evidence needed to justify the answer.

Return JSON with exactly these keys:
{
  ""correctness"": <integer 1-5>,
  ""faithfulness"": <integer 1-5>,
  ""relevance"": <integer 1-5>,
  ""clarity"": <integer 1-5>,
  ""completeness"": <integer 1-5>,
  ""rationale"": ""short explanation""
}

Evaluate this Task 2 explanation.

val_id: 865
img_id: cl8k2u1ri1g6n08329ow02ckf
question: Where is the abnormality located in the image?
reference_answer_if_available: 
predicted_answer: abnormality observed in central and upper-central regions
confidence_score: 0.95
textual_explanation: The CATA-Final model predicts ""abnormality observed in central and upper-central regions"". The newly generated visual explanation highlights morphology/TDA structural support, color and mucosal-texture support, a relatively focal heatmap region, possible specular artifact burden. Targeted self-probes for this location question supported the primary answer: abnormality observed in central and upper-central regions; No evidence of central or peripheral location; evidence distributed across central and lower quadrants. Overall support is moderate; the reliability score combines morphology/TDA saliency, heatmap concentration, color/texture support, artifact burden, answer specificity, and self-probe agreement. The original question was: Where is the abnormality located in the image?. This explanation is intended for clinician review and should be interpreted alongside the image rather than as a standalone diagnosis.
visual_explanation_summary:
- type=heatmap; path=visuals/0865_heatmap.png; description=Fresh CATA-Final / D1 heatmap combining morphology/TDA saliency, color/edge evidence, and artifact suppression.
- type=evidence_json; path=visuals/0865_evidence.json; description=Structured visual evidence and confidence inputs used by the explanation generator.

Remember: return strict JSON only."
172,866,cla820gmks5w7071u5fdseyx2,Which anatomical landmarks are visible in the image?,no anatomical landmarks identified,"Score each criterion from 1 to 5:
1 = poor, 2 = weak, 3 = acceptable, 4 = good, 5 = excellent.

Criteria:
- correctness: the answer and explanation are consistent with the question and available reference information.
- faithfulness: the explanation supports the predicted answer without inventing unsupported claims.
- relevance: the explanation focuses on visual/question evidence that matters for the answer.
- clarity: the explanation is readable, concise, and clinically understandable.
- completeness: the explanation covers the key evidence needed to justify the answer.

Return JSON with exactly these keys:
{
  ""correctness"": <integer 1-5>,
  ""faithfulness"": <integer 1-5>,
  ""relevance"": <integer 1-5>,
  ""clarity"": <integer 1-5>,
  ""completeness"": <integer 1-5>,
  ""rationale"": ""short explanation""
}

Evaluate this Task 2 explanation.

val_id: 866
img_id: cla820gmks5w7071u5fdseyx2
question: Which anatomical landmarks are visible in the image?
reference_answer_if_available: 
predicted_answer: no anatomical landmarks identified
confidence_score: 0.7847
textual_explanation: The CATA-Final model predicts ""no anatomical landmarks identified"". The newly generated visual explanation highlights morphology/TDA structural support, color and mucosal-texture support, a relatively focal heatmap region. Targeted self-probes for this generic question produced mixed support: evidence of ulcerative colitis involvement; No evidence of imaging artifacts present; evidence distributed across multiple regions. Because these probes do not fully agree with the primary answer, the explanation is treated cautiously. Overall support is mixed; the reliability score combines morphology/TDA saliency, heatmap concentration, color/texture support, artifact burden, answer specificity, and self-probe agreement. The original question was: Which anatomical landmarks are visible in the image?. This explanation is intended for clinician review and should be interpreted alongside the image rather than as a standalone diagnosis.
visual_explanation_summary:
- type=heatmap; path=visuals/0866_heatmap.png; description=Fresh CATA-Final / D1 heatmap combining morphology/TDA saliency, color/edge evidence, and artifact suppression.
- type=evidence_json; path=visuals/0866_evidence.json; description=Structured visual evidence and confidence inputs used by the explanation generator.

Remember: return strict JSON only."
173,867,clb0lbwy7dnrg086ufgos4fl0,Are there any green or black box artifacts visible?,evidence of green and black box artifacts,"Score each criterion from 1 to 5:
1 = poor, 2 = weak, 3 = acceptable, 4 = good, 5 = excellent.

Criteria:
- correctness: the answer and explanation are consistent with the question and available reference information.
- faithfulness: the explanation supports the predicted answer without inventing unsupported claims.
- relevance: the explanation focuses on visual/question evidence that matters for the answer.
- clarity: the explanation is readable, concise, and clinically understandable.
- completeness: the explanation covers the key evidence needed to justify the answer.

Return JSON with exactly these keys:
{
  ""correctness"": <integer 1-5>,
  ""faithfulness"": <integer 1-5>,
  ""relevance"": <integer 1-5>,
  ""clarity"": <integer 1-5>,
  ""completeness"": <integer 1-5>,
  ""rationale"": ""short explanation""
}

Evaluate this Task 2 explanation.

val_id: 867
img_id: clb0lbwy7dnrg086ufgos4fl0
question: Are there any green or black box artifacts visible?
reference_answer_if_available: 
predicted_answer: evidence of green and black box artifacts
confidence_score: 0.9205
textual_explanation: The CATA-Final model predicts ""evidence of green and black box artifacts"". The newly generated visual explanation highlights morphology/TDA structural support, color and mucosal-texture support, a relatively focal heatmap region. Targeted self-probes for this color question supported the primary answer: multiple colors including pink, red, and white; evidence of mucosal erythema; Multiple color changes including pink, red, white, and yellow are present.. Overall support is moderate; the reliability score combines morphology/TDA saliency, heatmap concentration, color/texture support, artifact burden, answer specificity, and self-probe agreement. The original question was: Are there any green or black box artifacts visible?. This explanation is intended for clinician review and should be interpreted alongside the image rather than as a standalone diagnosis.
visual_explanation_summary:
- type=heatmap; path=visuals/0867_heatmap.png; description=Fresh CATA-Final / D1 heatmap combining morphology/TDA saliency, color/edge evidence, and artifact suppression.
- type=evidence_json; path=visuals/0867_evidence.json; description=Structured visual evidence and confidence inputs used by the explanation generator.

Remember: return strict JSON only."
174,877,cl8k2u1q41ehn08323yd3a1gq,What type of polyp is observed in the colon?,evidence of paris-type polyp,"Score each criterion from 1 to 5:
1 = poor, 2 = weak, 3 = acceptable, 4 = good, 5 = excellent.

Criteria:
- correctness: the answer and explanation are consistent with the question and available reference information.
- faithfulness: the explanation supports the predicted answer without inventing unsupported claims.
- relevance: the explanation focuses on visual/question evidence that matters for the answer.
- clarity: the explanation is readable, concise, and clinically understandable.
- completeness: the explanation covers the key evidence needed to justify the answer.

Return JSON with exactly these keys:
{
  ""correctness"": <integer 1-5>,
  ""faithfulness"": <integer 1-5>,
  ""relevance"": <integer 1-5>,
  ""clarity"": <integer 1-5>,
  ""completeness"": <integer 1-5>,
  ""rationale"": ""short explanation""
}

Evaluate this Task 2 explanation.

val_id: 877
img_id: cl8k2u1q41ehn08323yd3a1gq
question: What type of polyp is observed in the colon?
reference_answer_if_available: 
predicted_answer: evidence of paris-type polyp
confidence_score: 0.95
textual_explanation: The CATA-Final model predicts ""evidence of paris-type polyp"". The newly generated visual explanation highlights morphology/TDA structural support, color and mucosal-texture support, a relatively focal heatmap region, possible specular artifact burden. Targeted self-probes for this lesion question supported the primary answer: Findings consistent with a polypoid lesion observed; The lesion exhibits a polypoid appearance and is distributed across multiple regions including central, upper-right, lower-left, and lower-center areas.; evidence of mucosal polypoid lesion. Overall support is moderate; the reliability score combines morphology/TDA saliency, heatmap concentration, color/texture support, artifact burden, answer specificity, and self-probe agreement. The original question was: What type of polyp is observed in the colon?. This explanation is intended for clinician review and should be interpreted alongside the image rather than as a standalone diagnosis.
visual_explanation_summary:
- type=heatmap; path=visuals/0877_heatmap.png; description=Fresh CATA-Final / D1 heatmap combining morphology/TDA saliency, color/edge evidence, and artifact suppression.
- type=evidence_json; path=visuals/0877_evidence.json; description=Structured visual evidence and confidence inputs used by the explanation generator.

Remember: return strict JSON only."
175,882,cla820gles4bv071u0g5iddis,What procedure is represented in the image?,evidence of colonoscopy procedure,"Score each criterion from 1 to 5:
1 = poor, 2 = weak, 3 = acceptable, 4 = good, 5 = excellent.

Criteria:
- correctness: the answer and explanation are consistent with the question and available reference information.
- faithfulness: the explanation supports the predicted answer without inventing unsupported claims.
- relevance: the explanation focuses on visual/question evidence that matters for the answer.
- clarity: the explanation is readable, concise, and clinically understandable.
- completeness: the explanation covers the key evidence needed to justify the answer.

Return JSON with exactly these keys:
{
  ""correctness"": <integer 1-5>,
  ""faithfulness"": <integer 1-5>,
  ""relevance"": <integer 1-5>,
  ""clarity"": <integer 1-5>,
  ""completeness"": <integer 1-5>,
  ""rationale"": ""short explanation""
}

Evaluate this Task 2 explanation.

val_id: 882
img_id: cla820gles4bv071u0g5iddis
question: What procedure is represented in the image?
reference_answer_if_available: 
predicted_answer: evidence of colonoscopy procedure
confidence_score: 0.7276
textual_explanation: The CATA-Final model predicts ""evidence of colonoscopy procedure"". The newly generated visual explanation highlights morphology/TDA structural support, color and mucosal-texture support, a relatively focal heatmap region. Targeted self-probes for this procedure question produced mixed support: Evidence of colonoscopy procedure with no identifiable anatomical landmarks; evidence of mucosal abnormalities; No artifacts or overlays are present in the image.. Because these probes do not fully agree with the primary answer, the explanation is treated cautiously. Overall support is mixed; the reliability score combines morphology/TDA saliency, heatmap concentration, color/texture support, artifact burden, answer specificity, and self-probe agreement. The original question was: What procedure is represented in the image?. This explanation is intended for clinician review and should be interpreted alongside the image rather than as a standalone diagnosis.
visual_explanation_summary:
- type=heatmap; path=visuals/0882_heatmap.png; description=Fresh CATA-Final / D1 heatmap combining morphology/TDA saliency, color/edge evidence, and artifact suppression.
- type=evidence_json; path=visuals/0882_evidence.json; description=Structured visual evidence and confidence inputs used by the explanation generator.

Remember: return strict JSON only."
176,890,clb0lbwz8dovk086ub9nk6cas,What procedure is depicted in the image?,evidence of colonoscopy procedure,"Score each criterion from 1 to 5:
1 = poor, 2 = weak, 3 = acceptable, 4 = good, 5 = excellent.

Criteria:
- correctness: the answer and explanation are consistent with the question and available reference information.
- faithfulness: the explanation supports the predicted answer without inventing unsupported claims.
- relevance: the explanation focuses on visual/question evidence that matters for the answer.
- clarity: the explanation is readable, concise, and clinically understandable.
- completeness: the explanation covers the key evidence needed to justify the answer.

Return JSON with exactly these keys:
{
  ""correctness"": <integer 1-5>,
  ""faithfulness"": <integer 1-5>,
  ""relevance"": <integer 1-5>,
  ""clarity"": <integer 1-5>,
  ""completeness"": <integer 1-5>,
  ""rationale"": ""short explanation""
}

Evaluate this Task 2 explanation.

val_id: 890
img_id: clb0lbwz8dovk086ub9nk6cas
question: What procedure is depicted in the image?
reference_answer_if_available: 
predicted_answer: evidence of colonoscopy procedure
confidence_score: 0.8548
textual_explanation: The CATA-Final model predicts ""evidence of colonoscopy procedure"". The newly generated visual explanation highlights morphology/TDA structural support, color and mucosal-texture support, a relatively focal heatmap region, possible specular artifact burden. Targeted self-probes for this procedure question supported the primary answer: Evidence of colonoscopy findings with cecal anatomy; evidence of mucosal abnormalities; No artifacts or overlays are present in the image.. Overall support is moderate; the reliability score combines morphology/TDA saliency, heatmap concentration, color/texture support, artifact burden, answer specificity, and self-probe agreement. The original question was: What procedure is depicted in the image?. This explanation is intended for clinician review and should be interpreted alongside the image rather than as a standalone diagnosis.
visual_explanation_summary:
- type=heatmap; path=visuals/0890_heatmap.png; description=Fresh CATA-Final / D1 heatmap combining morphology/TDA saliency, color/edge evidence, and artifact suppression.
- type=evidence_json; path=visuals/0890_evidence.json; description=Structured visual evidence and confidence inputs used by the explanation generator.

Remember: return strict JSON only."
177,897,clb0lbwy8dntk086uax50dty8,Is there any visible text on the image?,Text is present on the image,"Score each criterion from 1 to 5:
1 = poor, 2 = weak, 3 = acceptable, 4 = good, 5 = excellent.

Criteria:
- correctness: the answer and explanation are consistent with the question and available reference information.
- faithfulness: the explanation supports the predicted answer without inventing unsupported claims.
- relevance: the explanation focuses on visual/question evidence that matters for the answer.
- clarity: the explanation is readable, concise, and clinically understandable.
- completeness: the explanation covers the key evidence needed to justify the answer.

Return JSON with exactly these keys:
{
  ""correctness"": <integer 1-5>,
  ""faithfulness"": <integer 1-5>,
  ""relevance"": <integer 1-5>,
  ""clarity"": <integer 1-5>,
  ""completeness"": <integer 1-5>,
  ""rationale"": ""short explanation""
}

Evaluate this Task 2 explanation.

val_id: 897
img_id: clb0lbwy8dntk086uax50dty8
question: Is there any visible text on the image?
reference_answer_if_available: 
predicted_answer: Text is present on the image
confidence_score: 0.91
textual_explanation: The CATA-Final model predicts ""Text is present on the image"". The newly generated visual explanation highlights morphology/TDA structural support, color and mucosal-texture support, a relatively focal heatmap region. Targeted self-probes for this visible_text question supported the primary answer: Text is present in the image; text observed in upper-right and center-left regions; text observed on the image. Overall support is moderate; the reliability score combines morphology/TDA saliency, heatmap concentration, color/texture support, artifact burden, answer specificity, and self-probe agreement. The original question was: Is there any visible text on the image?. This explanation is intended for clinician review and should be interpreted alongside the image rather than as a standalone diagnosis.
visual_explanation_summary:
- type=heatmap; path=visuals/0897_heatmap.png; description=Fresh CATA-Final / D1 heatmap combining morphology/TDA saliency, color/edge evidence, and artifact suppression.
- type=evidence_json; path=visuals/0897_evidence.json; description=Structured visual evidence and confidence inputs used by the explanation generator.

Remember: return strict JSON only."
178,907,cl8k2u1q01ebj08325e231z0b,How many abnormalities are visible?,One abnormal finding present,"Score each criterion from 1 to 5:
1 = poor, 2 = weak, 3 = acceptable, 4 = good, 5 = excellent.

Criteria:
- correctness: the answer and explanation are consistent with the question and available reference information.
- faithfulness: the explanation supports the predicted answer without inventing unsupported claims.
- relevance: the explanation focuses on visual/question evidence that matters for the answer.
- clarity: the explanation is readable, concise, and clinically understandable.
- completeness: the explanation covers the key evidence needed to justify the answer.

Return JSON with exactly these keys:
{
  ""correctness"": <integer 1-5>,
  ""faithfulness"": <integer 1-5>,
  ""relevance"": <integer 1-5>,
  ""clarity"": <integer 1-5>,
  ""completeness"": <integer 1-5>,
  ""rationale"": ""short explanation""
}

Evaluate this Task 2 explanation.

val_id: 907
img_id: cl8k2u1q01ebj08325e231z0b
question: How many abnormalities are visible?
reference_answer_if_available: 
predicted_answer: One abnormal finding present
confidence_score: 0.95
textual_explanation: The CATA-Final model predicts ""One abnormal finding present"". The newly generated visual explanation highlights morphology/TDA structural support, color and mucosal-texture support, a relatively focal heatmap region. Targeted self-probes for this count question supported the primary answer: one abnormal finding present; One abnormal finding noted; No abnormal findings observed. Overall support is moderate; the reliability score combines morphology/TDA saliency, heatmap concentration, color/texture support, artifact burden, answer specificity, and self-probe agreement. The original question was: How many abnormalities are visible?. This explanation is intended for clinician review and should be interpreted alongside the image rather than as a standalone diagnosis.
visual_explanation_summary:
- type=heatmap; path=visuals/0907_heatmap.png; description=Fresh CATA-Final / D1 heatmap combining morphology/TDA saliency, color/edge evidence, and artifact suppression.
- type=evidence_json; path=visuals/0907_evidence.json; description=Structured visual evidence and confidence inputs used by the explanation generator.

Remember: return strict JSON only."
179,918,clb0lbx08dq7w086uf8qd7rva,Is there any text visible on the image?,Text is present on the image,"Score each criterion from 1 to 5:
1 = poor, 2 = weak, 3 = acceptable, 4 = good, 5 = excellent.

Criteria:
- correctness: the answer and explanation are consistent with the question and available reference information.
- faithfulness: the explanation supports the predicted answer without inventing unsupported claims.
- relevance: the explanation focuses on visual/question evidence that matters for the answer.
- clarity: the explanation is readable, concise, and clinically understandable.
- completeness: the explanation covers the key evidence needed to justify the answer.

Return JSON with exactly these keys:
{
  ""correctness"": <integer 1-5>,
  ""faithfulness"": <integer 1-5>,
  ""relevance"": <integer 1-5>,
  ""clarity"": <integer 1-5>,
  ""completeness"": <integer 1-5>,
  ""rationale"": ""short explanation""
}

Evaluate this Task 2 explanation.

val_id: 918
img_id: clb0lbx08dq7w086uf8qd7rva
question: Is there any text visible on the image?
reference_answer_if_available: 
predicted_answer: Text is present on the image
confidence_score: 0.95
textual_explanation: The CATA-Final model predicts ""Text is present on the image"". The newly generated visual explanation highlights morphology/TDA structural support, color and mucosal-texture support, a relatively focal heatmap region. Targeted self-probes for this visible_text question supported the primary answer: Text is present in the image; text observed in central and upper regions; text is present and appears on the image. Overall support is moderate; the reliability score combines morphology/TDA saliency, heatmap concentration, color/texture support, artifact burden, answer specificity, and self-probe agreement. The original question was: Is there any text visible on the image?. This explanation is intended for clinician review and should be interpreted alongside the image rather than as a standalone diagnosis.
visual_explanation_summary:
- type=heatmap; path=visuals/0918_heatmap.png; description=Fresh CATA-Final / D1 heatmap combining morphology/TDA saliency, color/edge evidence, and artifact suppression.
- type=evidence_json; path=visuals/0918_evidence.json; description=Structured visual evidence and confidence inputs used by the explanation generator.

Remember: return strict JSON only."
180,919,cla820gmcs5kf071uct5r5v2n,Is there any visible instrumentation in the image?,No foreign bodies or instruments observed,"Score each criterion from 1 to 5:
1 = poor, 2 = weak, 3 = acceptable, 4 = good, 5 = excellent.

Criteria:
- correctness: the answer and explanation are consistent with the question and available reference information.
- faithfulness: the explanation supports the predicted answer without inventing unsupported claims.
- relevance: the explanation focuses on visual/question evidence that matters for the answer.
- clarity: the explanation is readable, concise, and clinically understandable.
- completeness: the explanation covers the key evidence needed to justify the answer.

Return JSON with exactly these keys:
{
  ""correctness"": <integer 1-5>,
  ""faithfulness"": <integer 1-5>,
  ""relevance"": <integer 1-5>,
  ""clarity"": <integer 1-5>,
  ""completeness"": <integer 1-5>,
  ""rationale"": ""short explanation""
}

Evaluate this Task 2 explanation.

val_id: 919
img_id: cla820gmcs5kf071uct5r5v2n
question: Is there any visible instrumentation in the image?
reference_answer_if_available: 
predicted_answer: No foreign bodies or instruments observed
confidence_score: 0.95
textual_explanation: The CATA-Final model predicts ""No foreign bodies or instruments observed"". The newly generated visual explanation highlights morphology/TDA structural support, color and mucosal-texture support, a relatively focal heatmap region. Targeted self-probes for this instrument question supported the primary answer: No foreign bodies or instruments observed; No instruments are visible in the image; No surgical instruments visualized. Overall support is moderate; the reliability score combines morphology/TDA saliency, heatmap concentration, color/texture support, artifact burden, answer specificity, and self-probe agreement. The original question was: Is there any visible instrumentation in the image?. This explanation is intended for clinician review and should be interpreted alongside the image rather than as a standalone diagnosis.
visual_explanation_summary:
- type=heatmap; path=visuals/0919_heatmap.png; description=Fresh CATA-Final / D1 heatmap combining morphology/TDA saliency, color/edge evidence, and artifact suppression.
- type=evidence_json; path=visuals/0919_evidence.json; description=Structured visual evidence and confidence inputs used by the explanation generator.

Remember: return strict JSON only."
181,924,clb0kvxvf90mc074yetbu4dvf,Is there any visible text on the image?,text is present on the image,"Score each criterion from 1 to 5:
1 = poor, 2 = weak, 3 = acceptable, 4 = good, 5 = excellent.

Criteria:
- correctness: the answer and explanation are consistent with the question and available reference information.
- faithfulness: the explanation supports the predicted answer without inventing unsupported claims.
- relevance: the explanation focuses on visual/question evidence that matters for the answer.
- clarity: the explanation is readable, concise, and clinically understandable.
- completeness: the explanation covers the key evidence needed to justify the answer.

Return JSON with exactly these keys:
{
  ""correctness"": <integer 1-5>,
  ""faithfulness"": <integer 1-5>,
  ""relevance"": <integer 1-5>,
  ""clarity"": <integer 1-5>,
  ""completeness"": <integer 1-5>,
  ""rationale"": ""short explanation""
}

Evaluate this Task 2 explanation.

val_id: 924
img_id: clb0kvxvf90mc074yetbu4dvf
question: Is there any visible text on the image?
reference_answer_if_available: 
predicted_answer: text is present on the image
confidence_score: 0.8619
textual_explanation: The CATA-Final model predicts ""text is present on the image"". The newly generated visual explanation highlights morphology/TDA structural support, color and mucosal-texture support, a relatively focal heatmap region, possible specular artifact burden. Targeted self-probes for this visible_text question supported the primary answer: text is present in the image; text observed in central and upper regions; text is present on the image. Overall support is moderate; the reliability score combines morphology/TDA saliency, heatmap concentration, color/texture support, artifact burden, answer specificity, and self-probe agreement. The original question was: Is there any visible text on the image?. This explanation is intended for clinician review and should be interpreted alongside the image rather than as a standalone diagnosis.
visual_explanation_summary:
- type=heatmap; path=visuals/0924_heatmap.png; description=Fresh CATA-Final / D1 heatmap combining morphology/TDA saliency, color/edge evidence, and artifact suppression.
- type=evidence_json; path=visuals/0924_evidence.json; description=Structured visual evidence and confidence inputs used by the explanation generator.

Remember: return strict JSON only."
182,928,clb0kvxwm92fk074yh5vrcfyh,Is there any green or black box-like artifact present?,No evidence of box-like artifact observed,"Score each criterion from 1 to 5:
1 = poor, 2 = weak, 3 = acceptable, 4 = good, 5 = excellent.

Criteria:
- correctness: the answer and explanation are consistent with the question and available reference information.
- faithfulness: the explanation supports the predicted answer without inventing unsupported claims.
- relevance: the explanation focuses on visual/question evidence that matters for the answer.
- clarity: the explanation is readable, concise, and clinically understandable.
- completeness: the explanation covers the key evidence needed to justify the answer.

Return JSON with exactly these keys:
{
  ""correctness"": <integer 1-5>,
  ""faithfulness"": <integer 1-5>,
  ""relevance"": <integer 1-5>,
  ""clarity"": <integer 1-5>,
  ""completeness"": <integer 1-5>,
  ""rationale"": ""short explanation""
}

Evaluate this Task 2 explanation.

val_id: 928
img_id: clb0kvxwm92fk074yh5vrcfyh
question: Is there any green or black box-like artifact present?
reference_answer_if_available: 
predicted_answer: No evidence of box-like artifact observed
confidence_score: 0.5951
textual_explanation: The CATA-Final model predicts ""No evidence of box-like artifact observed"". The newly generated visual explanation highlights morphology/TDA structural support, color and mucosal-texture support, a relatively focal heatmap region, possible specular artifact burden. Targeted self-probes for this color question produced mixed support: pink, red, and white lesions observed; mucosal erythema present; multiple color changes including pink, red, white, and grey. Because these probes do not fully agree with the primary answer, the explanation is treated cautiously. Overall support is mixed; the reliability score combines morphology/TDA saliency, heatmap concentration, color/texture support, artifact burden, answer specificity, and self-probe agreement. The original question was: Is there any green or black box-like artifact present?. This explanation is intended for clinician review and should be interpreted alongside the image rather than as a standalone diagnosis.
visual_explanation_summary:
- type=heatmap; path=visuals/0928_heatmap.png; description=Fresh CATA-Final / D1 heatmap combining morphology/TDA saliency, color/edge evidence, and artifact suppression.
- type=evidence_json; path=visuals/0928_evidence.json; description=Structured visual evidence and confidence inputs used by the explanation generator.

Remember: return strict JSON only."
183,929,cla820gmss67b071u3h7o5k3t,Are there any medical instruments visible in the image?,No foreign bodies or instruments observed,"Score each criterion from 1 to 5:
1 = poor, 2 = weak, 3 = acceptable, 4 = good, 5 = excellent.

Criteria:
- correctness: the answer and explanation are consistent with the question and available reference information.
- faithfulness: the explanation supports the predicted answer without inventing unsupported claims.
- relevance: the explanation focuses on visual/question evidence that matters for the answer.
- clarity: the explanation is readable, concise, and clinically understandable.
- completeness: the explanation covers the key evidence needed to justify the answer.

Return JSON with exactly these keys:
{
  ""correctness"": <integer 1-5>,
  ""faithfulness"": <integer 1-5>,
  ""relevance"": <integer 1-5>,
  ""clarity"": <integer 1-5>,
  ""completeness"": <integer 1-5>,
  ""rationale"": ""short explanation""
}

Evaluate this Task 2 explanation.

val_id: 929
img_id: cla820gmss67b071u3h7o5k3t
question: Are there any medical instruments visible in the image?
reference_answer_if_available: 
predicted_answer: No foreign bodies or instruments observed
confidence_score: 0.8596
textual_explanation: The CATA-Final model predicts ""No foreign bodies or instruments observed"". The newly generated visual explanation highlights morphology/TDA structural support, color and mucosal-texture support, a relatively focal heatmap region, possible specular artifact burden. Targeted self-probes for this instrument question supported the primary answer: No foreign bodies or instruments observed; in lower central and right regions; No surgical instruments visualized. Overall support is moderate; the reliability score combines morphology/TDA saliency, heatmap concentration, color/texture support, artifact burden, answer specificity, and self-probe agreement. The original question was: Are there any medical instruments visible in the image?. This explanation is intended for clinician review and should be interpreted alongside the image rather than as a standalone diagnosis.
visual_explanation_summary:
- type=heatmap; path=visuals/0929_heatmap.png; description=Fresh CATA-Final / D1 heatmap combining morphology/TDA saliency, color/edge evidence, and artifact suppression.
- type=evidence_json; path=visuals/0929_evidence.json; description=Structured visual evidence and confidence inputs used by the explanation generator.

Remember: return strict JSON only."
184,931,clb0lbwzxdppg086ueihv9l02,How many abnormalities are visible?,One abnormal finding present,"Score each criterion from 1 to 5:
1 = poor, 2 = weak, 3 = acceptable, 4 = good, 5 = excellent.

Criteria:
- correctness: the answer and explanation are consistent with the question and available reference information.
- faithfulness: the explanation supports the predicted answer without inventing unsupported claims.
- relevance: the explanation focuses on visual/question evidence that matters for the answer.
- clarity: the explanation is readable, concise, and clinically understandable.
- completeness: the explanation covers the key evidence needed to justify the answer.

Return JSON with exactly these keys:
{
  ""correctness"": <integer 1-5>,
  ""faithfulness"": <integer 1-5>,
  ""relevance"": <integer 1-5>,
  ""clarity"": <integer 1-5>,
  ""completeness"": <integer 1-5>,
  ""rationale"": ""short explanation""
}

Evaluate this Task 2 explanation.

val_id: 931
img_id: clb0lbwzxdppg086ueihv9l02
question: How many abnormalities are visible?
reference_answer_if_available: 
predicted_answer: One abnormal finding present
confidence_score: 0.95
textual_explanation: The CATA-Final model predicts ""One abnormal finding present"". The newly generated visual explanation highlights morphology/TDA structural support, color and mucosal-texture support, a relatively focal heatmap region. Targeted self-probes for this count question supported the primary answer: one abnormal finding present; One abnormal finding noted; No abnormal findings observed. Overall support is moderate; the reliability score combines morphology/TDA saliency, heatmap concentration, color/texture support, artifact burden, answer specificity, and self-probe agreement. The original question was: How many abnormalities are visible?. This explanation is intended for clinician review and should be interpreted alongside the image rather than as a standalone diagnosis.
visual_explanation_summary:
- type=heatmap; path=visuals/0931_heatmap.png; description=Fresh CATA-Final / D1 heatmap combining morphology/TDA saliency, color/edge evidence, and artifact suppression.
- type=evidence_json; path=visuals/0931_evidence.json; description=Structured visual evidence and confidence inputs used by the explanation generator.

Remember: return strict JSON only."
185,939,cla820gmes5mf071u7mhk0wpr,Is there any visible text on the image?,Text is present on the image,"Score each criterion from 1 to 5:
1 = poor, 2 = weak, 3 = acceptable, 4 = good, 5 = excellent.

Criteria:
- correctness: the answer and explanation are consistent with the question and available reference information.
- faithfulness: the explanation supports the predicted answer without inventing unsupported claims.
- relevance: the explanation focuses on visual/question evidence that matters for the answer.
- clarity: the explanation is readable, concise, and clinically understandable.
- completeness: the explanation covers the key evidence needed to justify the answer.

Return JSON with exactly these keys:
{
  ""correctness"": <integer 1-5>,
  ""faithfulness"": <integer 1-5>,
  ""relevance"": <integer 1-5>,
  ""clarity"": <integer 1-5>,
  ""completeness"": <integer 1-5>,
  ""rationale"": ""short explanation""
}

Evaluate this Task 2 explanation.

val_id: 939
img_id: cla820gmes5mf071u7mhk0wpr
question: Is there any visible text on the image?
reference_answer_if_available: 
predicted_answer: Text is present on the image
confidence_score: 0.9334
textual_explanation: The CATA-Final model predicts ""Text is present on the image"". The newly generated visual explanation highlights morphology/TDA structural support, color and mucosal-texture support, a relatively focal heatmap region, possible specular artifact burden. Targeted self-probes for this visible_text question supported the primary answer: Text is present in the image; text observed in central and upper regions; text is present on the image. Overall support is moderate; the reliability score combines morphology/TDA saliency, heatmap concentration, color/texture support, artifact burden, answer specificity, and self-probe agreement. The original question was: Is there any visible text on the image?. This explanation is intended for clinician review and should be interpreted alongside the image rather than as a standalone diagnosis.
visual_explanation_summary:
- type=heatmap; path=visuals/0939_heatmap.png; description=Fresh CATA-Final / D1 heatmap combining morphology/TDA saliency, color/edge evidence, and artifact suppression.
- type=evidence_json; path=visuals/0939_evidence.json; description=Structured visual evidence and confidence inputs used by the explanation generator.

Remember: return strict JSON only."
186,940,clb0lbx06dq3w086u2x6haz0k,Are there any green or black box artifacts present?,No evidence of box artifacts observed,"Score each criterion from 1 to 5:
1 = poor, 2 = weak, 3 = acceptable, 4 = good, 5 = excellent.

Criteria:
- correctness: the answer and explanation are consistent with the question and available reference information.
- faithfulness: the explanation supports the predicted answer without inventing unsupported claims.
- relevance: the explanation focuses on visual/question evidence that matters for the answer.
- clarity: the explanation is readable, concise, and clinically understandable.
- completeness: the explanation covers the key evidence needed to justify the answer.

Return JSON with exactly these keys:
{
  ""correctness"": <integer 1-5>,
  ""faithfulness"": <integer 1-5>,
  ""relevance"": <integer 1-5>,
  ""clarity"": <integer 1-5>,
  ""completeness"": <integer 1-5>,
  ""rationale"": ""short explanation""
}

Evaluate this Task 2 explanation.

val_id: 940
img_id: clb0lbx06dq3w086u2x6haz0k
question: Are there any green or black box artifacts present?
reference_answer_if_available: 
predicted_answer: No evidence of box artifacts observed
confidence_score: 0.7779
textual_explanation: The CATA-Final model predicts ""No evidence of box artifacts observed"". The newly generated visual explanation highlights morphology/TDA structural support, color and mucosal-texture support, a relatively focal heatmap region. Targeted self-probes for this color question produced mixed support: multiple colors including pink, red, and white; mucosal erythema present; Multiple color changes including pink, red, white, and yellow are present.. Because these probes do not fully agree with the primary answer, the explanation is treated cautiously. Overall support is mixed; the reliability score combines morphology/TDA saliency, heatmap concentration, color/texture support, artifact burden, answer specificity, and self-probe agreement. The original question was: Are there any green or black box artifacts present?. This explanation is intended for clinician review and should be interpreted alongside the image rather than as a standalone diagnosis.
visual_explanation_summary:
- type=heatmap; path=visuals/0940_heatmap.png; description=Fresh CATA-Final / D1 heatmap combining morphology/TDA saliency, color/edge evidence, and artifact suppression.
- type=evidence_json; path=visuals/0940_evidence.json; description=Structured visual evidence and confidence inputs used by the explanation generator.

Remember: return strict JSON only."
187,946,clb0kvxvv919w074yfggu7prs,Is there any visible instrument in the image?,No instruments are visible,"Score each criterion from 1 to 5:
1 = poor, 2 = weak, 3 = acceptable, 4 = good, 5 = excellent.

Criteria:
- correctness: the answer and explanation are consistent with the question and available reference information.
- faithfulness: the explanation supports the predicted answer without inventing unsupported claims.
- relevance: the explanation focuses on visual/question evidence that matters for the answer.
- clarity: the explanation is readable, concise, and clinically understandable.
- completeness: the explanation covers the key evidence needed to justify the answer.

Return JSON with exactly these keys:
{
  ""correctness"": <integer 1-5>,
  ""faithfulness"": <integer 1-5>,
  ""relevance"": <integer 1-5>,
  ""clarity"": <integer 1-5>,
  ""completeness"": <integer 1-5>,
  ""rationale"": ""short explanation""
}

Evaluate this Task 2 explanation.

val_id: 946
img_id: clb0kvxvv919w074yfggu7prs
question: Is there any visible instrument in the image?
reference_answer_if_available: 
predicted_answer: No instruments are visible
confidence_score: 0.8386
textual_explanation: The CATA-Final model predicts ""No instruments are visible"". The newly generated visual explanation highlights morphology/TDA structural support, color and mucosal-texture support, a relatively focal heatmap region, possible specular artifact burden. Targeted self-probes for this instrument question supported the primary answer: No foreign bodies or instruments observed; No instruments are visible in the image; No surgical instruments visualized. Overall support is moderate; the reliability score combines morphology/TDA saliency, heatmap concentration, color/texture support, artifact burden, answer specificity, and self-probe agreement. The original question was: Is there any visible instrument in the image?. This explanation is intended for clinician review and should be interpreted alongside the image rather than as a standalone diagnosis.
visual_explanation_summary:
- type=heatmap; path=visuals/0946_heatmap.png; description=Fresh CATA-Final / D1 heatmap combining morphology/TDA saliency, color/edge evidence, and artifact suppression.
- type=evidence_json; path=visuals/0946_evidence.json; description=Structured visual evidence and confidence inputs used by the explanation generator.

Remember: return strict JSON only."
188,947,cla820glps4sr071u1o199ajk,Are there any abnormalities visible in the image?,evidence of ulcerative colitis involvement,"Score each criterion from 1 to 5:
1 = poor, 2 = weak, 3 = acceptable, 4 = good, 5 = excellent.

Criteria:
- correctness: the answer and explanation are consistent with the question and available reference information.
- faithfulness: the explanation supports the predicted answer without inventing unsupported claims.
- relevance: the explanation focuses on visual/question evidence that matters for the answer.
- clarity: the explanation is readable, concise, and clinically understandable.
- completeness: the explanation covers the key evidence needed to justify the answer.

Return JSON with exactly these keys:
{
  ""correctness"": <integer 1-5>,
  ""faithfulness"": <integer 1-5>,
  ""relevance"": <integer 1-5>,
  ""clarity"": <integer 1-5>,
  ""completeness"": <integer 1-5>,
  ""rationale"": ""short explanation""
}

Evaluate this Task 2 explanation.

val_id: 947
img_id: cla820glps4sr071u1o199ajk
question: Are there any abnormalities visible in the image?
reference_answer_if_available: 
predicted_answer: evidence of ulcerative colitis involvement
confidence_score: 0.8119
textual_explanation: The CATA-Final model predicts ""evidence of ulcerative colitis involvement"". The newly generated visual explanation highlights morphology/TDA structural support, color and mucosal-texture support, a relatively focal heatmap region. Targeted self-probes for this lesion question produced mixed support: No polypoid lesion identified, with no evidence of ulcerative colitis; No polyp identified with no central or peripheral involvement; evidence of inflammatory changes consistent with ulcerative colitis. Because these probes do not fully agree with the primary answer, the explanation is treated cautiously. Overall support is mixed; the reliability score combines morphology/TDA saliency, heatmap concentration, color/texture support, artifact burden, answer specificity, and self-probe agreement. The original question was: Are there any abnormalities visible in the image?. This explanation is intended for clinician review and should be interpreted alongside the image rather than as a standalone diagnosis.
visual_explanation_summary:
- type=heatmap; path=visuals/0947_heatmap.png; description=Fresh CATA-Final / D1 heatmap combining morphology/TDA saliency, color/edge evidence, and artifact suppression.
- type=evidence_json; path=visuals/0947_evidence.json; description=Structured visual evidence and confidence inputs used by the explanation generator.

Remember: return strict JSON only."
189,956,clb0lbwyedo34086uhr2ngihn,How many surgical instruments are visible in the image?,One surgical instrument present,"Score each criterion from 1 to 5:
1 = poor, 2 = weak, 3 = acceptable, 4 = good, 5 = excellent.

Criteria:
- correctness: the answer and explanation are consistent with the question and available reference information.
- faithfulness: the explanation supports the predicted answer without inventing unsupported claims.
- relevance: the explanation focuses on visual/question evidence that matters for the answer.
- clarity: the explanation is readable, concise, and clinically understandable.
- completeness: the explanation covers the key evidence needed to justify the answer.

Return JSON with exactly these keys:
{
  ""correctness"": <integer 1-5>,
  ""faithfulness"": <integer 1-5>,
  ""relevance"": <integer 1-5>,
  ""clarity"": <integer 1-5>,
  ""completeness"": <integer 1-5>,
  ""rationale"": ""short explanation""
}

Evaluate this Task 2 explanation.

val_id: 956
img_id: clb0lbwyedo34086uhr2ngihn
question: How many surgical instruments are visible in the image?
reference_answer_if_available: 
predicted_answer: One surgical instrument present
confidence_score: 0.95
textual_explanation: The CATA-Final model predicts ""One surgical instrument present"". The newly generated visual explanation highlights morphology/TDA structural support, color and mucosal-texture support, a relatively focal heatmap region. Targeted self-probes for this instrument question supported the primary answer: tube visible in the abdominal region; in multiple regions including center, upper-left, and lower-center; No surgical instruments visualized. Overall support is moderate; the reliability score combines morphology/TDA saliency, heatmap concentration, color/texture support, artifact burden, answer specificity, and self-probe agreement. The original question was: How many surgical instruments are visible in the image?. This explanation is intended for clinician review and should be interpreted alongside the image rather than as a standalone diagnosis.
visual_explanation_summary:
- type=heatmap; path=visuals/0956_heatmap.png; description=Fresh CATA-Final / D1 heatmap combining morphology/TDA saliency, color/edge evidence, and artifact suppression.
- type=evidence_json; path=visuals/0956_evidence.json; description=Structured visual evidence and confidence inputs used by the explanation generator.

Remember: return strict JSON only."
190,958,clb0kvxun8zko074y606k6otj,What colors are observed in the abnormal areas?,"multiple areas showing pink, red, and white discoloration","Score each criterion from 1 to 5:
1 = poor, 2 = weak, 3 = acceptable, 4 = good, 5 = excellent.

Criteria:
- correctness: the answer and explanation are consistent with the question and available reference information.
- faithfulness: the explanation supports the predicted answer without inventing unsupported claims.
- relevance: the explanation focuses on visual/question evidence that matters for the answer.
- clarity: the explanation is readable, concise, and clinically understandable.
- completeness: the explanation covers the key evidence needed to justify the answer.

Return JSON with exactly these keys:
{
  ""correctness"": <integer 1-5>,
  ""faithfulness"": <integer 1-5>,
  ""relevance"": <integer 1-5>,
  ""clarity"": <integer 1-5>,
  ""completeness"": <integer 1-5>,
  ""rationale"": ""short explanation""
}

Evaluate this Task 2 explanation.

val_id: 958
img_id: clb0kvxun8zko074y606k6otj
question: What colors are observed in the abnormal areas?
reference_answer_if_available: 
predicted_answer: multiple areas showing pink, red, and white discoloration
confidence_score: 0.7558
textual_explanation: The CATA-Final model predicts ""multiple areas showing pink, red, and white discoloration"". The newly generated visual explanation highlights morphology/TDA structural support, color and mucosal-texture support, diffuse heatmap evidence, possible specular artifact burden. Targeted self-probes for this color question supported the primary answer: multiple colors including pink, red, and white; mucosal erythema present; Multiple color changes including pink, red, and white noted. Overall support is moderate; the reliability score combines morphology/TDA saliency, heatmap concentration, color/texture support, artifact burden, answer specificity, and self-probe agreement. The original question was: What colors are observed in the abnormal areas?. This explanation is intended for clinician review and should be interpreted alongside the image rather than as a standalone diagnosis.
visual_explanation_summary:
- type=heatmap; path=visuals/0958_heatmap.png; description=Fresh CATA-Final / D1 heatmap combining morphology/TDA saliency, color/edge evidence, and artifact suppression.
- type=evidence_json; path=visuals/0958_evidence.json; description=Structured visual evidence and confidence inputs used by the explanation generator.

Remember: return strict JSON only."
191,968,clb0kvxw291j0074yeg5mevh5,What procedure is depicted in the image?,gastroscopic examination of the stomach,"Score each criterion from 1 to 5:
1 = poor, 2 = weak, 3 = acceptable, 4 = good, 5 = excellent.

Criteria:
- correctness: the answer and explanation are consistent with the question and available reference information.
- faithfulness: the explanation supports the predicted answer without inventing unsupported claims.
- relevance: the explanation focuses on visual/question evidence that matters for the answer.
- clarity: the explanation is readable, concise, and clinically understandable.
- completeness: the explanation covers the key evidence needed to justify the answer.

Return JSON with exactly these keys:
{
  ""correctness"": <integer 1-5>,
  ""faithfulness"": <integer 1-5>,
  ""relevance"": <integer 1-5>,
  ""clarity"": <integer 1-5>,
  ""completeness"": <integer 1-5>,
  ""rationale"": ""short explanation""
}

Evaluate this Task 2 explanation.

val_id: 968
img_id: clb0kvxw291j0074yeg5mevh5
question: What procedure is depicted in the image?
reference_answer_if_available: 
predicted_answer: gastroscopic examination of the stomach
confidence_score: 0.8082
textual_explanation: The CATA-Final model predicts ""gastroscopic examination of the stomach"". The newly generated visual explanation highlights morphology/TDA structural support, color and mucosal-texture support, a relatively focal heatmap region, possible specular artifact burden. Targeted self-probes for this procedure question supported the primary answer: Evidence of gastroscopy with z-line visualization; evidence of esophageal mucosal changes; No artifacts or overlays are present in the image.. Overall support is moderate; the reliability score combines morphology/TDA saliency, heatmap concentration, color/texture support, artifact burden, answer specificity, and self-probe agreement. The original question was: What procedure is depicted in the image?. This explanation is intended for clinician review and should be interpreted alongside the image rather than as a standalone diagnosis.
visual_explanation_summary:
- type=heatmap; path=visuals/0968_heatmap.png; description=Fresh CATA-Final / D1 heatmap combining morphology/TDA saliency, color/edge evidence, and artifact suppression.
- type=evidence_json; path=visuals/0968_evidence.json; description=Structured visual evidence and confidence inputs used by the explanation generator.

Remember: return strict JSON only."
192,973,clb0kvxwn92fw074yg1ou05ok,Are there any polyps present in the image?,No polyps observed,"Score each criterion from 1 to 5:
1 = poor, 2 = weak, 3 = acceptable, 4 = good, 5 = excellent.

Criteria:
- correctness: the answer and explanation are consistent with the question and available reference information.
- faithfulness: the explanation supports the predicted answer without inventing unsupported claims.
- relevance: the explanation focuses on visual/question evidence that matters for the answer.
- clarity: the explanation is readable, concise, and clinically understandable.
- completeness: the explanation covers the key evidence needed to justify the answer.

Return JSON with exactly these keys:
{
  ""correctness"": <integer 1-5>,
  ""faithfulness"": <integer 1-5>,
  ""relevance"": <integer 1-5>,
  ""clarity"": <integer 1-5>,
  ""completeness"": <integer 1-5>,
  ""rationale"": ""short explanation""
}

Evaluate this Task 2 explanation.

val_id: 973
img_id: clb0kvxwn92fw074yg1ou05ok
question: Are there any polyps present in the image?
reference_answer_if_available: 
predicted_answer: No polyps observed
confidence_score: 0.5397
textual_explanation: The CATA-Final model predicts ""No polyps observed"". The newly generated visual explanation highlights morphology/TDA structural support, color and mucosal-texture support, a relatively focal heatmap region, possible specular artifact burden. Targeted self-probes for this lesion question produced mixed support: No polypoid lesion identified, with no evidence of abnormal mucosa; No polyp identified with no central or upper-lateral concentration; evidence of esophageal inflammation. Because these probes do not fully agree with the primary answer, the explanation is treated cautiously. Overall support is mixed; the reliability score combines morphology/TDA saliency, heatmap concentration, color/texture support, artifact burden, answer specificity, and self-probe agreement. The original question was: Are there any polyps present in the image?. This explanation is intended for clinician review and should be interpreted alongside the image rather than as a standalone diagnosis.
visual_explanation_summary:
- type=heatmap; path=visuals/0973_heatmap.png; description=Fresh CATA-Final / D1 heatmap combining morphology/TDA saliency, color/edge evidence, and artifact suppression.
- type=evidence_json; path=visuals/0973_evidence.json; description=Structured visual evidence and confidence inputs used by the explanation generator.

Remember: return strict JSON only."
193,976,cl8k2u1rk1gan08322ok384ec,Are there any green or black box artifacts present?,No evidence of box artifacts observed,"Score each criterion from 1 to 5:
1 = poor, 2 = weak, 3 = acceptable, 4 = good, 5 = excellent.

Criteria:
- correctness: the answer and explanation are consistent with the question and available reference information.
- faithfulness: the explanation supports the predicted answer without inventing unsupported claims.
- relevance: the explanation focuses on visual/question evidence that matters for the answer.
- clarity: the explanation is readable, concise, and clinically understandable.
- completeness: the explanation covers the key evidence needed to justify the answer.

Return JSON with exactly these keys:
{
  ""correctness"": <integer 1-5>,
  ""faithfulness"": <integer 1-5>,
  ""relevance"": <integer 1-5>,
  ""clarity"": <integer 1-5>,
  ""completeness"": <integer 1-5>,
  ""rationale"": ""short explanation""
}

Evaluate this Task 2 explanation.

val_id: 976
img_id: cl8k2u1rk1gan08322ok384ec
question: Are there any green or black box artifacts present?
reference_answer_if_available: 
predicted_answer: No evidence of box artifacts observed
confidence_score: 0.6817
textual_explanation: The CATA-Final model predicts ""No evidence of box artifacts observed"". The newly generated visual explanation highlights morphology/TDA structural support, color and mucosal-texture support, a relatively focal heatmap region, possible specular artifact burden. Targeted self-probes for this color question produced mixed support: red and pink discoloration noted; mucosal erythema noted; Multiple color changes including pink, red, white, and yellow are present.. Because these probes do not fully agree with the primary answer, the explanation is treated cautiously. Overall support is mixed; the reliability score combines morphology/TDA saliency, heatmap concentration, color/texture support, artifact burden, answer specificity, and self-probe agreement. The original question was: Are there any green or black box artifacts present?. This explanation is intended for clinician review and should be interpreted alongside the image rather than as a standalone diagnosis.
visual_explanation_summary:
- type=heatmap; path=visuals/0976_heatmap.png; description=Fresh CATA-Final / D1 heatmap combining morphology/TDA saliency, color/edge evidence, and artifact suppression.
- type=evidence_json; path=visuals/0976_evidence.json; description=Structured visual evidence and confidence inputs used by the explanation generator.

Remember: return strict JSON only."
194,985,cl8k2u1rp1giv0832eo3o2ax1,How many polyps are present in the gastrointestinal tract shown?,one polyp identified,"Score each criterion from 1 to 5:
1 = poor, 2 = weak, 3 = acceptable, 4 = good, 5 = excellent.

Criteria:
- correctness: the answer and explanation are consistent with the question and available reference information.
- faithfulness: the explanation supports the predicted answer without inventing unsupported claims.
- relevance: the explanation focuses on visual/question evidence that matters for the answer.
- clarity: the explanation is readable, concise, and clinically understandable.
- completeness: the explanation covers the key evidence needed to justify the answer.

Return JSON with exactly these keys:
{
  ""correctness"": <integer 1-5>,
  ""faithfulness"": <integer 1-5>,
  ""relevance"": <integer 1-5>,
  ""clarity"": <integer 1-5>,
  ""completeness"": <integer 1-5>,
  ""rationale"": ""short explanation""
}

Evaluate this Task 2 explanation.

val_id: 985
img_id: cl8k2u1rp1giv0832eo3o2ax1
question: How many polyps are present in the gastrointestinal tract shown?
reference_answer_if_available: 
predicted_answer: one polyp identified
confidence_score: 0.9124
textual_explanation: The CATA-Final model predicts ""one polyp identified"". The newly generated visual explanation highlights morphology/TDA structural support, color and mucosal-texture support, a relatively focal heatmap region. Targeted self-probes for this count question supported the primary answer: one abnormal finding present; One abnormal finding noted; No abnormal findings noted. Overall support is moderate; the reliability score combines morphology/TDA saliency, heatmap concentration, color/texture support, artifact burden, answer specificity, and self-probe agreement. The original question was: How many polyps are present in the gastrointestinal tract shown?. This explanation is intended for clinician review and should be interpreted alongside the image rather than as a standalone diagnosis.
visual_explanation_summary:
- type=heatmap; path=visuals/0985_heatmap.png; description=Fresh CATA-Final / D1 heatmap combining morphology/TDA saliency, color/edge evidence, and artifact suppression.
- type=evidence_json; path=visuals/0985_evidence.json; description=Structured visual evidence and confidence inputs used by the explanation generator.

Remember: return strict JSON only."
195,994,cl8k2u1r71fp70832d4ux5yk7,What type of colonic polyp is seen?,evidence of paris-type polyp,"Score each criterion from 1 to 5:
1 = poor, 2 = weak, 3 = acceptable, 4 = good, 5 = excellent.

Criteria:
- correctness: the answer and explanation are consistent with the question and available reference information.
- faithfulness: the explanation supports the predicted answer without inventing unsupported claims.
- relevance: the explanation focuses on visual/question evidence that matters for the answer.
- clarity: the explanation is readable, concise, and clinically understandable.
- completeness: the explanation covers the key evidence needed to justify the answer.

Return JSON with exactly these keys:
{
  ""correctness"": <integer 1-5>,
  ""faithfulness"": <integer 1-5>,
  ""relevance"": <integer 1-5>,
  ""clarity"": <integer 1-5>,
  ""completeness"": <integer 1-5>,
  ""rationale"": ""short explanation""
}

Evaluate this Task 2 explanation.

val_id: 994
img_id: cl8k2u1r71fp70832d4ux5yk7
question: What type of colonic polyp is seen?
reference_answer_if_available: 
predicted_answer: evidence of paris-type polyp
confidence_score: 0.9276
textual_explanation: The CATA-Final model predicts ""evidence of paris-type polyp"". The newly generated visual explanation highlights morphology/TDA structural support, color and mucosal-texture support, a relatively focal heatmap region, possible specular artifact burden. Targeted self-probes for this lesion question supported the primary answer: presence of a polypoid lesion detected; The lesion exhibits a polypoid morphology and is distributed across multiple central and lower regions.; evidence of mucosal polypoid lesion. Overall support is moderate; the reliability score combines morphology/TDA saliency, heatmap concentration, color/texture support, artifact burden, answer specificity, and self-probe agreement. The original question was: What type of colonic polyp is seen?. This explanation is intended for clinician review and should be interpreted alongside the image rather than as a standalone diagnosis.
visual_explanation_summary:
- type=heatmap; path=visuals/0994_heatmap.png; description=Fresh CATA-Final / D1 heatmap combining morphology/TDA saliency, color/edge evidence, and artifact suppression.
- type=evidence_json; path=visuals/0994_evidence.json; description=Structured visual evidence and confidence inputs used by the explanation generator.

Remember: return strict JSON only."
196,995,cla820glhs4g7071ud1217l9u,Are there any surgical instruments visible in the image?,No surgical instruments observed,"Score each criterion from 1 to 5:
1 = poor, 2 = weak, 3 = acceptable, 4 = good, 5 = excellent.

Criteria:
- correctness: the answer and explanation are consistent with the question and available reference information.
- faithfulness: the explanation supports the predicted answer without inventing unsupported claims.
- relevance: the explanation focuses on visual/question evidence that matters for the answer.
- clarity: the explanation is readable, concise, and clinically understandable.
- completeness: the explanation covers the key evidence needed to justify the answer.

Return JSON with exactly these keys:
{
  ""correctness"": <integer 1-5>,
  ""faithfulness"": <integer 1-5>,
  ""relevance"": <integer 1-5>,
  ""clarity"": <integer 1-5>,
  ""completeness"": <integer 1-5>,
  ""rationale"": ""short explanation""
}

Evaluate this Task 2 explanation.

val_id: 995
img_id: cla820glhs4g7071ud1217l9u
question: Are there any surgical instruments visible in the image?
reference_answer_if_available: 
predicted_answer: No surgical instruments observed
confidence_score: 0.95
textual_explanation: The CATA-Final model predicts ""No surgical instruments observed"". The newly generated visual explanation highlights morphology/TDA structural support, color and mucosal-texture support, a relatively focal heatmap region. Targeted self-probes for this instrument question supported the primary answer: No foreign bodies or instruments observed; No instruments are visible in the image; No surgical instruments visualized. Overall support is moderate; the reliability score combines morphology/TDA saliency, heatmap concentration, color/texture support, artifact burden, answer specificity, and self-probe agreement. The original question was: Are there any surgical instruments visible in the image?. This explanation is intended for clinician review and should be interpreted alongside the image rather than as a standalone diagnosis.
visual_explanation_summary:
- type=heatmap; path=visuals/0995_heatmap.png; description=Fresh CATA-Final / D1 heatmap combining morphology/TDA saliency, color/edge evidence, and artifact suppression.
- type=evidence_json; path=visuals/0995_evidence.json; description=Structured visual evidence and confidence inputs used by the explanation generator.

Remember: return strict JSON only."
197,996,cla820gl3s3s3071ugtjy06xj,What type of polyp is observed in the gastrointestinal tract?,no polypoid lesions identified,"Score each criterion from 1 to 5:
1 = poor, 2 = weak, 3 = acceptable, 4 = good, 5 = excellent.

Criteria:
- correctness: the answer and explanation are consistent with the question and available reference information.
- faithfulness: the explanation supports the predicted answer without inventing unsupported claims.
- relevance: the explanation focuses on visual/question evidence that matters for the answer.
- clarity: the explanation is readable, concise, and clinically understandable.
- completeness: the explanation covers the key evidence needed to justify the answer.

Return JSON with exactly these keys:
{
  ""correctness"": <integer 1-5>,
  ""faithfulness"": <integer 1-5>,
  ""relevance"": <integer 1-5>,
  ""clarity"": <integer 1-5>,
  ""completeness"": <integer 1-5>,
  ""rationale"": ""short explanation""
}

Evaluate this Task 2 explanation.

val_id: 996
img_id: cla820gl3s3s3071ugtjy06xj
question: What type of polyp is observed in the gastrointestinal tract?
reference_answer_if_available: 
predicted_answer: no polypoid lesions identified
confidence_score: 0.6801
textual_explanation: The CATA-Final model predicts ""no polypoid lesions identified"". The newly generated visual explanation highlights morphology/TDA structural support, color and mucosal-texture support, a relatively focal heatmap region. Targeted self-probes for this lesion question produced mixed support: No polypoid lesion identified, with no evidence of mucosal abnormalities; No polyp identified with no central or upper-lower region involvement.; evidence of inflammatory changes consistent with ulcerative colitis. Because these probes do not fully agree with the primary answer, the explanation is treated cautiously. Overall support is mixed; the reliability score combines morphology/TDA saliency, heatmap concentration, color/texture support, artifact burden, answer specificity, and self-probe agreement. The original question was: What type of polyp is observed in the gastrointestinal tract?. This explanation is intended for clinician review and should be interpreted alongside the image rather than as a standalone diagnosis.
visual_explanation_summary:
- type=heatmap; path=visuals/0996_heatmap.png; description=Fresh CATA-Final / D1 heatmap combining morphology/TDA saliency, color/edge evidence, and artifact suppression.
- type=evidence_json; path=visuals/0996_evidence.json; description=Structured visual evidence and confidence inputs used by the explanation generator.

Remember: return strict JSON only."
198,1000,clb0kvxwa91vw074ygv4c6gnb,Which area of the image contains the anatomical landmark?,located in the central and upper-central regions,"Score each criterion from 1 to 5:
1 = poor, 2 = weak, 3 = acceptable, 4 = good, 5 = excellent.

Criteria:
- correctness: the answer and explanation are consistent with the question and available reference information.
- faithfulness: the explanation supports the predicted answer without inventing unsupported claims.
- relevance: the explanation focuses on visual/question evidence that matters for the answer.
- clarity: the explanation is readable, concise, and clinically understandable.
- completeness: the explanation covers the key evidence needed to justify the answer.

Return JSON with exactly these keys:
{
  ""correctness"": <integer 1-5>,
  ""faithfulness"": <integer 1-5>,
  ""relevance"": <integer 1-5>,
  ""clarity"": <integer 1-5>,
  ""completeness"": <integer 1-5>,
  ""rationale"": ""short explanation""
}

Evaluate this Task 2 explanation.

val_id: 1000
img_id: clb0kvxwa91vw074ygv4c6gnb
question: Which area of the image contains the anatomical landmark?
reference_answer_if_available: 
predicted_answer: located in the central and upper-central regions
confidence_score: 0.7914
textual_explanation: The CATA-Final model predicts ""located in the central and upper-central regions"". The newly generated visual explanation highlights morphology/TDA structural support, color and mucosal-texture support, a relatively focal heatmap region, possible specular artifact burden. Targeted self-probes for this generic question supported the primary answer: evidence of esophageal inflammation; No evidence of imaging artifacts present; evidence distributed across multiple regions. Overall support is moderate; the reliability score combines morphology/TDA saliency, heatmap concentration, color/texture support, artifact burden, answer specificity, and self-probe agreement. The original question was: Which area of the image contains the anatomical landmark?. This explanation is intended for clinician review and should be interpreted alongside the image rather than as a standalone diagnosis.
visual_explanation_summary:
- type=heatmap; path=visuals/1000_heatmap.png; description=Fresh CATA-Final / D1 heatmap combining morphology/TDA saliency, color/edge evidence, and artifact suppression.
- type=evidence_json; path=visuals/1000_evidence.json; description=Structured visual evidence and confidence inputs used by the explanation generator.

Remember: return strict JSON only."
199,1010,cl8k2u1qb1en308327234ecbo,Is there any textual information present?,Textual information is visible,"Score each criterion from 1 to 5:
1 = poor, 2 = weak, 3 = acceptable, 4 = good, 5 = excellent.

Criteria:
- correctness: the answer and explanation are consistent with the question and available reference information.
- faithfulness: the explanation supports the predicted answer without inventing unsupported claims.
- relevance: the explanation focuses on visual/question evidence that matters for the answer.
- clarity: the explanation is readable, concise, and clinically understandable.
- completeness: the explanation covers the key evidence needed to justify the answer.

Return JSON with exactly these keys:
{
  ""correctness"": <integer 1-5>,
  ""faithfulness"": <integer 1-5>,
  ""relevance"": <integer 1-5>,
  ""clarity"": <integer 1-5>,
  ""completeness"": <integer 1-5>,
  ""rationale"": ""short explanation""
}

Evaluate this Task 2 explanation.

val_id: 1010
img_id: cl8k2u1qb1en308327234ecbo
question: Is there any textual information present?
reference_answer_if_available: 
predicted_answer: Textual information is visible
confidence_score: 0.95
textual_explanation: The CATA-Final model predicts ""Textual information is visible"". The newly generated visual explanation highlights morphology/TDA structural support, color and mucosal-texture support, a relatively focal heatmap region. Targeted self-probes for this visible_text question supported the primary answer: No text or label observed; text observed in upper-right and center-left regions; text is present on the image. Overall support is moderate; the reliability score combines morphology/TDA saliency, heatmap concentration, color/texture support, artifact burden, answer specificity, and self-probe agreement. The original question was: Is there any textual information present?. This explanation is intended for clinician review and should be interpreted alongside the image rather than as a standalone diagnosis.
visual_explanation_summary:
- type=heatmap; path=visuals/1010_heatmap.png; description=Fresh CATA-Final / D1 heatmap combining morphology/TDA saliency, color/edge evidence, and artifact suppression.
- type=evidence_json; path=visuals/1010_evidence.json; description=Structured visual evidence and confidence inputs used by the explanation generator.

Remember: return strict JSON only."
200,1022,cl8k2u1qg1eu70832bucwbqvd,Have all detected polyps been completely excised?,some polyps remain in situ,"Score each criterion from 1 to 5:
1 = poor, 2 = weak, 3 = acceptable, 4 = good, 5 = excellent.

Criteria:
- correctness: the answer and explanation are consistent with the question and available reference information.
- faithfulness: the explanation supports the predicted answer without inventing unsupported claims.
- relevance: the explanation focuses on visual/question evidence that matters for the answer.
- clarity: the explanation is readable, concise, and clinically understandable.
- completeness: the explanation covers the key evidence needed to justify the answer.

Return JSON with exactly these keys:
{
  ""correctness"": <integer 1-5>,
  ""faithfulness"": <integer 1-5>,
  ""relevance"": <integer 1-5>,
  ""clarity"": <integer 1-5>,
  ""completeness"": <integer 1-5>,
  ""rationale"": ""short explanation""
}

Evaluate this Task 2 explanation.

val_id: 1022
img_id: cl8k2u1qg1eu70832bucwbqvd
question: Have all detected polyps been completely excised?
reference_answer_if_available: 
predicted_answer: some polyps remain in situ
confidence_score: 0.8353
textual_explanation: The CATA-Final model predicts ""some polyps remain in situ"". The newly generated visual explanation highlights morphology/TDA structural support, color and mucosal-texture support, diffuse heatmap evidence. Targeted self-probes for this lesion question supported the primary answer: Findings suggest presence of a polypoid lesion; The lesion exhibits a polypoid appearance and is distributed in the central, upper-right, lower-center, and lower-left regions.; evidence of mucosal polypoid lesion. Overall support is moderate; the reliability score combines morphology/TDA saliency, heatmap concentration, color/texture support, artifact burden, answer specificity, and self-probe agreement. The original question was: Have all detected polyps been completely excised?. This explanation is intended for clinician review and should be interpreted alongside the image rather than as a standalone diagnosis.
visual_explanation_summary:
- type=heatmap; path=visuals/1022_heatmap.png; description=Fresh CATA-Final / D1 heatmap combining morphology/TDA saliency, color/edge evidence, and artifact suppression.
- type=evidence_json; path=visuals/1022_evidence.json; description=Structured visual evidence and confidence inputs used by the explanation generator.

Remember: return strict JSON only."
201,1025,clb0kvxvk90v4074y5fhwe7kg,Which procedure is depicted in this image?,gastroscopic examination of the stomach,"Score each criterion from 1 to 5:
1 = poor, 2 = weak, 3 = acceptable, 4 = good, 5 = excellent.

Criteria:
- correctness: the answer and explanation are consistent with the question and available reference information.
- faithfulness: the explanation supports the predicted answer without inventing unsupported claims.
- relevance: the explanation focuses on visual/question evidence that matters for the answer.
- clarity: the explanation is readable, concise, and clinically understandable.
- completeness: the explanation covers the key evidence needed to justify the answer.

Return JSON with exactly these keys:
{
  ""correctness"": <integer 1-5>,
  ""faithfulness"": <integer 1-5>,
  ""relevance"": <integer 1-5>,
  ""clarity"": <integer 1-5>,
  ""completeness"": <integer 1-5>,
  ""rationale"": ""short explanation""
}

Evaluate this Task 2 explanation.

val_id: 1025
img_id: clb0kvxvk90v4074y5fhwe7kg
question: Which procedure is depicted in this image?
reference_answer_if_available: 
predicted_answer: gastroscopic examination of the stomach
confidence_score: 0.75
textual_explanation: The CATA-Final model predicts ""gastroscopic examination of the stomach"". The newly generated visual explanation highlights morphology/TDA structural support, color and mucosal-texture support, a relatively focal heatmap region, possible specular artifact burden. Targeted self-probes for this procedure question supported the primary answer: Evidence of gastroscopy with z-line visualization; evidence of esophageal mucosal changes; No artifacts or overlays are present in the image.. Overall support is moderate; the reliability score combines morphology/TDA saliency, heatmap concentration, color/texture support, artifact burden, answer specificity, and self-probe agreement. The original question was: Which procedure is depicted in this image?. This explanation is intended for clinician review and should be interpreted alongside the image rather than as a standalone diagnosis.
visual_explanation_summary:
- type=heatmap; path=visuals/1025_heatmap.png; description=Fresh CATA-Final / D1 heatmap combining morphology/TDA saliency, color/edge evidence, and artifact suppression.
- type=evidence_json; path=visuals/1025_evidence.json; description=Structured visual evidence and confidence inputs used by the explanation generator.

Remember: return strict JSON only."
202,1029,cl8k2u1qe1erz083248dea2ra,How many polyps are visible in the image?,one polyp identified,"Score each criterion from 1 to 5:
1 = poor, 2 = weak, 3 = acceptable, 4 = good, 5 = excellent.

Criteria:
- correctness: the answer and explanation are consistent with the question and available reference information.
- faithfulness: the explanation supports the predicted answer without inventing unsupported claims.
- relevance: the explanation focuses on visual/question evidence that matters for the answer.
- clarity: the explanation is readable, concise, and clinically understandable.
- completeness: the explanation covers the key evidence needed to justify the answer.

Return JSON with exactly these keys:
{
  ""correctness"": <integer 1-5>,
  ""faithfulness"": <integer 1-5>,
  ""relevance"": <integer 1-5>,
  ""clarity"": <integer 1-5>,
  ""completeness"": <integer 1-5>,
  ""rationale"": ""short explanation""
}

Evaluate this Task 2 explanation.

val_id: 1029
img_id: cl8k2u1qe1erz083248dea2ra
question: How many polyps are visible in the image?
reference_answer_if_available: 
predicted_answer: one polyp identified
confidence_score: 0.95
textual_explanation: The CATA-Final model predicts ""one polyp identified"". The newly generated visual explanation highlights morphology/TDA structural support, color and mucosal-texture support, a relatively focal heatmap region. Targeted self-probes for this count question supported the primary answer: one abnormal finding present; One abnormal finding noted; No abnormal findings observed. Overall support is moderate; the reliability score combines morphology/TDA saliency, heatmap concentration, color/texture support, artifact burden, answer specificity, and self-probe agreement. The original question was: How many polyps are visible in the image?. This explanation is intended for clinician review and should be interpreted alongside the image rather than as a standalone diagnosis.
visual_explanation_summary:
- type=heatmap; path=visuals/1029_heatmap.png; description=Fresh CATA-Final / D1 heatmap combining morphology/TDA saliency, color/edge evidence, and artifact suppression.
- type=evidence_json; path=visuals/1029_evidence.json; description=Structured visual evidence and confidence inputs used by the explanation generator.

Remember: return strict JSON only."
203,1034,clb0kvxwb91y8074y19xrgfm8,What procedure is depicted in the image?,gastroscopic examination of the stomach,"Score each criterion from 1 to 5:
1 = poor, 2 = weak, 3 = acceptable, 4 = good, 5 = excellent.

Criteria:
- correctness: the answer and explanation are consistent with the question and available reference information.
- faithfulness: the explanation supports the predicted answer without inventing unsupported claims.
- relevance: the explanation focuses on visual/question evidence that matters for the answer.
- clarity: the explanation is readable, concise, and clinically understandable.
- completeness: the explanation covers the key evidence needed to justify the answer.

Return JSON with exactly these keys:
{
  ""correctness"": <integer 1-5>,
  ""faithfulness"": <integer 1-5>,
  ""relevance"": <integer 1-5>,
  ""clarity"": <integer 1-5>,
  ""completeness"": <integer 1-5>,
  ""rationale"": ""short explanation""
}

Evaluate this Task 2 explanation.

val_id: 1034
img_id: clb0kvxwb91y8074y19xrgfm8
question: What procedure is depicted in the image?
reference_answer_if_available: 
predicted_answer: gastroscopic examination of the stomach
confidence_score: 0.8408
textual_explanation: The CATA-Final model predicts ""gastroscopic examination of the stomach"". The newly generated visual explanation highlights morphology/TDA structural support, color and mucosal-texture support, a relatively focal heatmap region, possible specular artifact burden. Targeted self-probes for this procedure question supported the primary answer: Evidence of gastroscopy with z-line visualization; evidence of esophageal mucosal changes; No artifacts or overlays are present in the image.. Overall support is moderate; the reliability score combines morphology/TDA saliency, heatmap concentration, color/texture support, artifact burden, answer specificity, and self-probe agreement. The original question was: What procedure is depicted in the image?. This explanation is intended for clinician review and should be interpreted alongside the image rather than as a standalone diagnosis.
visual_explanation_summary:
- type=heatmap; path=visuals/1034_heatmap.png; description=Fresh CATA-Final / D1 heatmap combining morphology/TDA saliency, color/edge evidence, and artifact suppression.
- type=evidence_json; path=visuals/1034_evidence.json; description=Structured visual evidence and confidence inputs used by the explanation generator.

Remember: return strict JSON only."
204,1039,cl8k2u1re1g0v083282in619d,Is there any textual information visible?,No text observed,"Score each criterion from 1 to 5:
1 = poor, 2 = weak, 3 = acceptable, 4 = good, 5 = excellent.

Criteria:
- correctness: the answer and explanation are consistent with the question and available reference information.
- faithfulness: the explanation supports the predicted answer without inventing unsupported claims.
- relevance: the explanation focuses on visual/question evidence that matters for the answer.
- clarity: the explanation is readable, concise, and clinically understandable.
- completeness: the explanation covers the key evidence needed to justify the answer.

Return JSON with exactly these keys:
{
  ""correctness"": <integer 1-5>,
  ""faithfulness"": <integer 1-5>,
  ""relevance"": <integer 1-5>,
  ""clarity"": <integer 1-5>,
  ""completeness"": <integer 1-5>,
  ""rationale"": ""short explanation""
}

Evaluate this Task 2 explanation.

val_id: 1039
img_id: cl8k2u1re1g0v083282in619d
question: Is there any textual information visible?
reference_answer_if_available: 
predicted_answer: No text observed
confidence_score: 0.7335
textual_explanation: The CATA-Final model predicts ""No text observed"". The newly generated visual explanation highlights morphology/TDA structural support, color and mucosal-texture support, a relatively focal heatmap region. Targeted self-probes for this visible_text question produced mixed support: No text or label observed; text observed in upper-right and lower-left regions; text is present on the image. Because these probes do not fully agree with the primary answer, the explanation is treated cautiously. Overall support is mixed; the reliability score combines morphology/TDA saliency, heatmap concentration, color/texture support, artifact burden, answer specificity, and self-probe agreement. The original question was: Is there any textual information visible?. This explanation is intended for clinician review and should be interpreted alongside the image rather than as a standalone diagnosis.
visual_explanation_summary:
- type=heatmap; path=visuals/1039_heatmap.png; description=Fresh CATA-Final / D1 heatmap combining morphology/TDA saliency, color/edge evidence, and artifact suppression.
- type=evidence_json; path=visuals/1039_evidence.json; description=Structured visual evidence and confidence inputs used by the explanation generator.

Remember: return strict JSON only."
205,1043,clb0kvxvh90p8074ye3avanmn,Which anatomical landmark is visible in the image?,no anatomical landmark identified,"Score each criterion from 1 to 5:
1 = poor, 2 = weak, 3 = acceptable, 4 = good, 5 = excellent.

Criteria:
- correctness: the answer and explanation are consistent with the question and available reference information.
- faithfulness: the explanation supports the predicted answer without inventing unsupported claims.
- relevance: the explanation focuses on visual/question evidence that matters for the answer.
- clarity: the explanation is readable, concise, and clinically understandable.
- completeness: the explanation covers the key evidence needed to justify the answer.

Return JSON with exactly these keys:
{
  ""correctness"": <integer 1-5>,
  ""faithfulness"": <integer 1-5>,
  ""relevance"": <integer 1-5>,
  ""clarity"": <integer 1-5>,
  ""completeness"": <integer 1-5>,
  ""rationale"": ""short explanation""
}

Evaluate this Task 2 explanation.

val_id: 1043
img_id: clb0kvxvh90p8074ye3avanmn
question: Which anatomical landmark is visible in the image?
reference_answer_if_available: 
predicted_answer: no anatomical landmark identified
confidence_score: 0.5577
textual_explanation: The CATA-Final model predicts ""no anatomical landmark identified"". The newly generated visual explanation highlights morphology/TDA structural support, color and mucosal-texture support, diffuse heatmap evidence, possible specular artifact burden. Targeted self-probes for this generic question produced mixed support: abnormal mucosal changes consistent with oesophagitis; No evidence of imaging artifacts present; evidence distributed across multiple regions. Because these probes do not fully agree with the primary answer, the explanation is treated cautiously. Overall support is mixed; the reliability score combines morphology/TDA saliency, heatmap concentration, color/texture support, artifact burden, answer specificity, and self-probe agreement. The original question was: Which anatomical landmark is visible in the image?. This explanation is intended for clinician review and should be interpreted alongside the image rather than as a standalone diagnosis.
visual_explanation_summary:
- type=heatmap; path=visuals/1043_heatmap.png; description=Fresh CATA-Final / D1 heatmap combining morphology/TDA saliency, color/edge evidence, and artifact suppression.
- type=evidence_json; path=visuals/1043_evidence.json; description=Structured visual evidence and confidence inputs used by the explanation generator.

Remember: return strict JSON only."
206,1052,cl8k2u1ro1ghb0832fsslggd7,Are there any instruments visible in the image?,No surgical instruments identified,"Score each criterion from 1 to 5:
1 = poor, 2 = weak, 3 = acceptable, 4 = good, 5 = excellent.

Criteria:
- correctness: the answer and explanation are consistent with the question and available reference information.
- faithfulness: the explanation supports the predicted answer without inventing unsupported claims.
- relevance: the explanation focuses on visual/question evidence that matters for the answer.
- clarity: the explanation is readable, concise, and clinically understandable.
- completeness: the explanation covers the key evidence needed to justify the answer.

Return JSON with exactly these keys:
{
  ""correctness"": <integer 1-5>,
  ""faithfulness"": <integer 1-5>,
  ""relevance"": <integer 1-5>,
  ""clarity"": <integer 1-5>,
  ""completeness"": <integer 1-5>,
  ""rationale"": ""short explanation""
}

Evaluate this Task 2 explanation.

val_id: 1052
img_id: cl8k2u1ro1ghb0832fsslggd7
question: Are there any instruments visible in the image?
reference_answer_if_available: 
predicted_answer: No surgical instruments identified
confidence_score: 0.6482
textual_explanation: The CATA-Final model predicts ""No surgical instruments identified"". The newly generated visual explanation highlights morphology/TDA structural support, color and mucosal-texture support, a relatively focal heatmap region, possible specular artifact burden. Targeted self-probes for this instrument question produced mixed support: No instruments observed; instruments located in lower central and right regions; No surgical instruments visualized. Because these probes do not fully agree with the primary answer, the explanation is treated cautiously. Overall support is mixed; the reliability score combines morphology/TDA saliency, heatmap concentration, color/texture support, artifact burden, answer specificity, and self-probe agreement. The original question was: Are there any instruments visible in the image?. This explanation is intended for clinician review and should be interpreted alongside the image rather than as a standalone diagnosis.
visual_explanation_summary:
- type=heatmap; path=visuals/1052_heatmap.png; description=Fresh CATA-Final / D1 heatmap combining morphology/TDA saliency, color/edge evidence, and artifact suppression.
- type=evidence_json; path=visuals/1052_evidence.json; description=Structured visual evidence and confidence inputs used by the explanation generator.

Remember: return strict JSON only."
207,1059,cl8k2u1rl1gbf08325roe4wmf,Are there any green or black box-like artifacts present?,evidence of green and black box artifacts,"Score each criterion from 1 to 5:
1 = poor, 2 = weak, 3 = acceptable, 4 = good, 5 = excellent.

Criteria:
- correctness: the answer and explanation are consistent with the question and available reference information.
- faithfulness: the explanation supports the predicted answer without inventing unsupported claims.
- relevance: the explanation focuses on visual/question evidence that matters for the answer.
- clarity: the explanation is readable, concise, and clinically understandable.
- completeness: the explanation covers the key evidence needed to justify the answer.

Return JSON with exactly these keys:
{
  ""correctness"": <integer 1-5>,
  ""faithfulness"": <integer 1-5>,
  ""relevance"": <integer 1-5>,
  ""clarity"": <integer 1-5>,
  ""completeness"": <integer 1-5>,
  ""rationale"": ""short explanation""
}

Evaluate this Task 2 explanation.

val_id: 1059
img_id: cl8k2u1rl1gbf08325roe4wmf
question: Are there any green or black box-like artifacts present?
reference_answer_if_available: 
predicted_answer: evidence of green and black box artifacts
confidence_score: 0.8951
textual_explanation: The CATA-Final model predicts ""evidence of green and black box artifacts"". The newly generated visual explanation highlights morphology/TDA structural support, color and mucosal-texture support, a relatively focal heatmap region. Targeted self-probes for this color question supported the primary answer: red and pink discoloration noted; mucosal erythema noted; Multiple color changes including pink, red, white, and yellow are present.. Overall support is moderate; the reliability score combines morphology/TDA saliency, heatmap concentration, color/texture support, artifact burden, answer specificity, and self-probe agreement. The original question was: Are there any green or black box-like artifacts present?. This explanation is intended for clinician review and should be interpreted alongside the image rather than as a standalone diagnosis.
visual_explanation_summary:
- type=heatmap; path=visuals/1059_heatmap.png; description=Fresh CATA-Final / D1 heatmap combining morphology/TDA saliency, color/edge evidence, and artifact suppression.
- type=evidence_json; path=visuals/1059_evidence.json; description=Structured visual evidence and confidence inputs used by the explanation generator.

Remember: return strict JSON only."
208,1080,cl8k2u1qw1fdv083211twc2fo,Where is the abnormality located in the image?,abnormality observed in central and upper-central regions,"Score each criterion from 1 to 5:
1 = poor, 2 = weak, 3 = acceptable, 4 = good, 5 = excellent.

Criteria:
- correctness: the answer and explanation are consistent with the question and available reference information.
- faithfulness: the explanation supports the predicted answer without inventing unsupported claims.
- relevance: the explanation focuses on visual/question evidence that matters for the answer.
- clarity: the explanation is readable, concise, and clinically understandable.
- completeness: the explanation covers the key evidence needed to justify the answer.

Return JSON with exactly these keys:
{
  ""correctness"": <integer 1-5>,
  ""faithfulness"": <integer 1-5>,
  ""relevance"": <integer 1-5>,
  ""clarity"": <integer 1-5>,
  ""completeness"": <integer 1-5>,
  ""rationale"": ""short explanation""
}

Evaluate this Task 2 explanation.

val_id: 1080
img_id: cl8k2u1qw1fdv083211twc2fo
question: Where is the abnormality located in the image?
reference_answer_if_available: 
predicted_answer: abnormality observed in central and upper-central regions
confidence_score: 0.9354
textual_explanation: The CATA-Final model predicts ""abnormality observed in central and upper-central regions"". The newly generated visual explanation highlights morphology/TDA structural support, color and mucosal-texture support, a relatively focal heatmap region, possible specular artifact burden. Targeted self-probes for this location question supported the primary answer: abnormality observed in central and upper-central regions; No evidence is present in the central, upper, lower, left, or right regions.; evidence distributed across central and upper regions. Overall support is moderate; the reliability score combines morphology/TDA saliency, heatmap concentration, color/texture support, artifact burden, answer specificity, and self-probe agreement. The original question was: Where is the abnormality located in the image?. This explanation is intended for clinician review and should be interpreted alongside the image rather than as a standalone diagnosis.
visual_explanation_summary:
- type=heatmap; path=visuals/1080_heatmap.png; description=Fresh CATA-Final / D1 heatmap combining morphology/TDA saliency, color/edge evidence, and artifact suppression.
- type=evidence_json; path=visuals/1080_evidence.json; description=Structured visual evidence and confidence inputs used by the explanation generator.

Remember: return strict JSON only."
209,1083,cla820gl5s3w3071u2e1ub3zb,From which procedure was this image obtained?,evidence of colonoscopy procedure,"Score each criterion from 1 to 5:
1 = poor, 2 = weak, 3 = acceptable, 4 = good, 5 = excellent.

Criteria:
- correctness: the answer and explanation are consistent with the question and available reference information.
- faithfulness: the explanation supports the predicted answer without inventing unsupported claims.
- relevance: the explanation focuses on visual/question evidence that matters for the answer.
- clarity: the explanation is readable, concise, and clinically understandable.
- completeness: the explanation covers the key evidence needed to justify the answer.

Return JSON with exactly these keys:
{
  ""correctness"": <integer 1-5>,
  ""faithfulness"": <integer 1-5>,
  ""relevance"": <integer 1-5>,
  ""clarity"": <integer 1-5>,
  ""completeness"": <integer 1-5>,
  ""rationale"": ""short explanation""
}

Evaluate this Task 2 explanation.

val_id: 1083
img_id: cla820gl5s3w3071u2e1ub3zb
question: From which procedure was this image obtained?
reference_answer_if_available: 
predicted_answer: evidence of colonoscopy procedure
confidence_score: 0.7735
textual_explanation: The CATA-Final model predicts ""evidence of colonoscopy procedure"". The newly generated visual explanation highlights morphology/TDA structural support, color and mucosal-texture support, a relatively focal heatmap region. Targeted self-probes for this procedure question produced mixed support: Evidence of colonoscopy procedure with no identifiable anatomical landmarks; evidence of mucosal abnormalities; No artifacts or overlays are present in the image.. Because these probes do not fully agree with the primary answer, the explanation is treated cautiously. Overall support is mixed; the reliability score combines morphology/TDA saliency, heatmap concentration, color/texture support, artifact burden, answer specificity, and self-probe agreement. The original question was: From which procedure was this image obtained?. This explanation is intended for clinician review and should be interpreted alongside the image rather than as a standalone diagnosis.
visual_explanation_summary:
- type=heatmap; path=visuals/1083_heatmap.png; description=Fresh CATA-Final / D1 heatmap combining morphology/TDA saliency, color/edge evidence, and artifact suppression.
- type=evidence_json; path=visuals/1083_evidence.json; description=Structured visual evidence and confidence inputs used by the explanation generator.

Remember: return strict JSON only."
210,1086,clbnxtogbbn82074c8efchelc,Is there any abnormality visible in this image?,No significant findings observed,"Score each criterion from 1 to 5:
1 = poor, 2 = weak, 3 = acceptable, 4 = good, 5 = excellent.

Criteria:
- correctness: the answer and explanation are consistent with the question and available reference information.
- faithfulness: the explanation supports the predicted answer without inventing unsupported claims.
- relevance: the explanation focuses on visual/question evidence that matters for the answer.
- clarity: the explanation is readable, concise, and clinically understandable.
- completeness: the explanation covers the key evidence needed to justify the answer.

Return JSON with exactly these keys:
{
  ""correctness"": <integer 1-5>,
  ""faithfulness"": <integer 1-5>,
  ""relevance"": <integer 1-5>,
  ""clarity"": <integer 1-5>,
  ""completeness"": <integer 1-5>,
  ""rationale"": ""short explanation""
}

Evaluate this Task 2 explanation.

val_id: 1086
img_id: clbnxtogbbn82074c8efchelc
question: Is there any abnormality visible in this image?
reference_answer_if_available: 
predicted_answer: No significant findings observed
confidence_score: 0.7122
textual_explanation: The CATA-Final model predicts ""No significant findings observed"". The newly generated visual explanation highlights morphology/TDA structural support, color and mucosal-texture support, a relatively focal heatmap region. Targeted self-probes for this lesion question produced mixed support: Findings suggest presence of a polypoid lesion; The lesion exhibits a polypoid appearance and is distributed in multiple central regions.; evidence of inflammatory changes consistent with ulcerative colitis. Because these probes do not fully agree with the primary answer, the explanation is treated cautiously. Overall support is mixed; the reliability score combines morphology/TDA saliency, heatmap concentration, color/texture support, artifact burden, answer specificity, and self-probe agreement. The original question was: Is there any abnormality visible in this image?. This explanation is intended for clinician review and should be interpreted alongside the image rather than as a standalone diagnosis.
visual_explanation_summary:
- type=heatmap; path=visuals/1086_heatmap.png; description=Fresh CATA-Final / D1 heatmap combining morphology/TDA saliency, color/edge evidence, and artifact suppression.
- type=evidence_json; path=visuals/1086_evidence.json; description=Structured visual evidence and confidence inputs used by the explanation generator.

Remember: return strict JSON only."
211,1087,cl8k2u1r91fs70832aac57pkk,What procedure is depicted in the image?,evidence of colonoscopy procedure,"Score each criterion from 1 to 5:
1 = poor, 2 = weak, 3 = acceptable, 4 = good, 5 = excellent.

Criteria:
- correctness: the answer and explanation are consistent with the question and available reference information.
- faithfulness: the explanation supports the predicted answer without inventing unsupported claims.
- relevance: the explanation focuses on visual/question evidence that matters for the answer.
- clarity: the explanation is readable, concise, and clinically understandable.
- completeness: the explanation covers the key evidence needed to justify the answer.

Return JSON with exactly these keys:
{
  ""correctness"": <integer 1-5>,
  ""faithfulness"": <integer 1-5>,
  ""relevance"": <integer 1-5>,
  ""clarity"": <integer 1-5>,
  ""completeness"": <integer 1-5>,
  ""rationale"": ""short explanation""
}

Evaluate this Task 2 explanation.

val_id: 1087
img_id: cl8k2u1r91fs70832aac57pkk
question: What procedure is depicted in the image?
reference_answer_if_available: 
predicted_answer: evidence of colonoscopy procedure
confidence_score: 0.7164
textual_explanation: The CATA-Final model predicts ""evidence of colonoscopy procedure"". The newly generated visual explanation highlights morphology/TDA structural support, color and mucosal-texture support, a relatively focal heatmap region. Targeted self-probes for this procedure question produced mixed support: Evidence of colonoscopy findings with no identifiable anatomical landmarks; evidence of mucosal abnormalities; No significant artifacts or overlays identified. Because these probes do not fully agree with the primary answer, the explanation is treated cautiously. Overall support is mixed; the reliability score combines morphology/TDA saliency, heatmap concentration, color/texture support, artifact burden, answer specificity, and self-probe agreement. The original question was: What procedure is depicted in the image?. This explanation is intended for clinician review and should be interpreted alongside the image rather than as a standalone diagnosis.
visual_explanation_summary:
- type=heatmap; path=visuals/1087_heatmap.png; description=Fresh CATA-Final / D1 heatmap combining morphology/TDA saliency, color/edge evidence, and artifact suppression.
- type=evidence_json; path=visuals/1087_evidence.json; description=Structured visual evidence and confidence inputs used by the explanation generator.

Remember: return strict JSON only."
212,1090,cla820glfs4dn071ugbvrazqs,How many abnormal findings are visible?,One abnormal finding identified,"Score each criterion from 1 to 5:
1 = poor, 2 = weak, 3 = acceptable, 4 = good, 5 = excellent.

Criteria:
- correctness: the answer and explanation are consistent with the question and available reference information.
- faithfulness: the explanation supports the predicted answer without inventing unsupported claims.
- relevance: the explanation focuses on visual/question evidence that matters for the answer.
- clarity: the explanation is readable, concise, and clinically understandable.
- completeness: the explanation covers the key evidence needed to justify the answer.

Return JSON with exactly these keys:
{
  ""correctness"": <integer 1-5>,
  ""faithfulness"": <integer 1-5>,
  ""relevance"": <integer 1-5>,
  ""clarity"": <integer 1-5>,
  ""completeness"": <integer 1-5>,
  ""rationale"": ""short explanation""
}

Evaluate this Task 2 explanation.

val_id: 1090
img_id: cla820glfs4dn071ugbvrazqs
question: How many abnormal findings are visible?
reference_answer_if_available: 
predicted_answer: One abnormal finding identified
confidence_score: 0.95
textual_explanation: The CATA-Final model predicts ""One abnormal finding identified"". The newly generated visual explanation highlights morphology/TDA structural support, color and mucosal-texture support, a relatively focal heatmap region. Targeted self-probes for this count question supported the primary answer: one abnormal area noted; One abnormal finding noted; No evidence of ulcerative colitis. Overall support is moderate; the reliability score combines morphology/TDA saliency, heatmap concentration, color/texture support, artifact burden, answer specificity, and self-probe agreement. The original question was: How many abnormal findings are visible?. This explanation is intended for clinician review and should be interpreted alongside the image rather than as a standalone diagnosis.
visual_explanation_summary:
- type=heatmap; path=visuals/1090_heatmap.png; description=Fresh CATA-Final / D1 heatmap combining morphology/TDA saliency, color/edge evidence, and artifact suppression.
- type=evidence_json; path=visuals/1090_evidence.json; description=Structured visual evidence and confidence inputs used by the explanation generator.

Remember: return strict JSON only."
213,1093,clb0lbwz6dotg086u3vp53hr9,What colors are observed in the abnormal findings?,"red, pink, and yellow lesions noted","Score each criterion from 1 to 5:
1 = poor, 2 = weak, 3 = acceptable, 4 = good, 5 = excellent.

Criteria:
- correctness: the answer and explanation are consistent with the question and available reference information.
- faithfulness: the explanation supports the predicted answer without inventing unsupported claims.
- relevance: the explanation focuses on visual/question evidence that matters for the answer.
- clarity: the explanation is readable, concise, and clinically understandable.
- completeness: the explanation covers the key evidence needed to justify the answer.

Return JSON with exactly these keys:
{
  ""correctness"": <integer 1-5>,
  ""faithfulness"": <integer 1-5>,
  ""relevance"": <integer 1-5>,
  ""clarity"": <integer 1-5>,
  ""completeness"": <integer 1-5>,
  ""rationale"": ""short explanation""
}

Evaluate this Task 2 explanation.

val_id: 1093
img_id: clb0lbwz6dotg086u3vp53hr9
question: What colors are observed in the abnormal findings?
reference_answer_if_available: 
predicted_answer: red, pink, and yellow lesions noted
confidence_score: 0.9406
textual_explanation: The CATA-Final model predicts ""red, pink, and yellow lesions noted"". The newly generated visual explanation highlights morphology/TDA structural support, color and mucosal-texture support, a relatively focal heatmap region, possible specular artifact burden. Targeted self-probes for this color question supported the primary answer: red and pink discoloration noted; mucosal erythema noted; Multiple color changes including pink, red, white, and yellow are present.. Overall support is moderate; the reliability score combines morphology/TDA saliency, heatmap concentration, color/texture support, artifact burden, answer specificity, and self-probe agreement. The original question was: What colors are observed in the abnormal findings?. This explanation is intended for clinician review and should be interpreted alongside the image rather than as a standalone diagnosis.
visual_explanation_summary:
- type=heatmap; path=visuals/1093_heatmap.png; description=Fresh CATA-Final / D1 heatmap combining morphology/TDA saliency, color/edge evidence, and artifact suppression.
- type=evidence_json; path=visuals/1093_evidence.json; description=Structured visual evidence and confidence inputs used by the explanation generator.

Remember: return strict JSON only."
214,1098,clb0lbx01dpuk086uho2shzzx,Where is the instrument located within the image?,instrument positioned in central and upper regions,"Score each criterion from 1 to 5:
1 = poor, 2 = weak, 3 = acceptable, 4 = good, 5 = excellent.

Criteria:
- correctness: the answer and explanation are consistent with the question and available reference information.
- faithfulness: the explanation supports the predicted answer without inventing unsupported claims.
- relevance: the explanation focuses on visual/question evidence that matters for the answer.
- clarity: the explanation is readable, concise, and clinically understandable.
- completeness: the explanation covers the key evidence needed to justify the answer.

Return JSON with exactly these keys:
{
  ""correctness"": <integer 1-5>,
  ""faithfulness"": <integer 1-5>,
  ""relevance"": <integer 1-5>,
  ""clarity"": <integer 1-5>,
  ""completeness"": <integer 1-5>,
  ""rationale"": ""short explanation""
}

Evaluate this Task 2 explanation.

val_id: 1098
img_id: clb0lbx01dpuk086uho2shzzx
question: Where is the instrument located within the image?
reference_answer_if_available: 
predicted_answer: instrument positioned in central and upper regions
confidence_score: 0.95
textual_explanation: The CATA-Final model predicts ""instrument positioned in central and upper regions"". The newly generated visual explanation highlights morphology/TDA structural support, color and mucosal-texture support, a relatively focal heatmap region, possible specular artifact burden. Targeted self-probes for this instrument question supported the primary answer: tube visible in the abdominal region; in multiple regions including center, upper-left, and lower-center; No visible instruments detected. Overall support is moderate; the reliability score combines morphology/TDA saliency, heatmap concentration, color/texture support, artifact burden, answer specificity, and self-probe agreement. The original question was: Where is the instrument located within the image?. This explanation is intended for clinician review and should be interpreted alongside the image rather than as a standalone diagnosis.
visual_explanation_summary:
- type=heatmap; path=visuals/1098_heatmap.png; description=Fresh CATA-Final / D1 heatmap combining morphology/TDA saliency, color/edge evidence, and artifact suppression.
- type=evidence_json; path=visuals/1098_evidence.json; description=Structured visual evidence and confidence inputs used by the explanation generator.

Remember: return strict JSON only."
215,1099,cla820gmps63r071ubhdh4alg,Is any textual information visible?,Textual elements are present,"Score each criterion from 1 to 5:
1 = poor, 2 = weak, 3 = acceptable, 4 = good, 5 = excellent.

Criteria:
- correctness: the answer and explanation are consistent with the question and available reference information.
- faithfulness: the explanation supports the predicted answer without inventing unsupported claims.
- relevance: the explanation focuses on visual/question evidence that matters for the answer.
- clarity: the explanation is readable, concise, and clinically understandable.
- completeness: the explanation covers the key evidence needed to justify the answer.

Return JSON with exactly these keys:
{
  ""correctness"": <integer 1-5>,
  ""faithfulness"": <integer 1-5>,
  ""relevance"": <integer 1-5>,
  ""clarity"": <integer 1-5>,
  ""completeness"": <integer 1-5>,
  ""rationale"": ""short explanation""
}

Evaluate this Task 2 explanation.

val_id: 1099
img_id: cla820gmps63r071ubhdh4alg
question: Is any textual information visible?
reference_answer_if_available: 
predicted_answer: Textual elements are present
confidence_score: 0.95
textual_explanation: The CATA-Final model predicts ""Textual elements are present"". The newly generated visual explanation highlights morphology/TDA structural support, color and mucosal-texture support, a relatively focal heatmap region. Targeted self-probes for this visible_text question supported the primary answer: Text is present in the image; text observed in central and upper regions; text is present on the image. Overall support is moderate; the reliability score combines morphology/TDA saliency, heatmap concentration, color/texture support, artifact burden, answer specificity, and self-probe agreement. The original question was: Is any textual information visible?. This explanation is intended for clinician review and should be interpreted alongside the image rather than as a standalone diagnosis.
visual_explanation_summary:
- type=heatmap; path=visuals/1099_heatmap.png; description=Fresh CATA-Final / D1 heatmap combining morphology/TDA saliency, color/edge evidence, and artifact suppression.
- type=evidence_json; path=visuals/1099_evidence.json; description=Structured visual evidence and confidence inputs used by the explanation generator.

Remember: return strict JSON only."
216,1103,cla820glrs4vf071u1j3n0v9l,Which area of the image shows the anatomical landmark?,located in the central and upper-central regions,"Score each criterion from 1 to 5:
1 = poor, 2 = weak, 3 = acceptable, 4 = good, 5 = excellent.

Criteria:
- correctness: the answer and explanation are consistent with the question and available reference information.
- faithfulness: the explanation supports the predicted answer without inventing unsupported claims.
- relevance: the explanation focuses on visual/question evidence that matters for the answer.
- clarity: the explanation is readable, concise, and clinically understandable.
- completeness: the explanation covers the key evidence needed to justify the answer.

Return JSON with exactly these keys:
{
  ""correctness"": <integer 1-5>,
  ""faithfulness"": <integer 1-5>,
  ""relevance"": <integer 1-5>,
  ""clarity"": <integer 1-5>,
  ""completeness"": <integer 1-5>,
  ""rationale"": ""short explanation""
}

Evaluate this Task 2 explanation.

val_id: 1103
img_id: cla820glrs4vf071u1j3n0v9l
question: Which area of the image shows the anatomical landmark?
reference_answer_if_available: 
predicted_answer: located in the central and upper-central regions
confidence_score: 0.95
textual_explanation: The CATA-Final model predicts ""located in the central and upper-central regions"". The newly generated visual explanation highlights morphology/TDA structural support, color and mucosal-texture support, a relatively focal heatmap region. Targeted self-probes for this generic question supported the primary answer: evidence of ulcerative colitis involvement; No evidence of imaging artifacts present; focal abnormalities noted. Overall support is moderate; the reliability score combines morphology/TDA saliency, heatmap concentration, color/texture support, artifact burden, answer specificity, and self-probe agreement. The original question was: Which area of the image shows the anatomical landmark?. This explanation is intended for clinician review and should be interpreted alongside the image rather than as a standalone diagnosis.
visual_explanation_summary:
- type=heatmap; path=visuals/1103_heatmap.png; description=Fresh CATA-Final / D1 heatmap combining morphology/TDA saliency, color/edge evidence, and artifact suppression.
- type=evidence_json; path=visuals/1103_evidence.json; description=Structured visual evidence and confidence inputs used by the explanation generator.

Remember: return strict JSON only."
217,1104,cla820gles4bz071u8fr012hd,Are there any surgical instruments visible in the image?,No surgical instruments observed,"Score each criterion from 1 to 5:
1 = poor, 2 = weak, 3 = acceptable, 4 = good, 5 = excellent.

Criteria:
- correctness: the answer and explanation are consistent with the question and available reference information.
- faithfulness: the explanation supports the predicted answer without inventing unsupported claims.
- relevance: the explanation focuses on visual/question evidence that matters for the answer.
- clarity: the explanation is readable, concise, and clinically understandable.
- completeness: the explanation covers the key evidence needed to justify the answer.

Return JSON with exactly these keys:
{
  ""correctness"": <integer 1-5>,
  ""faithfulness"": <integer 1-5>,
  ""relevance"": <integer 1-5>,
  ""clarity"": <integer 1-5>,
  ""completeness"": <integer 1-5>,
  ""rationale"": ""short explanation""
}

Evaluate this Task 2 explanation.

val_id: 1104
img_id: cla820gles4bz071u8fr012hd
question: Are there any surgical instruments visible in the image?
reference_answer_if_available: 
predicted_answer: No surgical instruments observed
confidence_score: 0.876
textual_explanation: The CATA-Final model predicts ""No surgical instruments observed"". The newly generated visual explanation highlights morphology/TDA structural support, color and mucosal-texture support, a relatively focal heatmap region. Targeted self-probes for this instrument question supported the primary answer: No foreign bodies or instruments observed; No instruments are visible in the image; No surgical instruments visualized. Overall support is moderate; the reliability score combines morphology/TDA saliency, heatmap concentration, color/texture support, artifact burden, answer specificity, and self-probe agreement. The original question was: Are there any surgical instruments visible in the image?. This explanation is intended for clinician review and should be interpreted alongside the image rather than as a standalone diagnosis.
visual_explanation_summary:
- type=heatmap; path=visuals/1104_heatmap.png; description=Fresh CATA-Final / D1 heatmap combining morphology/TDA saliency, color/edge evidence, and artifact suppression.
- type=evidence_json; path=visuals/1104_evidence.json; description=Structured visual evidence and confidence inputs used by the explanation generator.

Remember: return strict JSON only."
218,1107,cla820gl5s3wn071ua5gg1mx6,Are there any polyps visible in the image?,No polyps observed,"Score each criterion from 1 to 5:
1 = poor, 2 = weak, 3 = acceptable, 4 = good, 5 = excellent.

Criteria:
- correctness: the answer and explanation are consistent with the question and available reference information.
- faithfulness: the explanation supports the predicted answer without inventing unsupported claims.
- relevance: the explanation focuses on visual/question evidence that matters for the answer.
- clarity: the explanation is readable, concise, and clinically understandable.
- completeness: the explanation covers the key evidence needed to justify the answer.

Return JSON with exactly these keys:
{
  ""correctness"": <integer 1-5>,
  ""faithfulness"": <integer 1-5>,
  ""relevance"": <integer 1-5>,
  ""clarity"": <integer 1-5>,
  ""completeness"": <integer 1-5>,
  ""rationale"": ""short explanation""
}

Evaluate this Task 2 explanation.

val_id: 1107
img_id: cla820gl5s3wn071ua5gg1mx6
question: Are there any polyps visible in the image?
reference_answer_if_available: 
predicted_answer: No polyps observed
confidence_score: 0.6762
textual_explanation: The CATA-Final model predicts ""No polyps observed"". The newly generated visual explanation highlights morphology/TDA structural support, color and mucosal-texture support, a relatively focal heatmap region. Targeted self-probes for this lesion question produced mixed support: No polypoid lesion identified, with no evidence of abnormal mucosal changes; No polyp identified with no central or upper-lower region involvement.; evidence of inflammatory changes consistent with ulcerative colitis. Because these probes do not fully agree with the primary answer, the explanation is treated cautiously. Overall support is mixed; the reliability score combines morphology/TDA saliency, heatmap concentration, color/texture support, artifact burden, answer specificity, and self-probe agreement. The original question was: Are there any polyps visible in the image?. This explanation is intended for clinician review and should be interpreted alongside the image rather than as a standalone diagnosis.
visual_explanation_summary:
- type=heatmap; path=visuals/1107_heatmap.png; description=Fresh CATA-Final / D1 heatmap combining morphology/TDA saliency, color/edge evidence, and artifact suppression.
- type=evidence_json; path=visuals/1107_evidence.json; description=Structured visual evidence and confidence inputs used by the explanation generator.

Remember: return strict JSON only."
219,1110,clb0kvxv7906s074yfbj0gei6,What type of polyp is observed in the gastrointestinal tract?,no polypoid lesions identified,"Score each criterion from 1 to 5:
1 = poor, 2 = weak, 3 = acceptable, 4 = good, 5 = excellent.

Criteria:
- correctness: the answer and explanation are consistent with the question and available reference information.
- faithfulness: the explanation supports the predicted answer without inventing unsupported claims.
- relevance: the explanation focuses on visual/question evidence that matters for the answer.
- clarity: the explanation is readable, concise, and clinically understandable.
- completeness: the explanation covers the key evidence needed to justify the answer.

Return JSON with exactly these keys:
{
  ""correctness"": <integer 1-5>,
  ""faithfulness"": <integer 1-5>,
  ""relevance"": <integer 1-5>,
  ""clarity"": <integer 1-5>,
  ""completeness"": <integer 1-5>,
  ""rationale"": ""short explanation""
}

Evaluate this Task 2 explanation.

val_id: 1110
img_id: clb0kvxv7906s074yfbj0gei6
question: What type of polyp is observed in the gastrointestinal tract?
reference_answer_if_available: 
predicted_answer: no polypoid lesions identified
confidence_score: 0.5884
textual_explanation: The CATA-Final model predicts ""no polypoid lesions identified"". The newly generated visual explanation highlights morphology/TDA structural support, color and mucosal-texture support, a relatively focal heatmap region, possible specular artifact burden. Targeted self-probes for this lesion question produced mixed support: No polypoid lesion identified, with no evidence of abnormal mucosa; No polyp identified with no central or upper-lateral concentration; evidence of esophageal inflammation. Because these probes do not fully agree with the primary answer, the explanation is treated cautiously. Overall support is mixed; the reliability score combines morphology/TDA saliency, heatmap concentration, color/texture support, artifact burden, answer specificity, and self-probe agreement. The original question was: What type of polyp is observed in the gastrointestinal tract?. This explanation is intended for clinician review and should be interpreted alongside the image rather than as a standalone diagnosis.
visual_explanation_summary:
- type=heatmap; path=visuals/1110_heatmap.png; description=Fresh CATA-Final / D1 heatmap combining morphology/TDA saliency, color/edge evidence, and artifact suppression.
- type=evidence_json; path=visuals/1110_evidence.json; description=Structured visual evidence and confidence inputs used by the explanation generator.

Remember: return strict JSON only."
220,1116,cla820gmds5lr071ufjyr538p,Which anatomical landmarks are visible in the image?,no anatomical landmarks identified,"Score each criterion from 1 to 5:
1 = poor, 2 = weak, 3 = acceptable, 4 = good, 5 = excellent.

Criteria:
- correctness: the answer and explanation are consistent with the question and available reference information.
- faithfulness: the explanation supports the predicted answer without inventing unsupported claims.
- relevance: the explanation focuses on visual/question evidence that matters for the answer.
- clarity: the explanation is readable, concise, and clinically understandable.
- completeness: the explanation covers the key evidence needed to justify the answer.

Return JSON with exactly these keys:
{
  ""correctness"": <integer 1-5>,
  ""faithfulness"": <integer 1-5>,
  ""relevance"": <integer 1-5>,
  ""clarity"": <integer 1-5>,
  ""completeness"": <integer 1-5>,
  ""rationale"": ""short explanation""
}

Evaluate this Task 2 explanation.

val_id: 1116
img_id: cla820gmds5lr071ufjyr538p
question: Which anatomical landmarks are visible in the image?
reference_answer_if_available: 
predicted_answer: no anatomical landmarks identified
confidence_score: 0.7568
textual_explanation: The CATA-Final model predicts ""no anatomical landmarks identified"". The newly generated visual explanation highlights morphology/TDA structural support, color and mucosal-texture support, a relatively focal heatmap region. Targeted self-probes for this generic question produced mixed support: evidence of ulcerative colitis involvement; No evidence of imaging artifacts present; evidence distributed across multiple regions. Because these probes do not fully agree with the primary answer, the explanation is treated cautiously. Overall support is mixed; the reliability score combines morphology/TDA saliency, heatmap concentration, color/texture support, artifact burden, answer specificity, and self-probe agreement. The original question was: Which anatomical landmarks are visible in the image?. This explanation is intended for clinician review and should be interpreted alongside the image rather than as a standalone diagnosis.
visual_explanation_summary:
- type=heatmap; path=visuals/1116_heatmap.png; description=Fresh CATA-Final / D1 heatmap combining morphology/TDA saliency, color/edge evidence, and artifact suppression.
- type=evidence_json; path=visuals/1116_evidence.json; description=Structured visual evidence and confidence inputs used by the explanation generator.

Remember: return strict JSON only."
221,1125,clb0lbwz5doso086uc8ik1un2,What are the colors of the abnormal findings?,"red, pink, and yellow lesions observed","Score each criterion from 1 to 5:
1 = poor, 2 = weak, 3 = acceptable, 4 = good, 5 = excellent.

Criteria:
- correctness: the answer and explanation are consistent with the question and available reference information.
- faithfulness: the explanation supports the predicted answer without inventing unsupported claims.
- relevance: the explanation focuses on visual/question evidence that matters for the answer.
- clarity: the explanation is readable, concise, and clinically understandable.
- completeness: the explanation covers the key evidence needed to justify the answer.

Return JSON with exactly these keys:
{
  ""correctness"": <integer 1-5>,
  ""faithfulness"": <integer 1-5>,
  ""relevance"": <integer 1-5>,
  ""clarity"": <integer 1-5>,
  ""completeness"": <integer 1-5>,
  ""rationale"": ""short explanation""
}

Evaluate this Task 2 explanation.

val_id: 1125
img_id: clb0lbwz5doso086uc8ik1un2
question: What are the colors of the abnormal findings?
reference_answer_if_available: 
predicted_answer: red, pink, and yellow lesions observed
confidence_score: 0.95
textual_explanation: The CATA-Final model predicts ""red, pink, and yellow lesions observed"". The newly generated visual explanation highlights morphology/TDA structural support, color and mucosal-texture support, a relatively focal heatmap region. Targeted self-probes for this color question supported the primary answer: red, pink, and yellow discolorations observed; mucosal erythema present; Multiple color changes including pink, red, white, and yellow are present.. Overall support is moderate; the reliability score combines morphology/TDA saliency, heatmap concentration, color/texture support, artifact burden, answer specificity, and self-probe agreement. The original question was: What are the colors of the abnormal findings?. This explanation is intended for clinician review and should be interpreted alongside the image rather than as a standalone diagnosis.
visual_explanation_summary:
- type=heatmap; path=visuals/1125_heatmap.png; description=Fresh CATA-Final / D1 heatmap combining morphology/TDA saliency, color/edge evidence, and artifact suppression.
- type=evidence_json; path=visuals/1125_evidence.json; description=Structured visual evidence and confidence inputs used by the explanation generator.

Remember: return strict JSON only."
222,1127,clb0kvxvc90fw074yettxbhe6,Are there any polyps present in the image?,No polyps observed,"Score each criterion from 1 to 5:
1 = poor, 2 = weak, 3 = acceptable, 4 = good, 5 = excellent.

Criteria:
- correctness: the answer and explanation are consistent with the question and available reference information.
- faithfulness: the explanation supports the predicted answer without inventing unsupported claims.
- relevance: the explanation focuses on visual/question evidence that matters for the answer.
- clarity: the explanation is readable, concise, and clinically understandable.
- completeness: the explanation covers the key evidence needed to justify the answer.

Return JSON with exactly these keys:
{
  ""correctness"": <integer 1-5>,
  ""faithfulness"": <integer 1-5>,
  ""relevance"": <integer 1-5>,
  ""clarity"": <integer 1-5>,
  ""completeness"": <integer 1-5>,
  ""rationale"": ""short explanation""
}

Evaluate this Task 2 explanation.

val_id: 1127
img_id: clb0kvxvc90fw074yettxbhe6
question: Are there any polyps present in the image?
reference_answer_if_available: 
predicted_answer: No polyps observed
confidence_score: 0.6313
textual_explanation: The CATA-Final model predicts ""No polyps observed"". The newly generated visual explanation highlights morphology/TDA structural support, color and mucosal-texture support, diffuse heatmap evidence. Targeted self-probes for this lesion question produced mixed support: No polypoid lesion identified, with no evidence of mucosal abnormalities; Lesion shows multiple shapes including polypoid and sessile with scattered distribution across central and upper regions.; evidence of esophageal inflammation. Because these probes do not fully agree with the primary answer, the explanation is treated cautiously. Overall support is mixed; the reliability score combines morphology/TDA saliency, heatmap concentration, color/texture support, artifact burden, answer specificity, and self-probe agreement. The original question was: Are there any polyps present in the image?. This explanation is intended for clinician review and should be interpreted alongside the image rather than as a standalone diagnosis.
visual_explanation_summary:
- type=heatmap; path=visuals/1127_heatmap.png; description=Fresh CATA-Final / D1 heatmap combining morphology/TDA saliency, color/edge evidence, and artifact suppression.
- type=evidence_json; path=visuals/1127_evidence.json; description=Structured visual evidence and confidence inputs used by the explanation generator.

Remember: return strict JSON only."
223,1130,clb0lbwzwdpoc086udppb2od3,How many surgical instruments are visible in the image?,one surgical instrument present,"Score each criterion from 1 to 5:
1 = poor, 2 = weak, 3 = acceptable, 4 = good, 5 = excellent.

Criteria:
- correctness: the answer and explanation are consistent with the question and available reference information.
- faithfulness: the explanation supports the predicted answer without inventing unsupported claims.
- relevance: the explanation focuses on visual/question evidence that matters for the answer.
- clarity: the explanation is readable, concise, and clinically understandable.
- completeness: the explanation covers the key evidence needed to justify the answer.

Return JSON with exactly these keys:
{
  ""correctness"": <integer 1-5>,
  ""faithfulness"": <integer 1-5>,
  ""relevance"": <integer 1-5>,
  ""clarity"": <integer 1-5>,
  ""completeness"": <integer 1-5>,
  ""rationale"": ""short explanation""
}

Evaluate this Task 2 explanation.

val_id: 1130
img_id: clb0lbwzwdpoc086udppb2od3
question: How many surgical instruments are visible in the image?
reference_answer_if_available: 
predicted_answer: one surgical instrument present
confidence_score: 0.95
textual_explanation: The CATA-Final model predicts ""one surgical instrument present"". The newly generated visual explanation highlights morphology/TDA structural support, color and mucosal-texture support, a relatively focal heatmap region. Targeted self-probes for this instrument question supported the primary answer: tube visible in the abdominal region; in multiple regions including center, upper-left, and lower-right; No visible instruments detected. Overall support is moderate; the reliability score combines morphology/TDA saliency, heatmap concentration, color/texture support, artifact burden, answer specificity, and self-probe agreement. The original question was: How many surgical instruments are visible in the image?. This explanation is intended for clinician review and should be interpreted alongside the image rather than as a standalone diagnosis.
visual_explanation_summary:
- type=heatmap; path=visuals/1130_heatmap.png; description=Fresh CATA-Final / D1 heatmap combining morphology/TDA saliency, color/edge evidence, and artifact suppression.
- type=evidence_json; path=visuals/1130_evidence.json; description=Structured visual evidence and confidence inputs used by the explanation generator.

Remember: return strict JSON only."
224,1133,cla820gm4s5af071u73oz3q14,Is there any visible instrument in the image?,No instruments are visible,"Score each criterion from 1 to 5:
1 = poor, 2 = weak, 3 = acceptable, 4 = good, 5 = excellent.

Criteria:
- correctness: the answer and explanation are consistent with the question and available reference information.
- faithfulness: the explanation supports the predicted answer without inventing unsupported claims.
- relevance: the explanation focuses on visual/question evidence that matters for the answer.
- clarity: the explanation is readable, concise, and clinically understandable.
- completeness: the explanation covers the key evidence needed to justify the answer.

Return JSON with exactly these keys:
{
  ""correctness"": <integer 1-5>,
  ""faithfulness"": <integer 1-5>,
  ""relevance"": <integer 1-5>,
  ""clarity"": <integer 1-5>,
  ""completeness"": <integer 1-5>,
  ""rationale"": ""short explanation""
}

Evaluate this Task 2 explanation.

val_id: 1133
img_id: cla820gm4s5af071u73oz3q14
question: Is there any visible instrument in the image?
reference_answer_if_available: 
predicted_answer: No instruments are visible
confidence_score: 0.95
textual_explanation: The CATA-Final model predicts ""No instruments are visible"". The newly generated visual explanation highlights morphology/TDA structural support, color and mucosal-texture support, a relatively focal heatmap region. Targeted self-probes for this instrument question supported the primary answer: No foreign bodies or instruments observed; No instruments are visible in the image; No surgical instruments visualized. Overall support is moderate; the reliability score combines morphology/TDA saliency, heatmap concentration, color/texture support, artifact burden, answer specificity, and self-probe agreement. The original question was: Is there any visible instrument in the image?. This explanation is intended for clinician review and should be interpreted alongside the image rather than as a standalone diagnosis.
visual_explanation_summary:
- type=heatmap; path=visuals/1133_heatmap.png; description=Fresh CATA-Final / D1 heatmap combining morphology/TDA saliency, color/edge evidence, and artifact suppression.
- type=evidence_json; path=visuals/1133_evidence.json; description=Structured visual evidence and confidence inputs used by the explanation generator.

Remember: return strict JSON only."
225,1134,clb0kvxvh90ow074y1aqo1cvx,Are there any medical instruments visible in the image?,No foreign bodies or instruments observed,"Score each criterion from 1 to 5:
1 = poor, 2 = weak, 3 = acceptable, 4 = good, 5 = excellent.

Criteria:
- correctness: the answer and explanation are consistent with the question and available reference information.
- faithfulness: the explanation supports the predicted answer without inventing unsupported claims.
- relevance: the explanation focuses on visual/question evidence that matters for the answer.
- clarity: the explanation is readable, concise, and clinically understandable.
- completeness: the explanation covers the key evidence needed to justify the answer.

Return JSON with exactly these keys:
{
  ""correctness"": <integer 1-5>,
  ""faithfulness"": <integer 1-5>,
  ""relevance"": <integer 1-5>,
  ""clarity"": <integer 1-5>,
  ""completeness"": <integer 1-5>,
  ""rationale"": ""short explanation""
}

Evaluate this Task 2 explanation.

val_id: 1134
img_id: clb0kvxvh90ow074y1aqo1cvx
question: Are there any medical instruments visible in the image?
reference_answer_if_available: 
predicted_answer: No foreign bodies or instruments observed
confidence_score: 0.7342
textual_explanation: The CATA-Final model predicts ""No foreign bodies or instruments observed"". The newly generated visual explanation highlights morphology/TDA structural support, color and mucosal-texture support, diffuse heatmap evidence, possible specular artifact burden. Targeted self-probes for this instrument question supported the primary answer: No foreign bodies or instruments observed; No instruments are visible in the image; No surgical instruments visualized. Overall support is moderate; the reliability score combines morphology/TDA saliency, heatmap concentration, color/texture support, artifact burden, answer specificity, and self-probe agreement. The original question was: Are there any medical instruments visible in the image?. This explanation is intended for clinician review and should be interpreted alongside the image rather than as a standalone diagnosis.
visual_explanation_summary:
- type=heatmap; path=visuals/1134_heatmap.png; description=Fresh CATA-Final / D1 heatmap combining morphology/TDA saliency, color/edge evidence, and artifact suppression.
- type=evidence_json; path=visuals/1134_evidence.json; description=Structured visual evidence and confidence inputs used by the explanation generator.

Remember: return strict JSON only."
226,1138,cl8k2u1ro1ggr083243ex3ksv,What procedure is depicted in this image?,evidence of colonoscopy procedure,"Score each criterion from 1 to 5:
1 = poor, 2 = weak, 3 = acceptable, 4 = good, 5 = excellent.

Criteria:
- correctness: the answer and explanation are consistent with the question and available reference information.
- faithfulness: the explanation supports the predicted answer without inventing unsupported claims.
- relevance: the explanation focuses on visual/question evidence that matters for the answer.
- clarity: the explanation is readable, concise, and clinically understandable.
- completeness: the explanation covers the key evidence needed to justify the answer.

Return JSON with exactly these keys:
{
  ""correctness"": <integer 1-5>,
  ""faithfulness"": <integer 1-5>,
  ""relevance"": <integer 1-5>,
  ""clarity"": <integer 1-5>,
  ""completeness"": <integer 1-5>,
  ""rationale"": ""short explanation""
}

Evaluate this Task 2 explanation.

val_id: 1138
img_id: cl8k2u1ro1ggr083243ex3ksv
question: What procedure is depicted in this image?
reference_answer_if_available: 
predicted_answer: evidence of colonoscopy procedure
confidence_score: 0.95
textual_explanation: The CATA-Final model predicts ""evidence of colonoscopy procedure"". The newly generated visual explanation highlights morphology/TDA structural support, color and mucosal-texture support, a relatively focal heatmap region, possible specular artifact burden. Targeted self-probes for this procedure question supported the primary answer: Evidence of colonoscopy findings with cecal anatomy noted; evidence of mucosal abnormalities; No artifacts or overlays are present in the image.. Overall support is moderate; the reliability score combines morphology/TDA saliency, heatmap concentration, color/texture support, artifact burden, answer specificity, and self-probe agreement. The original question was: What procedure is depicted in this image?. This explanation is intended for clinician review and should be interpreted alongside the image rather than as a standalone diagnosis.
visual_explanation_summary:
- type=heatmap; path=visuals/1138_heatmap.png; description=Fresh CATA-Final / D1 heatmap combining morphology/TDA saliency, color/edge evidence, and artifact suppression.
- type=evidence_json; path=visuals/1138_evidence.json; description=Structured visual evidence and confidence inputs used by the explanation generator.

Remember: return strict JSON only."
227,1140,cla820glhs4gb071u0lgxbuwy,Which anatomical landmarks are visible in the image?,no anatomical landmarks identified,"Score each criterion from 1 to 5:
1 = poor, 2 = weak, 3 = acceptable, 4 = good, 5 = excellent.

Criteria:
- correctness: the answer and explanation are consistent with the question and available reference information.
- faithfulness: the explanation supports the predicted answer without inventing unsupported claims.
- relevance: the explanation focuses on visual/question evidence that matters for the answer.
- clarity: the explanation is readable, concise, and clinically understandable.
- completeness: the explanation covers the key evidence needed to justify the answer.

Return JSON with exactly these keys:
{
  ""correctness"": <integer 1-5>,
  ""faithfulness"": <integer 1-5>,
  ""relevance"": <integer 1-5>,
  ""clarity"": <integer 1-5>,
  ""completeness"": <integer 1-5>,
  ""rationale"": ""short explanation""
}

Evaluate this Task 2 explanation.

val_id: 1140
img_id: cla820glhs4gb071u0lgxbuwy
question: Which anatomical landmarks are visible in the image?
reference_answer_if_available: 
predicted_answer: no anatomical landmarks identified
confidence_score: 0.7737
textual_explanation: The CATA-Final model predicts ""no anatomical landmarks identified"". The newly generated visual explanation highlights morphology/TDA structural support, color and mucosal-texture support, a relatively focal heatmap region. Targeted self-probes for this generic question produced mixed support: evidence of ulcerative colitis involvement; No evidence of imaging artifacts present; evidence distributed across multiple regions. Because these probes do not fully agree with the primary answer, the explanation is treated cautiously. Overall support is mixed; the reliability score combines morphology/TDA saliency, heatmap concentration, color/texture support, artifact burden, answer specificity, and self-probe agreement. The original question was: Which anatomical landmarks are visible in the image?. This explanation is intended for clinician review and should be interpreted alongside the image rather than as a standalone diagnosis.
visual_explanation_summary:
- type=heatmap; path=visuals/1140_heatmap.png; description=Fresh CATA-Final / D1 heatmap combining morphology/TDA saliency, color/edge evidence, and artifact suppression.
- type=evidence_json; path=visuals/1140_evidence.json; description=Structured visual evidence and confidence inputs used by the explanation generator.

Remember: return strict JSON only."
228,1149,clb0kvxwk92c4074yd1ef5mc3,Is there any indication of green or black box artifact present?,No evidence of box artifact observed,"Score each criterion from 1 to 5:
1 = poor, 2 = weak, 3 = acceptable, 4 = good, 5 = excellent.

Criteria:
- correctness: the answer and explanation are consistent with the question and available reference information.
- faithfulness: the explanation supports the predicted answer without inventing unsupported claims.
- relevance: the explanation focuses on visual/question evidence that matters for the answer.
- clarity: the explanation is readable, concise, and clinically understandable.
- completeness: the explanation covers the key evidence needed to justify the answer.

Return JSON with exactly these keys:
{
  ""correctness"": <integer 1-5>,
  ""faithfulness"": <integer 1-5>,
  ""relevance"": <integer 1-5>,
  ""clarity"": <integer 1-5>,
  ""completeness"": <integer 1-5>,
  ""rationale"": ""short explanation""
}

Evaluate this Task 2 explanation.

val_id: 1149
img_id: clb0kvxwk92c4074yd1ef5mc3
question: Is there any indication of green or black box artifact present?
reference_answer_if_available: 
predicted_answer: No evidence of box artifact observed
confidence_score: 0.5876
textual_explanation: The CATA-Final model predicts ""No evidence of box artifact observed"". The newly generated visual explanation highlights morphology/TDA structural support, color and mucosal-texture support, a relatively focal heatmap region, possible specular artifact burden. Targeted self-probes for this color question produced mixed support: multiple colors including pink, red, and white; mucosal erythema present; multiple color changes including pink, red, white, and grey. Because these probes do not fully agree with the primary answer, the explanation is treated cautiously. Overall support is mixed; the reliability score combines morphology/TDA saliency, heatmap concentration, color/texture support, artifact burden, answer specificity, and self-probe agreement. The original question was: Is there any indication of green or black box artifact present?. This explanation is intended for clinician review and should be interpreted alongside the image rather than as a standalone diagnosis.
visual_explanation_summary:
- type=heatmap; path=visuals/1149_heatmap.png; description=Fresh CATA-Final / D1 heatmap combining morphology/TDA saliency, color/edge evidence, and artifact suppression.
- type=evidence_json; path=visuals/1149_evidence.json; description=Structured visual evidence and confidence inputs used by the explanation generator.

Remember: return strict JSON only."
229,1161,clb0lbwzqdphs086u4w261xr7,How many surgical instruments are visible in the image?,one surgical instrument present,"Score each criterion from 1 to 5:
1 = poor, 2 = weak, 3 = acceptable, 4 = good, 5 = excellent.

Criteria:
- correctness: the answer and explanation are consistent with the question and available reference information.
- faithfulness: the explanation supports the predicted answer without inventing unsupported claims.
- relevance: the explanation focuses on visual/question evidence that matters for the answer.
- clarity: the explanation is readable, concise, and clinically understandable.
- completeness: the explanation covers the key evidence needed to justify the answer.

Return JSON with exactly these keys:
{
  ""correctness"": <integer 1-5>,
  ""faithfulness"": <integer 1-5>,
  ""relevance"": <integer 1-5>,
  ""clarity"": <integer 1-5>,
  ""completeness"": <integer 1-5>,
  ""rationale"": ""short explanation""
}

Evaluate this Task 2 explanation.

val_id: 1161
img_id: clb0lbwzqdphs086u4w261xr7
question: How many surgical instruments are visible in the image?
reference_answer_if_available: 
predicted_answer: one surgical instrument present
confidence_score: 0.9211
textual_explanation: The CATA-Final model predicts ""one surgical instrument present"". The newly generated visual explanation highlights morphology/TDA structural support, color and mucosal-texture support, a relatively focal heatmap region, possible specular artifact burden. Targeted self-probes for this instrument question supported the primary answer: tube visible in the abdominal region; instruments located in lower central and right regions; No surgical instruments visualized. Overall support is moderate; the reliability score combines morphology/TDA saliency, heatmap concentration, color/texture support, artifact burden, answer specificity, and self-probe agreement. The original question was: How many surgical instruments are visible in the image?. This explanation is intended for clinician review and should be interpreted alongside the image rather than as a standalone diagnosis.
visual_explanation_summary:
- type=heatmap; path=visuals/1161_heatmap.png; description=Fresh CATA-Final / D1 heatmap combining morphology/TDA saliency, color/edge evidence, and artifact suppression.
- type=evidence_json; path=visuals/1161_evidence.json; description=Structured visual evidence and confidence inputs used by the explanation generator.

Remember: return strict JSON only."
230,1169,cla820gmbs5jv071u2nr79rfo,Which anatomical landmark is visible in the image?,no anatomical landmark identified,"Score each criterion from 1 to 5:
1 = poor, 2 = weak, 3 = acceptable, 4 = good, 5 = excellent.

Criteria:
- correctness: the answer and explanation are consistent with the question and available reference information.
- faithfulness: the explanation supports the predicted answer without inventing unsupported claims.
- relevance: the explanation focuses on visual/question evidence that matters for the answer.
- clarity: the explanation is readable, concise, and clinically understandable.
- completeness: the explanation covers the key evidence needed to justify the answer.

Return JSON with exactly these keys:
{
  ""correctness"": <integer 1-5>,
  ""faithfulness"": <integer 1-5>,
  ""relevance"": <integer 1-5>,
  ""clarity"": <integer 1-5>,
  ""completeness"": <integer 1-5>,
  ""rationale"": ""short explanation""
}

Evaluate this Task 2 explanation.

val_id: 1169
img_id: cla820gmbs5jv071u2nr79rfo
question: Which anatomical landmark is visible in the image?
reference_answer_if_available: 
predicted_answer: no anatomical landmark identified
confidence_score: 0.7585
textual_explanation: The CATA-Final model predicts ""no anatomical landmark identified"". The newly generated visual explanation highlights morphology/TDA structural support, color and mucosal-texture support, a relatively focal heatmap region, possible specular artifact burden. Targeted self-probes for this generic question produced mixed support: evidence of ulcerative colitis involvement; No evidence of imaging artifacts present; focal and diffuse abnormalities present. Because these probes do not fully agree with the primary answer, the explanation is treated cautiously. Overall support is mixed; the reliability score combines morphology/TDA saliency, heatmap concentration, color/texture support, artifact burden, answer specificity, and self-probe agreement. The original question was: Which anatomical landmark is visible in the image?. This explanation is intended for clinician review and should be interpreted alongside the image rather than as a standalone diagnosis.
visual_explanation_summary:
- type=heatmap; path=visuals/1169_heatmap.png; description=Fresh CATA-Final / D1 heatmap combining morphology/TDA saliency, color/edge evidence, and artifact suppression.
- type=evidence_json; path=visuals/1169_evidence.json; description=Structured visual evidence and confidence inputs used by the explanation generator.

Remember: return strict JSON only."
231,1180,clb0kvxvu917o074y3ejb1sxw,Are there any green or black box artifacts present?,No evidence of box artifacts observed,"Score each criterion from 1 to 5:
1 = poor, 2 = weak, 3 = acceptable, 4 = good, 5 = excellent.

Criteria:
- correctness: the answer and explanation are consistent with the question and available reference information.
- faithfulness: the explanation supports the predicted answer without inventing unsupported claims.
- relevance: the explanation focuses on visual/question evidence that matters for the answer.
- clarity: the explanation is readable, concise, and clinically understandable.
- completeness: the explanation covers the key evidence needed to justify the answer.

Return JSON with exactly these keys:
{
  ""correctness"": <integer 1-5>,
  ""faithfulness"": <integer 1-5>,
  ""relevance"": <integer 1-5>,
  ""clarity"": <integer 1-5>,
  ""completeness"": <integer 1-5>,
  ""rationale"": ""short explanation""
}

Evaluate this Task 2 explanation.

val_id: 1180
img_id: clb0kvxvu917o074y3ejb1sxw
question: Are there any green or black box artifacts present?
reference_answer_if_available: 
predicted_answer: No evidence of box artifacts observed
confidence_score: 0.6354
textual_explanation: The CATA-Final model predicts ""No evidence of box artifacts observed"". The newly generated visual explanation highlights morphology/TDA structural support, color and mucosal-texture support, a relatively focal heatmap region, possible specular artifact burden. Targeted self-probes for this color question produced mixed support: multiple colors including pink, red, and white; evidence of mucosal erythema; multiple color changes including pink, red, and white areas. Because these probes do not fully agree with the primary answer, the explanation is treated cautiously. Overall support is mixed; the reliability score combines morphology/TDA saliency, heatmap concentration, color/texture support, artifact burden, answer specificity, and self-probe agreement. The original question was: Are there any green or black box artifacts present?. This explanation is intended for clinician review and should be interpreted alongside the image rather than as a standalone diagnosis.
visual_explanation_summary:
- type=heatmap; path=visuals/1180_heatmap.png; description=Fresh CATA-Final / D1 heatmap combining morphology/TDA saliency, color/edge evidence, and artifact suppression.
- type=evidence_json; path=visuals/1180_evidence.json; description=Structured visual evidence and confidence inputs used by the explanation generator.

Remember: return strict JSON only."
232,1182,cl8k2u1rh1g530832bv6ddmnn,Were all polyps completely excised?,Some polyps remain in the colon,"Score each criterion from 1 to 5:
1 = poor, 2 = weak, 3 = acceptable, 4 = good, 5 = excellent.

Criteria:
- correctness: the answer and explanation are consistent with the question and available reference information.
- faithfulness: the explanation supports the predicted answer without inventing unsupported claims.
- relevance: the explanation focuses on visual/question evidence that matters for the answer.
- clarity: the explanation is readable, concise, and clinically understandable.
- completeness: the explanation covers the key evidence needed to justify the answer.

Return JSON with exactly these keys:
{
  ""correctness"": <integer 1-5>,
  ""faithfulness"": <integer 1-5>,
  ""relevance"": <integer 1-5>,
  ""clarity"": <integer 1-5>,
  ""completeness"": <integer 1-5>,
  ""rationale"": ""short explanation""
}

Evaluate this Task 2 explanation.

val_id: 1182
img_id: cl8k2u1rh1g530832bv6ddmnn
question: Were all polyps completely excised?
reference_answer_if_available: 
predicted_answer: Some polyps remain in the colon
confidence_score: 0.9078
textual_explanation: The CATA-Final model predicts ""Some polyps remain in the colon"". The newly generated visual explanation highlights morphology/TDA structural support, color and mucosal-texture support, a relatively focal heatmap region. Targeted self-probes for this lesion question supported the primary answer: presence of a polypoid lesion noted; The lesion exhibits a polypoid appearance and is distributed across multiple regions including central, upper-right, lower-center, and lower-left areas.; evidence of mucosal polypoid lesion. Overall support is moderate; the reliability score combines morphology/TDA saliency, heatmap concentration, color/texture support, artifact burden, answer specificity, and self-probe agreement. The original question was: Were all polyps completely excised?. This explanation is intended for clinician review and should be interpreted alongside the image rather than as a standalone diagnosis.
visual_explanation_summary:
- type=heatmap; path=visuals/1182_heatmap.png; description=Fresh CATA-Final / D1 heatmap combining morphology/TDA saliency, color/edge evidence, and artifact suppression.
- type=evidence_json; path=visuals/1182_evidence.json; description=Structured visual evidence and confidence inputs used by the explanation generator.

Remember: return strict JSON only."
233,1186,clb0kvxwo92hs074y8p8h4lm3,Is there any visible polyp present?,No polyp detected,"Score each criterion from 1 to 5:
1 = poor, 2 = weak, 3 = acceptable, 4 = good, 5 = excellent.

Criteria:
- correctness: the answer and explanation are consistent with the question and available reference information.
- faithfulness: the explanation supports the predicted answer without inventing unsupported claims.
- relevance: the explanation focuses on visual/question evidence that matters for the answer.
- clarity: the explanation is readable, concise, and clinically understandable.
- completeness: the explanation covers the key evidence needed to justify the answer.

Return JSON with exactly these keys:
{
  ""correctness"": <integer 1-5>,
  ""faithfulness"": <integer 1-5>,
  ""relevance"": <integer 1-5>,
  ""clarity"": <integer 1-5>,
  ""completeness"": <integer 1-5>,
  ""rationale"": ""short explanation""
}

Evaluate this Task 2 explanation.

val_id: 1186
img_id: clb0kvxwo92hs074y8p8h4lm3
question: Is there any visible polyp present?
reference_answer_if_available: 
predicted_answer: No polyp detected
confidence_score: 0.6223
textual_explanation: The CATA-Final model predicts ""No polyp detected"". The newly generated visual explanation highlights morphology/TDA structural support, color and mucosal-texture support, a relatively focal heatmap region, possible specular artifact burden. Targeted self-probes for this lesion question produced mixed support: No polypoid lesion identified, with no evidence of mucosal abnormalities; No polyp identified with no evidence of multiple lesions; evidence of esophageal inflammation. Because these probes do not fully agree with the primary answer, the explanation is treated cautiously. Overall support is mixed; the reliability score combines morphology/TDA saliency, heatmap concentration, color/texture support, artifact burden, answer specificity, and self-probe agreement. The original question was: Is there any visible polyp present?. This explanation is intended for clinician review and should be interpreted alongside the image rather than as a standalone diagnosis.
visual_explanation_summary:
- type=heatmap; path=visuals/1186_heatmap.png; description=Fresh CATA-Final / D1 heatmap combining morphology/TDA saliency, color/edge evidence, and artifact suppression.
- type=evidence_json; path=visuals/1186_evidence.json; description=Structured visual evidence and confidence inputs used by the explanation generator.

Remember: return strict JSON only."
234,1195,cla820glts4y3071u46ye8u85,Which anatomical landmarks are visible in the image?,no anatomical landmarks identified,"Score each criterion from 1 to 5:
1 = poor, 2 = weak, 3 = acceptable, 4 = good, 5 = excellent.

Criteria:
- correctness: the answer and explanation are consistent with the question and available reference information.
- faithfulness: the explanation supports the predicted answer without inventing unsupported claims.
- relevance: the explanation focuses on visual/question evidence that matters for the answer.
- clarity: the explanation is readable, concise, and clinically understandable.
- completeness: the explanation covers the key evidence needed to justify the answer.

Return JSON with exactly these keys:
{
  ""correctness"": <integer 1-5>,
  ""faithfulness"": <integer 1-5>,
  ""relevance"": <integer 1-5>,
  ""clarity"": <integer 1-5>,
  ""completeness"": <integer 1-5>,
  ""rationale"": ""short explanation""
}

Evaluate this Task 2 explanation.

val_id: 1195
img_id: cla820glts4y3071u46ye8u85
question: Which anatomical landmarks are visible in the image?
reference_answer_if_available: 
predicted_answer: no anatomical landmarks identified
confidence_score: 0.7244
textual_explanation: The CATA-Final model predicts ""no anatomical landmarks identified"". The newly generated visual explanation highlights morphology/TDA structural support, color and mucosal-texture support, a relatively focal heatmap region. Targeted self-probes for this generic question produced mixed support: evidence of mucosal inflammation in the colon; No evidence of imaging artifacts present; evidence distributed across multiple regions. Because these probes do not fully agree with the primary answer, the explanation is treated cautiously. Overall support is mixed; the reliability score combines morphology/TDA saliency, heatmap concentration, color/texture support, artifact burden, answer specificity, and self-probe agreement. The original question was: Which anatomical landmarks are visible in the image?. This explanation is intended for clinician review and should be interpreted alongside the image rather than as a standalone diagnosis.
visual_explanation_summary:
- type=heatmap; path=visuals/1195_heatmap.png; description=Fresh CATA-Final / D1 heatmap combining morphology/TDA saliency, color/edge evidence, and artifact suppression.
- type=evidence_json; path=visuals/1195_evidence.json; description=Structured visual evidence and confidence inputs used by the explanation generator.

Remember: return strict JSON only."
235,1196,cla820glzs54r071udfzp9q0y,What type of polyp is observed in the colon?,no polypoid lesions identified,"Score each criterion from 1 to 5:
1 = poor, 2 = weak, 3 = acceptable, 4 = good, 5 = excellent.

Criteria:
- correctness: the answer and explanation are consistent with the question and available reference information.
- faithfulness: the explanation supports the predicted answer without inventing unsupported claims.
- relevance: the explanation focuses on visual/question evidence that matters for the answer.
- clarity: the explanation is readable, concise, and clinically understandable.
- completeness: the explanation covers the key evidence needed to justify the answer.

Return JSON with exactly these keys:
{
  ""correctness"": <integer 1-5>,
  ""faithfulness"": <integer 1-5>,
  ""relevance"": <integer 1-5>,
  ""clarity"": <integer 1-5>,
  ""completeness"": <integer 1-5>,
  ""rationale"": ""short explanation""
}

Evaluate this Task 2 explanation.

val_id: 1196
img_id: cla820glzs54r071udfzp9q0y
question: What type of polyp is observed in the colon?
reference_answer_if_available: 
predicted_answer: no polypoid lesions identified
confidence_score: 0.7761
textual_explanation: The CATA-Final model predicts ""no polypoid lesions identified"". The newly generated visual explanation highlights morphology/TDA structural support, color and mucosal-texture support, a relatively focal heatmap region. Targeted self-probes for this lesion question produced mixed support: No polypoid lesion identified, with no evidence of mucosal abnormalities; No polyp identified with no central or upper-lower region involvement.; evidence of inflammatory changes consistent with ulcerative colitis. Because these probes do not fully agree with the primary answer, the explanation is treated cautiously. Overall support is mixed; the reliability score combines morphology/TDA saliency, heatmap concentration, color/texture support, artifact burden, answer specificity, and self-probe agreement. The original question was: What type of polyp is observed in the colon?. This explanation is intended for clinician review and should be interpreted alongside the image rather than as a standalone diagnosis.
visual_explanation_summary:
- type=heatmap; path=visuals/1196_heatmap.png; description=Fresh CATA-Final / D1 heatmap combining morphology/TDA saliency, color/edge evidence, and artifact suppression.
- type=evidence_json; path=visuals/1196_evidence.json; description=Structured visual evidence and confidence inputs used by the explanation generator.

Remember: return strict JSON only."
236,1197,clb0lbwzzdpsc086ubrzbcare,Is any text visible on the image?,Text is present on the image,"Score each criterion from 1 to 5:
1 = poor, 2 = weak, 3 = acceptable, 4 = good, 5 = excellent.

Criteria:
- correctness: the answer and explanation are consistent with the question and available reference information.
- faithfulness: the explanation supports the predicted answer without inventing unsupported claims.
- relevance: the explanation focuses on visual/question evidence that matters for the answer.
- clarity: the explanation is readable, concise, and clinically understandable.
- completeness: the explanation covers the key evidence needed to justify the answer.

Return JSON with exactly these keys:
{
  ""correctness"": <integer 1-5>,
  ""faithfulness"": <integer 1-5>,
  ""relevance"": <integer 1-5>,
  ""clarity"": <integer 1-5>,
  ""completeness"": <integer 1-5>,
  ""rationale"": ""short explanation""
}

Evaluate this Task 2 explanation.

val_id: 1197
img_id: clb0lbwzzdpsc086ubrzbcare
question: Is any text visible on the image?
reference_answer_if_available: 
predicted_answer: Text is present on the image
confidence_score: 0.95
textual_explanation: The CATA-Final model predicts ""Text is present on the image"". The newly generated visual explanation highlights morphology/TDA structural support, color and mucosal-texture support, a relatively focal heatmap region. Targeted self-probes for this visible_text question supported the primary answer: Text is present in the image; text observed in upper-right and center-left regions; text is present and appears on the image. Overall support is moderate; the reliability score combines morphology/TDA saliency, heatmap concentration, color/texture support, artifact burden, answer specificity, and self-probe agreement. The original question was: Is any text visible on the image?. This explanation is intended for clinician review and should be interpreted alongside the image rather than as a standalone diagnosis.
visual_explanation_summary:
- type=heatmap; path=visuals/1197_heatmap.png; description=Fresh CATA-Final / D1 heatmap combining morphology/TDA saliency, color/edge evidence, and artifact suppression.
- type=evidence_json; path=visuals/1197_evidence.json; description=Structured visual evidence and confidence inputs used by the explanation generator.

Remember: return strict JSON only."
237,1204,clb0kvxw891rk074yh9zf0mvw,What are the colors of the abnormal findings?,"pink, red, and white lesions observed","Score each criterion from 1 to 5:
1 = poor, 2 = weak, 3 = acceptable, 4 = good, 5 = excellent.

Criteria:
- correctness: the answer and explanation are consistent with the question and available reference information.
- faithfulness: the explanation supports the predicted answer without inventing unsupported claims.
- relevance: the explanation focuses on visual/question evidence that matters for the answer.
- clarity: the explanation is readable, concise, and clinically understandable.
- completeness: the explanation covers the key evidence needed to justify the answer.

Return JSON with exactly these keys:
{
  ""correctness"": <integer 1-5>,
  ""faithfulness"": <integer 1-5>,
  ""relevance"": <integer 1-5>,
  ""clarity"": <integer 1-5>,
  ""completeness"": <integer 1-5>,
  ""rationale"": ""short explanation""
}

Evaluate this Task 2 explanation.

val_id: 1204
img_id: clb0kvxw891rk074yh9zf0mvw
question: What are the colors of the abnormal findings?
reference_answer_if_available: 
predicted_answer: pink, red, and white lesions observed
confidence_score: 0.9477
textual_explanation: The CATA-Final model predicts ""pink, red, and white lesions observed"". The newly generated visual explanation highlights morphology/TDA structural support, color and mucosal-texture support, a relatively focal heatmap region. Targeted self-probes for this color question supported the primary answer: pink, red, and white lesions observed; mucosal erythema present; multiple color variations including pink, red, white, and grey. Overall support is moderate; the reliability score combines morphology/TDA saliency, heatmap concentration, color/texture support, artifact burden, answer specificity, and self-probe agreement. The original question was: What are the colors of the abnormal findings?. This explanation is intended for clinician review and should be interpreted alongside the image rather than as a standalone diagnosis.
visual_explanation_summary:
- type=heatmap; path=visuals/1204_heatmap.png; description=Fresh CATA-Final / D1 heatmap combining morphology/TDA saliency, color/edge evidence, and artifact suppression.
- type=evidence_json; path=visuals/1204_evidence.json; description=Structured visual evidence and confidence inputs used by the explanation generator.

Remember: return strict JSON only."
238,1205,clb0kvxvz91ec074y2utnddy4,Is there any remaining polyp tissue following the procedure?,No residual polyp tissue identified,"Score each criterion from 1 to 5:
1 = poor, 2 = weak, 3 = acceptable, 4 = good, 5 = excellent.

Criteria:
- correctness: the answer and explanation are consistent with the question and available reference information.
- faithfulness: the explanation supports the predicted answer without inventing unsupported claims.
- relevance: the explanation focuses on visual/question evidence that matters for the answer.
- clarity: the explanation is readable, concise, and clinically understandable.
- completeness: the explanation covers the key evidence needed to justify the answer.

Return JSON with exactly these keys:
{
  ""correctness"": <integer 1-5>,
  ""faithfulness"": <integer 1-5>,
  ""relevance"": <integer 1-5>,
  ""clarity"": <integer 1-5>,
  ""completeness"": <integer 1-5>,
  ""rationale"": ""short explanation""
}

Evaluate this Task 2 explanation.

val_id: 1205
img_id: clb0kvxvz91ec074y2utnddy4
question: Is there any remaining polyp tissue following the procedure?
reference_answer_if_available: 
predicted_answer: No residual polyp tissue identified
confidence_score: 0.6202
textual_explanation: The CATA-Final model predicts ""No residual polyp tissue identified"". The newly generated visual explanation highlights morphology/TDA structural support, color and mucosal-texture support, a relatively focal heatmap region, possible specular artifact burden. Targeted self-probes for this procedure question produced mixed support: Evidence of gastroscopy with z-line visualization; evidence of esophageal mucosa; No artifacts or overlays are present in the image.. Because these probes do not fully agree with the primary answer, the explanation is treated cautiously. Overall support is mixed; the reliability score combines morphology/TDA saliency, heatmap concentration, color/texture support, artifact burden, answer specificity, and self-probe agreement. The original question was: Is there any remaining polyp tissue following the procedure?. This explanation is intended for clinician review and should be interpreted alongside the image rather than as a standalone diagnosis.
visual_explanation_summary:
- type=heatmap; path=visuals/1205_heatmap.png; description=Fresh CATA-Final / D1 heatmap combining morphology/TDA saliency, color/edge evidence, and artifact suppression.
- type=evidence_json; path=visuals/1205_evidence.json; description=Structured visual evidence and confidence inputs used by the explanation generator.

Remember: return strict JSON only."
239,1206,cla820glhs4g3071ufew60vx0,Is there any remaining polyp tissue present?,No residual polyp tissue identified,"Score each criterion from 1 to 5:
1 = poor, 2 = weak, 3 = acceptable, 4 = good, 5 = excellent.

Criteria:
- correctness: the answer and explanation are consistent with the question and available reference information.
- faithfulness: the explanation supports the predicted answer without inventing unsupported claims.
- relevance: the explanation focuses on visual/question evidence that matters for the answer.
- clarity: the explanation is readable, concise, and clinically understandable.
- completeness: the explanation covers the key evidence needed to justify the answer.

Return JSON with exactly these keys:
{
  ""correctness"": <integer 1-5>,
  ""faithfulness"": <integer 1-5>,
  ""relevance"": <integer 1-5>,
  ""clarity"": <integer 1-5>,
  ""completeness"": <integer 1-5>,
  ""rationale"": ""short explanation""
}

Evaluate this Task 2 explanation.

val_id: 1206
img_id: cla820glhs4g3071ufew60vx0
question: Is there any remaining polyp tissue present?
reference_answer_if_available: 
predicted_answer: No residual polyp tissue identified
confidence_score: 0.7804
textual_explanation: The CATA-Final model predicts ""No residual polyp tissue identified"". The newly generated visual explanation highlights morphology/TDA structural support, color and mucosal-texture support, a relatively focal heatmap region. Targeted self-probes for this lesion question produced mixed support: No polypoid lesion identified, with no evidence of mucosal abnormalities; No polyp identified with no central or upper-lower region involvement.; evidence of inflammatory changes consistent with ulcerative colitis. Because these probes do not fully agree with the primary answer, the explanation is treated cautiously. Overall support is mixed; the reliability score combines morphology/TDA saliency, heatmap concentration, color/texture support, artifact burden, answer specificity, and self-probe agreement. The original question was: Is there any remaining polyp tissue present?. This explanation is intended for clinician review and should be interpreted alongside the image rather than as a standalone diagnosis.
visual_explanation_summary:
- type=heatmap; path=visuals/1206_heatmap.png; description=Fresh CATA-Final / D1 heatmap combining morphology/TDA saliency, color/edge evidence, and artifact suppression.
- type=evidence_json; path=visuals/1206_evidence.json; description=Structured visual evidence and confidence inputs used by the explanation generator.

Remember: return strict JSON only."
240,1209,cla820gmds5lb071ug0oedfn0,Which anatomical landmark is visible in the image?,no anatomical landmark identified,"Score each criterion from 1 to 5:
1 = poor, 2 = weak, 3 = acceptable, 4 = good, 5 = excellent.

Criteria:
- correctness: the answer and explanation are consistent with the question and available reference information.
- faithfulness: the explanation supports the predicted answer without inventing unsupported claims.
- relevance: the explanation focuses on visual/question evidence that matters for the answer.
- clarity: the explanation is readable, concise, and clinically understandable.
- completeness: the explanation covers the key evidence needed to justify the answer.

Return JSON with exactly these keys:
{
  ""correctness"": <integer 1-5>,
  ""faithfulness"": <integer 1-5>,
  ""relevance"": <integer 1-5>,
  ""clarity"": <integer 1-5>,
  ""completeness"": <integer 1-5>,
  ""rationale"": ""short explanation""
}

Evaluate this Task 2 explanation.

val_id: 1209
img_id: cla820gmds5lb071ug0oedfn0
question: Which anatomical landmark is visible in the image?
reference_answer_if_available: 
predicted_answer: no anatomical landmark identified
confidence_score: 0.7
textual_explanation: The CATA-Final model predicts ""no anatomical landmark identified"". The newly generated visual explanation highlights morphology/TDA structural support, color and mucosal-texture support, a relatively focal heatmap region. Targeted self-probes for this generic question produced mixed support: evidence of ulcerative colitis involvement; No evidence of imaging artifacts present; evidence distributed across multiple regions. Because these probes do not fully agree with the primary answer, the explanation is treated cautiously. Overall support is mixed; the reliability score combines morphology/TDA saliency, heatmap concentration, color/texture support, artifact burden, answer specificity, and self-probe agreement. The original question was: Which anatomical landmark is visible in the image?. This explanation is intended for clinician review and should be interpreted alongside the image rather than as a standalone diagnosis.
visual_explanation_summary:
- type=heatmap; path=visuals/1209_heatmap.png; description=Fresh CATA-Final / D1 heatmap combining morphology/TDA saliency, color/edge evidence, and artifact suppression.
- type=evidence_json; path=visuals/1209_evidence.json; description=Structured visual evidence and confidence inputs used by the explanation generator.

Remember: return strict JSON only."
241,1220,clb0kvxvj90t4074yfobabyxj,How many distinct abnormalities are observed?,two significant findings present,"Score each criterion from 1 to 5:
1 = poor, 2 = weak, 3 = acceptable, 4 = good, 5 = excellent.

Criteria:
- correctness: the answer and explanation are consistent with the question and available reference information.
- faithfulness: the explanation supports the predicted answer without inventing unsupported claims.
- relevance: the explanation focuses on visual/question evidence that matters for the answer.
- clarity: the explanation is readable, concise, and clinically understandable.
- completeness: the explanation covers the key evidence needed to justify the answer.

Return JSON with exactly these keys:
{
  ""correctness"": <integer 1-5>,
  ""faithfulness"": <integer 1-5>,
  ""relevance"": <integer 1-5>,
  ""clarity"": <integer 1-5>,
  ""completeness"": <integer 1-5>,
  ""rationale"": ""short explanation""
}

Evaluate this Task 2 explanation.

val_id: 1220
img_id: clb0kvxvj90t4074yfobabyxj
question: How many distinct abnormalities are observed?
reference_answer_if_available: 
predicted_answer: two significant findings present
confidence_score: 0.8487
textual_explanation: The CATA-Final model predicts ""two significant findings present"". The newly generated visual explanation highlights morphology/TDA structural support, color and mucosal-texture support, a relatively focal heatmap region. Targeted self-probes for this count question supported the primary answer: two discrete abnormalities noted; single abnormal finding present; No evidence of esophageal inflammation. Overall support is moderate; the reliability score combines morphology/TDA saliency, heatmap concentration, color/texture support, artifact burden, answer specificity, and self-probe agreement. The original question was: How many distinct abnormalities are observed?. This explanation is intended for clinician review and should be interpreted alongside the image rather than as a standalone diagnosis.
visual_explanation_summary:
- type=heatmap; path=visuals/1220_heatmap.png; description=Fresh CATA-Final / D1 heatmap combining morphology/TDA saliency, color/edge evidence, and artifact suppression.
- type=evidence_json; path=visuals/1220_evidence.json; description=Structured visual evidence and confidence inputs used by the explanation generator.

Remember: return strict JSON only."
242,1221,cla820glgs4ej071u4bkd4px4,What type of polyp is present?,No polyp identified,"Score each criterion from 1 to 5:
1 = poor, 2 = weak, 3 = acceptable, 4 = good, 5 = excellent.

Criteria:
- correctness: the answer and explanation are consistent with the question and available reference information.
- faithfulness: the explanation supports the predicted answer without inventing unsupported claims.
- relevance: the explanation focuses on visual/question evidence that matters for the answer.
- clarity: the explanation is readable, concise, and clinically understandable.
- completeness: the explanation covers the key evidence needed to justify the answer.

Return JSON with exactly these keys:
{
  ""correctness"": <integer 1-5>,
  ""faithfulness"": <integer 1-5>,
  ""relevance"": <integer 1-5>,
  ""clarity"": <integer 1-5>,
  ""completeness"": <integer 1-5>,
  ""rationale"": ""short explanation""
}

Evaluate this Task 2 explanation.

val_id: 1221
img_id: cla820glgs4ej071u4bkd4px4
question: What type of polyp is present?
reference_answer_if_available: 
predicted_answer: No polyp identified
confidence_score: 0.7515
textual_explanation: The CATA-Final model predicts ""No polyp identified"". The newly generated visual explanation highlights morphology/TDA structural support, color and mucosal-texture support, a relatively focal heatmap region. Targeted self-probes for this lesion question produced mixed support: No polypoid lesion identified, with no evidence of mucosal abnormalities; No polyp identified with no central or upper-lower region involvement.; evidence of inflammatory changes consistent with ulcerative colitis. Because these probes do not fully agree with the primary answer, the explanation is treated cautiously. Overall support is mixed; the reliability score combines morphology/TDA saliency, heatmap concentration, color/texture support, artifact burden, answer specificity, and self-probe agreement. The original question was: What type of polyp is present?. This explanation is intended for clinician review and should be interpreted alongside the image rather than as a standalone diagnosis.
visual_explanation_summary:
- type=heatmap; path=visuals/1221_heatmap.png; description=Fresh CATA-Final / D1 heatmap combining morphology/TDA saliency, color/edge evidence, and artifact suppression.
- type=evidence_json; path=visuals/1221_evidence.json; description=Structured visual evidence and confidence inputs used by the explanation generator.

Remember: return strict JSON only."
243,1226,cla820gl2s3r3071u9bnjbpck,How many distinct abnormalities are observed?,one abnormal finding present,"Score each criterion from 1 to 5:
1 = poor, 2 = weak, 3 = acceptable, 4 = good, 5 = excellent.

Criteria:
- correctness: the answer and explanation are consistent with the question and available reference information.
- faithfulness: the explanation supports the predicted answer without inventing unsupported claims.
- relevance: the explanation focuses on visual/question evidence that matters for the answer.
- clarity: the explanation is readable, concise, and clinically understandable.
- completeness: the explanation covers the key evidence needed to justify the answer.

Return JSON with exactly these keys:
{
  ""correctness"": <integer 1-5>,
  ""faithfulness"": <integer 1-5>,
  ""relevance"": <integer 1-5>,
  ""clarity"": <integer 1-5>,
  ""completeness"": <integer 1-5>,
  ""rationale"": ""short explanation""
}

Evaluate this Task 2 explanation.

val_id: 1226
img_id: cla820gl2s3r3071u9bnjbpck
question: How many distinct abnormalities are observed?
reference_answer_if_available: 
predicted_answer: one abnormal finding present
confidence_score: 0.95
textual_explanation: The CATA-Final model predicts ""one abnormal finding present"". The newly generated visual explanation highlights morphology/TDA structural support, color and mucosal-texture support, a relatively focal heatmap region. Targeted self-probes for this count question supported the primary answer: one abnormal region identified; One abnormal finding noted; No evidence of ulcerative colitis. Overall support is moderate; the reliability score combines morphology/TDA saliency, heatmap concentration, color/texture support, artifact burden, answer specificity, and self-probe agreement. The original question was: How many distinct abnormalities are observed?. This explanation is intended for clinician review and should be interpreted alongside the image rather than as a standalone diagnosis.
visual_explanation_summary:
- type=heatmap; path=visuals/1226_heatmap.png; description=Fresh CATA-Final / D1 heatmap combining morphology/TDA saliency, color/edge evidence, and artifact suppression.
- type=evidence_json; path=visuals/1226_evidence.json; description=Structured visual evidence and confidence inputs used by the explanation generator.

Remember: return strict JSON only."
244,1232,cl8k2u1r71foz083278j63qnm,What type of polyp is observed in the colon?,evidence of paris-type polyp,"Score each criterion from 1 to 5:
1 = poor, 2 = weak, 3 = acceptable, 4 = good, 5 = excellent.

Criteria:
- correctness: the answer and explanation are consistent with the question and available reference information.
- faithfulness: the explanation supports the predicted answer without inventing unsupported claims.
- relevance: the explanation focuses on visual/question evidence that matters for the answer.
- clarity: the explanation is readable, concise, and clinically understandable.
- completeness: the explanation covers the key evidence needed to justify the answer.

Return JSON with exactly these keys:
{
  ""correctness"": <integer 1-5>,
  ""faithfulness"": <integer 1-5>,
  ""relevance"": <integer 1-5>,
  ""clarity"": <integer 1-5>,
  ""completeness"": <integer 1-5>,
  ""rationale"": ""short explanation""
}

Evaluate this Task 2 explanation.

val_id: 1232
img_id: cl8k2u1r71foz083278j63qnm
question: What type of polyp is observed in the colon?
reference_answer_if_available: 
predicted_answer: evidence of paris-type polyp
confidence_score: 0.95
textual_explanation: The CATA-Final model predicts ""evidence of paris-type polyp"". The newly generated visual explanation highlights morphology/TDA structural support, color and mucosal-texture support, a relatively focal heatmap region. Targeted self-probes for this lesion question supported the primary answer: presence of a polypoid lesion detected; The lesion exhibits a polypoid appearance and is located in the central region.; evidence of mucosal polypoid lesion. Overall support is moderate; the reliability score combines morphology/TDA saliency, heatmap concentration, color/texture support, artifact burden, answer specificity, and self-probe agreement. The original question was: What type of polyp is observed in the colon?. This explanation is intended for clinician review and should be interpreted alongside the image rather than as a standalone diagnosis.
visual_explanation_summary:
- type=heatmap; path=visuals/1232_heatmap.png; description=Fresh CATA-Final / D1 heatmap combining morphology/TDA saliency, color/edge evidence, and artifact suppression.
- type=evidence_json; path=visuals/1232_evidence.json; description=Structured visual evidence and confidence inputs used by the explanation generator.

Remember: return strict JSON only."
245,1236,clb0kvxvs915o074yaixt43zj,What type of polyp is identified in the examination?,no polyp detected,"Score each criterion from 1 to 5:
1 = poor, 2 = weak, 3 = acceptable, 4 = good, 5 = excellent.

Criteria:
- correctness: the answer and explanation are consistent with the question and available reference information.
- faithfulness: the explanation supports the predicted answer without inventing unsupported claims.
- relevance: the explanation focuses on visual/question evidence that matters for the answer.
- clarity: the explanation is readable, concise, and clinically understandable.
- completeness: the explanation covers the key evidence needed to justify the answer.

Return JSON with exactly these keys:
{
  ""correctness"": <integer 1-5>,
  ""faithfulness"": <integer 1-5>,
  ""relevance"": <integer 1-5>,
  ""clarity"": <integer 1-5>,
  ""completeness"": <integer 1-5>,
  ""rationale"": ""short explanation""
}

Evaluate this Task 2 explanation.

val_id: 1236
img_id: clb0kvxvs915o074yaixt43zj
question: What type of polyp is identified in the examination?
reference_answer_if_available: 
predicted_answer: no polyp detected
confidence_score: 0.6898
textual_explanation: The CATA-Final model predicts ""no polyp detected"". The newly generated visual explanation highlights morphology/TDA structural support, color and mucosal-texture support, a relatively focal heatmap region. Targeted self-probes for this lesion question produced mixed support: No polypoid lesion identified, with no evidence of abnormal mucosal changes; No polyp identified with no evidence of multiple lesions; evidence of esophageal inflammation. Because these probes do not fully agree with the primary answer, the explanation is treated cautiously. Overall support is mixed; the reliability score combines morphology/TDA saliency, heatmap concentration, color/texture support, artifact burden, answer specificity, and self-probe agreement. The original question was: What type of polyp is identified in the examination?. This explanation is intended for clinician review and should be interpreted alongside the image rather than as a standalone diagnosis.
visual_explanation_summary:
- type=heatmap; path=visuals/1236_heatmap.png; description=Fresh CATA-Final / D1 heatmap combining morphology/TDA saliency, color/edge evidence, and artifact suppression.
- type=evidence_json; path=visuals/1236_evidence.json; description=Structured visual evidence and confidence inputs used by the explanation generator.

Remember: return strict JSON only."
246,1242,clb0kvxvi90r4074yavx6d87z,What are the colors of the observed abnormalities?,"multiple lesions with pink, red, and white discoloration","Score each criterion from 1 to 5:
1 = poor, 2 = weak, 3 = acceptable, 4 = good, 5 = excellent.

Criteria:
- correctness: the answer and explanation are consistent with the question and available reference information.
- faithfulness: the explanation supports the predicted answer without inventing unsupported claims.
- relevance: the explanation focuses on visual/question evidence that matters for the answer.
- clarity: the explanation is readable, concise, and clinically understandable.
- completeness: the explanation covers the key evidence needed to justify the answer.

Return JSON with exactly these keys:
{
  ""correctness"": <integer 1-5>,
  ""faithfulness"": <integer 1-5>,
  ""relevance"": <integer 1-5>,
  ""clarity"": <integer 1-5>,
  ""completeness"": <integer 1-5>,
  ""rationale"": ""short explanation""
}

Evaluate this Task 2 explanation.

val_id: 1242
img_id: clb0kvxvi90r4074yavx6d87z
question: What are the colors of the observed abnormalities?
reference_answer_if_available: 
predicted_answer: multiple lesions with pink, red, and white discoloration
confidence_score: 0.816
textual_explanation: The CATA-Final model predicts ""multiple lesions with pink, red, and white discoloration"". The newly generated visual explanation highlights morphology/TDA structural support, color and mucosal-texture support, a relatively focal heatmap region, possible specular artifact burden. Targeted self-probes for this color question supported the primary answer: pink, red, and white lesions observed; mucosal erythema present; multiple color changes including pink, red, white, and grey. Overall support is moderate; the reliability score combines morphology/TDA saliency, heatmap concentration, color/texture support, artifact burden, answer specificity, and self-probe agreement. The original question was: What are the colors of the observed abnormalities?. This explanation is intended for clinician review and should be interpreted alongside the image rather than as a standalone diagnosis.
visual_explanation_summary:
- type=heatmap; path=visuals/1242_heatmap.png; description=Fresh CATA-Final / D1 heatmap combining morphology/TDA saliency, color/edge evidence, and artifact suppression.
- type=evidence_json; path=visuals/1242_evidence.json; description=Structured visual evidence and confidence inputs used by the explanation generator.

Remember: return strict JSON only."
247,1247,cl8k2u1q21eer0832g5da47u4,What is the size of the identified polyp?,polyp measuring 5 to 10 millimeters,"Score each criterion from 1 to 5:
1 = poor, 2 = weak, 3 = acceptable, 4 = good, 5 = excellent.

Criteria:
- correctness: the answer and explanation are consistent with the question and available reference information.
- faithfulness: the explanation supports the predicted answer without inventing unsupported claims.
- relevance: the explanation focuses on visual/question evidence that matters for the answer.
- clarity: the explanation is readable, concise, and clinically understandable.
- completeness: the explanation covers the key evidence needed to justify the answer.

Return JSON with exactly these keys:
{
  ""correctness"": <integer 1-5>,
  ""faithfulness"": <integer 1-5>,
  ""relevance"": <integer 1-5>,
  ""clarity"": <integer 1-5>,
  ""completeness"": <integer 1-5>,
  ""rationale"": ""short explanation""
}

Evaluate this Task 2 explanation.

val_id: 1247
img_id: cl8k2u1q21eer0832g5da47u4
question: What is the size of the identified polyp?
reference_answer_if_available: 
predicted_answer: polyp measuring 5 to 10 millimeters
confidence_score: 0.9315
textual_explanation: The CATA-Final model predicts ""polyp measuring 5 to 10 millimeters"". The newly generated visual explanation highlights morphology/TDA structural support, color and mucosal-texture support, a relatively focal heatmap region, possible specular artifact burden. Targeted self-probes for this size question supported the primary answer: lesion measures between 5 to 10 millimeters; The lesion measures less than 5 millimeters in size.; No evidence of polypoid lesion detected. Overall support is moderate; the reliability score combines morphology/TDA saliency, heatmap concentration, color/texture support, artifact burden, answer specificity, and self-probe agreement. The original question was: What is the size of the identified polyp?. This explanation is intended for clinician review and should be interpreted alongside the image rather than as a standalone diagnosis.
visual_explanation_summary:
- type=heatmap; path=visuals/1247_heatmap.png; description=Fresh CATA-Final / D1 heatmap combining morphology/TDA saliency, color/edge evidence, and artifact suppression.
- type=evidence_json; path=visuals/1247_evidence.json; description=Structured visual evidence and confidence inputs used by the explanation generator.

Remember: return strict JSON only."
248,1266,clb0kvxvk90vg074y0dhtdpmt,Are there any green or black box artifacts present?,No evidence of box artifacts observed,"Score each criterion from 1 to 5:
1 = poor, 2 = weak, 3 = acceptable, 4 = good, 5 = excellent.

Criteria:
- correctness: the answer and explanation are consistent with the question and available reference information.
- faithfulness: the explanation supports the predicted answer without inventing unsupported claims.
- relevance: the explanation focuses on visual/question evidence that matters for the answer.
- clarity: the explanation is readable, concise, and clinically understandable.
- completeness: the explanation covers the key evidence needed to justify the answer.

Return JSON with exactly these keys:
{
  ""correctness"": <integer 1-5>,
  ""faithfulness"": <integer 1-5>,
  ""relevance"": <integer 1-5>,
  ""clarity"": <integer 1-5>,
  ""completeness"": <integer 1-5>,
  ""rationale"": ""short explanation""
}

Evaluate this Task 2 explanation.

val_id: 1266
img_id: clb0kvxvk90vg074y0dhtdpmt
question: Are there any green or black box artifacts present?
reference_answer_if_available: 
predicted_answer: No evidence of box artifacts observed
confidence_score: 0.6335
textual_explanation: The CATA-Final model predicts ""No evidence of box artifacts observed"". The newly generated visual explanation highlights morphology/TDA structural support, color and mucosal-texture support, a relatively focal heatmap region, possible specular artifact burden. Targeted self-probes for this color question produced mixed support: multiple colors including pink, red, and white; mucosal erythema present; multiple color changes including pink, red, white, and grey. Because these probes do not fully agree with the primary answer, the explanation is treated cautiously. Overall support is mixed; the reliability score combines morphology/TDA saliency, heatmap concentration, color/texture support, artifact burden, answer specificity, and self-probe agreement. The original question was: Are there any green or black box artifacts present?. This explanation is intended for clinician review and should be interpreted alongside the image rather than as a standalone diagnosis.
visual_explanation_summary:
- type=heatmap; path=visuals/1266_heatmap.png; description=Fresh CATA-Final / D1 heatmap combining morphology/TDA saliency, color/edge evidence, and artifact suppression.
- type=evidence_json; path=visuals/1266_evidence.json; description=Structured visual evidence and confidence inputs used by the explanation generator.

Remember: return strict JSON only."
249,1280,clb0lbx1kdql8086u4dg7e1ln,Are there any green or black box-like artifacts present?,No evidence of box-like artifacts observed,"Score each criterion from 1 to 5:
1 = poor, 2 = weak, 3 = acceptable, 4 = good, 5 = excellent.

Criteria:
- correctness: the answer and explanation are consistent with the question and available reference information.
- faithfulness: the explanation supports the predicted answer without inventing unsupported claims.
- relevance: the explanation focuses on visual/question evidence that matters for the answer.
- clarity: the explanation is readable, concise, and clinically understandable.
- completeness: the explanation covers the key evidence needed to justify the answer.

Return JSON with exactly these keys:
{
  ""correctness"": <integer 1-5>,
  ""faithfulness"": <integer 1-5>,
  ""relevance"": <integer 1-5>,
  ""clarity"": <integer 1-5>,
  ""completeness"": <integer 1-5>,
  ""rationale"": ""short explanation""
}

Evaluate this Task 2 explanation.

val_id: 1280
img_id: clb0lbx1kdql8086u4dg7e1ln
question: Are there any green or black box-like artifacts present?
reference_answer_if_available: 
predicted_answer: No evidence of box-like artifacts observed
confidence_score: 0.7169
textual_explanation: The CATA-Final model predicts ""No evidence of box-like artifacts observed"". The newly generated visual explanation highlights morphology/TDA structural support, color and mucosal-texture support, a relatively focal heatmap region, possible specular artifact burden. Targeted self-probes for this color question produced mixed support: multiple colors including pink, red, and white; mucosal erythema noted; Multiple color changes including pink, red, white, and yellow are present.. Because these probes do not fully agree with the primary answer, the explanation is treated cautiously. Overall support is mixed; the reliability score combines morphology/TDA saliency, heatmap concentration, color/texture support, artifact burden, answer specificity, and self-probe agreement. The original question was: Are there any green or black box-like artifacts present?. This explanation is intended for clinician review and should be interpreted alongside the image rather than as a standalone diagnosis.
visual_explanation_summary:
- type=heatmap; path=visuals/1280_heatmap.png; description=Fresh CATA-Final / D1 heatmap combining morphology/TDA saliency, color/edge evidence, and artifact suppression.
- type=evidence_json; path=visuals/1280_evidence.json; description=Structured visual evidence and confidence inputs used by the explanation generator.

Remember: return strict JSON only."
250,1285,cla820gmjs5uf071u0c8y2918,Are there any green or black box-shaped artifacts visible?,evidence of green and black box artifacts,"Score each criterion from 1 to 5:
1 = poor, 2 = weak, 3 = acceptable, 4 = good, 5 = excellent.

Criteria:
- correctness: the answer and explanation are consistent with the question and available reference information.
- faithfulness: the explanation supports the predicted answer without inventing unsupported claims.
- relevance: the explanation focuses on visual/question evidence that matters for the answer.
- clarity: the explanation is readable, concise, and clinically understandable.
- completeness: the explanation covers the key evidence needed to justify the answer.

Return JSON with exactly these keys:
{
  ""correctness"": <integer 1-5>,
  ""faithfulness"": <integer 1-5>,
  ""relevance"": <integer 1-5>,
  ""clarity"": <integer 1-5>,
  ""completeness"": <integer 1-5>,
  ""rationale"": ""short explanation""
}

Evaluate this Task 2 explanation.

val_id: 1285
img_id: cla820gmjs5uf071u0c8y2918
question: Are there any green or black box-shaped artifacts visible?
reference_answer_if_available: 
predicted_answer: evidence of green and black box artifacts
confidence_score: 0.95
textual_explanation: The CATA-Final model predicts ""evidence of green and black box artifacts"". The newly generated visual explanation highlights morphology/TDA structural support, color and mucosal-texture support, a relatively focal heatmap region. Targeted self-probes for this color question supported the primary answer: multiple colors including pink, red, white, and yellow; evidence of mucosal erythema; Multiple color changes including pink, red, white, and yellow are present.. Overall support is moderate; the reliability score combines morphology/TDA saliency, heatmap concentration, color/texture support, artifact burden, answer specificity, and self-probe agreement. The original question was: Are there any green or black box-shaped artifacts visible?. This explanation is intended for clinician review and should be interpreted alongside the image rather than as a standalone diagnosis.
visual_explanation_summary:
- type=heatmap; path=visuals/1285_heatmap.png; description=Fresh CATA-Final / D1 heatmap combining morphology/TDA saliency, color/edge evidence, and artifact suppression.
- type=evidence_json; path=visuals/1285_evidence.json; description=Structured visual evidence and confidence inputs used by the explanation generator.

Remember: return strict JSON only."
251,1287,cl8k2u1qp1f1n0832ffon5q9i,What type of polyp is identified in the image?,evidence of paris-type polyp,"Score each criterion from 1 to 5:
1 = poor, 2 = weak, 3 = acceptable, 4 = good, 5 = excellent.

Criteria:
- correctness: the answer and explanation are consistent with the question and available reference information.
- faithfulness: the explanation supports the predicted answer without inventing unsupported claims.
- relevance: the explanation focuses on visual/question evidence that matters for the answer.
- clarity: the explanation is readable, concise, and clinically understandable.
- completeness: the explanation covers the key evidence needed to justify the answer.

Return JSON with exactly these keys:
{
  ""correctness"": <integer 1-5>,
  ""faithfulness"": <integer 1-5>,
  ""relevance"": <integer 1-5>,
  ""clarity"": <integer 1-5>,
  ""completeness"": <integer 1-5>,
  ""rationale"": ""short explanation""
}

Evaluate this Task 2 explanation.

val_id: 1287
img_id: cl8k2u1qp1f1n0832ffon5q9i
question: What type of polyp is identified in the image?
reference_answer_if_available: 
predicted_answer: evidence of paris-type polyp
confidence_score: 0.95
textual_explanation: The CATA-Final model predicts ""evidence of paris-type polyp"". The newly generated visual explanation highlights morphology/TDA structural support, color and mucosal-texture support, a relatively focal heatmap region. Targeted self-probes for this lesion question supported the primary answer: polypoid lesion noted in the colon; The lesion exhibits a polypoid appearance and is located in the central region.; evidence of mucosal polypoid lesion. Overall support is moderate; the reliability score combines morphology/TDA saliency, heatmap concentration, color/texture support, artifact burden, answer specificity, and self-probe agreement. The original question was: What type of polyp is identified in the image?. This explanation is intended for clinician review and should be interpreted alongside the image rather than as a standalone diagnosis.
visual_explanation_summary:
- type=heatmap; path=visuals/1287_heatmap.png; description=Fresh CATA-Final / D1 heatmap combining morphology/TDA saliency, color/edge evidence, and artifact suppression.
- type=evidence_json; path=visuals/1287_evidence.json; description=Structured visual evidence and confidence inputs used by the explanation generator.

Remember: return strict JSON only."
252,1292,clb0kvxux8zuc074y6iy42oft,What type of polyp is identified in the gastrointestinal tract?,no polypoid lesions observed,"Score each criterion from 1 to 5:
1 = poor, 2 = weak, 3 = acceptable, 4 = good, 5 = excellent.

Criteria:
- correctness: the answer and explanation are consistent with the question and available reference information.
- faithfulness: the explanation supports the predicted answer without inventing unsupported claims.
- relevance: the explanation focuses on visual/question evidence that matters for the answer.
- clarity: the explanation is readable, concise, and clinically understandable.
- completeness: the explanation covers the key evidence needed to justify the answer.

Return JSON with exactly these keys:
{
  ""correctness"": <integer 1-5>,
  ""faithfulness"": <integer 1-5>,
  ""relevance"": <integer 1-5>,
  ""clarity"": <integer 1-5>,
  ""completeness"": <integer 1-5>,
  ""rationale"": ""short explanation""
}

Evaluate this Task 2 explanation.

val_id: 1292
img_id: clb0kvxux8zuc074y6iy42oft
question: What type of polyp is identified in the gastrointestinal tract?
reference_answer_if_available: 
predicted_answer: no polypoid lesions observed
confidence_score: 0.5673
textual_explanation: The CATA-Final model predicts ""no polypoid lesions observed"". The newly generated visual explanation highlights morphology/TDA structural support, color and mucosal-texture support, a relatively focal heatmap region, possible specular artifact burden. Targeted self-probes for this lesion question produced mixed support: No polypoid lesion identified, with no evidence of abnormal mucosa; No polyp identified with no central or upper-lateral involvement; evidence of esophageal inflammation. Because these probes do not fully agree with the primary answer, the explanation is treated cautiously. Overall support is mixed; the reliability score combines morphology/TDA saliency, heatmap concentration, color/texture support, artifact burden, answer specificity, and self-probe agreement. The original question was: What type of polyp is identified in the gastrointestinal tract?. This explanation is intended for clinician review and should be interpreted alongside the image rather than as a standalone diagnosis.
visual_explanation_summary:
- type=heatmap; path=visuals/1292_heatmap.png; description=Fresh CATA-Final / D1 heatmap combining morphology/TDA saliency, color/edge evidence, and artifact suppression.
- type=evidence_json; path=visuals/1292_evidence.json; description=Structured visual evidence and confidence inputs used by the explanation generator.

Remember: return strict JSON only."
253,1300,cl8k2u1ro1gh30832dg2v42zs,Which procedure is represented in this imaging study?,evidence of colonoscopic examination,"Score each criterion from 1 to 5:
1 = poor, 2 = weak, 3 = acceptable, 4 = good, 5 = excellent.

Criteria:
- correctness: the answer and explanation are consistent with the question and available reference information.
- faithfulness: the explanation supports the predicted answer without inventing unsupported claims.
- relevance: the explanation focuses on visual/question evidence that matters for the answer.
- clarity: the explanation is readable, concise, and clinically understandable.
- completeness: the explanation covers the key evidence needed to justify the answer.

Return JSON with exactly these keys:
{
  ""correctness"": <integer 1-5>,
  ""faithfulness"": <integer 1-5>,
  ""relevance"": <integer 1-5>,
  ""clarity"": <integer 1-5>,
  ""completeness"": <integer 1-5>,
  ""rationale"": ""short explanation""
}

Evaluate this Task 2 explanation.

val_id: 1300
img_id: cl8k2u1ro1gh30832dg2v42zs
question: Which procedure is represented in this imaging study?
reference_answer_if_available: 
predicted_answer: evidence of colonoscopic examination
confidence_score: 0.7627
textual_explanation: The CATA-Final model predicts ""evidence of colonoscopic examination"". The newly generated visual explanation highlights morphology/TDA structural support, color and mucosal-texture support, a relatively focal heatmap region, possible specular artifact burden. Targeted self-probes for this procedure question produced mixed support: Evidence of colonoscopy findings with no identifiable anatomical landmarks; evidence of mucosal abnormalities; No significant artifacts or overlays identified. Because these probes do not fully agree with the primary answer, the explanation is treated cautiously. Overall support is mixed; the reliability score combines morphology/TDA saliency, heatmap concentration, color/texture support, artifact burden, answer specificity, and self-probe agreement. The original question was: Which procedure is represented in this imaging study?. This explanation is intended for clinician review and should be interpreted alongside the image rather than as a standalone diagnosis.
visual_explanation_summary:
- type=heatmap; path=visuals/1300_heatmap.png; description=Fresh CATA-Final / D1 heatmap combining morphology/TDA saliency, color/edge evidence, and artifact suppression.
- type=evidence_json; path=visuals/1300_evidence.json; description=Structured visual evidence and confidence inputs used by the explanation generator.

Remember: return strict JSON only."
254,1301,clb0kvxw891sw074y7zk9etes,Are there any polyps visible in the image?,No polyps observed,"Score each criterion from 1 to 5:
1 = poor, 2 = weak, 3 = acceptable, 4 = good, 5 = excellent.

Criteria:
- correctness: the answer and explanation are consistent with the question and available reference information.
- faithfulness: the explanation supports the predicted answer without inventing unsupported claims.
- relevance: the explanation focuses on visual/question evidence that matters for the answer.
- clarity: the explanation is readable, concise, and clinically understandable.
- completeness: the explanation covers the key evidence needed to justify the answer.

Return JSON with exactly these keys:
{
  ""correctness"": <integer 1-5>,
  ""faithfulness"": <integer 1-5>,
  ""relevance"": <integer 1-5>,
  ""clarity"": <integer 1-5>,
  ""completeness"": <integer 1-5>,
  ""rationale"": ""short explanation""
}

Evaluate this Task 2 explanation.

val_id: 1301
img_id: clb0kvxw891sw074y7zk9etes
question: Are there any polyps visible in the image?
reference_answer_if_available: 
predicted_answer: No polyps observed
confidence_score: 0.6759
textual_explanation: The CATA-Final model predicts ""No polyps observed"". The newly generated visual explanation highlights morphology/TDA structural support, color and mucosal-texture support, a relatively focal heatmap region, possible specular artifact burden. Targeted self-probes for this lesion question produced mixed support: No polypoid lesion identified, with no evidence of mucosal abnormalities; No polyp identified with no evidence of multiple lesions; evidence of esophageal inflammation. Because these probes do not fully agree with the primary answer, the explanation is treated cautiously. Overall support is mixed; the reliability score combines morphology/TDA saliency, heatmap concentration, color/texture support, artifact burden, answer specificity, and self-probe agreement. The original question was: Are there any polyps visible in the image?. This explanation is intended for clinician review and should be interpreted alongside the image rather than as a standalone diagnosis.
visual_explanation_summary:
- type=heatmap; path=visuals/1301_heatmap.png; description=Fresh CATA-Final / D1 heatmap combining morphology/TDA saliency, color/edge evidence, and artifact suppression.
- type=evidence_json; path=visuals/1301_evidence.json; description=Structured visual evidence and confidence inputs used by the explanation generator.

Remember: return strict JSON only."
255,1308,clbnxtonzash5075565ay7zs9,Is there any abnormality visible in the image?,No significant findings observed,"Score each criterion from 1 to 5:
1 = poor, 2 = weak, 3 = acceptable, 4 = good, 5 = excellent.

Criteria:
- correctness: the answer and explanation are consistent with the question and available reference information.
- faithfulness: the explanation supports the predicted answer without inventing unsupported claims.
- relevance: the explanation focuses on visual/question evidence that matters for the answer.
- clarity: the explanation is readable, concise, and clinically understandable.
- completeness: the explanation covers the key evidence needed to justify the answer.

Return JSON with exactly these keys:
{
  ""correctness"": <integer 1-5>,
  ""faithfulness"": <integer 1-5>,
  ""relevance"": <integer 1-5>,
  ""clarity"": <integer 1-5>,
  ""completeness"": <integer 1-5>,
  ""rationale"": ""short explanation""
}

Evaluate this Task 2 explanation.

val_id: 1308
img_id: clbnxtonzash5075565ay7zs9
question: Is there any abnormality visible in the image?
reference_answer_if_available: 
predicted_answer: No significant findings observed
confidence_score: 0.7056
textual_explanation: The CATA-Final model predicts ""No significant findings observed"". The newly generated visual explanation highlights morphology/TDA structural support, color and mucosal-texture support, a relatively focal heatmap region. Targeted self-probes for this lesion question produced mixed support: Findings suggest presence of a polypoid lesion; The lesion exhibits a polypoid appearance and is distributed in multiple central regions.; evidence of inflammatory changes consistent with ulcerative colitis. Because these probes do not fully agree with the primary answer, the explanation is treated cautiously. Overall support is mixed; the reliability score combines morphology/TDA saliency, heatmap concentration, color/texture support, artifact burden, answer specificity, and self-probe agreement. The original question was: Is there any abnormality visible in the image?. This explanation is intended for clinician review and should be interpreted alongside the image rather than as a standalone diagnosis.
visual_explanation_summary:
- type=heatmap; path=visuals/1308_heatmap.png; description=Fresh CATA-Final / D1 heatmap combining morphology/TDA saliency, color/edge evidence, and artifact suppression.
- type=evidence_json; path=visuals/1308_evidence.json; description=Structured visual evidence and confidence inputs used by the explanation generator.

Remember: return strict JSON only."
256,1309,clb0kvxv08zx8074y29453owk,Are there any abnormalities visible in the gastrointestinal image?,evidence of esophageal inflammation,"Score each criterion from 1 to 5:
1 = poor, 2 = weak, 3 = acceptable, 4 = good, 5 = excellent.

Criteria:
- correctness: the answer and explanation are consistent with the question and available reference information.
- faithfulness: the explanation supports the predicted answer without inventing unsupported claims.
- relevance: the explanation focuses on visual/question evidence that matters for the answer.
- clarity: the explanation is readable, concise, and clinically understandable.
- completeness: the explanation covers the key evidence needed to justify the answer.

Return JSON with exactly these keys:
{
  ""correctness"": <integer 1-5>,
  ""faithfulness"": <integer 1-5>,
  ""relevance"": <integer 1-5>,
  ""clarity"": <integer 1-5>,
  ""completeness"": <integer 1-5>,
  ""rationale"": ""short explanation""
}

Evaluate this Task 2 explanation.

val_id: 1309
img_id: clb0kvxv08zx8074y29453owk
question: Are there any abnormalities visible in the gastrointestinal image?
reference_answer_if_available: 
predicted_answer: evidence of esophageal inflammation
confidence_score: 0.562
textual_explanation: The CATA-Final model predicts ""evidence of esophageal inflammation"". The newly generated visual explanation highlights morphology/TDA structural support, color and mucosal-texture support, a relatively focal heatmap region, possible specular artifact burden. Targeted self-probes for this lesion question produced mixed support: No polypoid lesion identified, with no evidence of abnormal mucosa; No polyp identified with no central or upper-lateral involvement; evidence of esophageal inflammation. Because these probes do not fully agree with the primary answer, the explanation is treated cautiously. Overall support is mixed; the reliability score combines morphology/TDA saliency, heatmap concentration, color/texture support, artifact burden, answer specificity, and self-probe agreement. The original question was: Are there any abnormalities visible in the gastrointestinal image?. This explanation is intended for clinician review and should be interpreted alongside the image rather than as a standalone diagnosis.
visual_explanation_summary:
- type=heatmap; path=visuals/1309_heatmap.png; description=Fresh CATA-Final / D1 heatmap combining morphology/TDA saliency, color/edge evidence, and artifact suppression.
- type=evidence_json; path=visuals/1309_evidence.json; description=Structured visual evidence and confidence inputs used by the explanation generator.

Remember: return strict JSON only."
257,1310,clb0kvxw191is074y79aj53ub,Are there any medical instruments visible in the image?,No foreign bodies or instruments observed,"Score each criterion from 1 to 5:
1 = poor, 2 = weak, 3 = acceptable, 4 = good, 5 = excellent.

Criteria:
- correctness: the answer and explanation are consistent with the question and available reference information.
- faithfulness: the explanation supports the predicted answer without inventing unsupported claims.
- relevance: the explanation focuses on visual/question evidence that matters for the answer.
- clarity: the explanation is readable, concise, and clinically understandable.
- completeness: the explanation covers the key evidence needed to justify the answer.

Return JSON with exactly these keys:
{
  ""correctness"": <integer 1-5>,
  ""faithfulness"": <integer 1-5>,
  ""relevance"": <integer 1-5>,
  ""clarity"": <integer 1-5>,
  ""completeness"": <integer 1-5>,
  ""rationale"": ""short explanation""
}

Evaluate this Task 2 explanation.

val_id: 1310
img_id: clb0kvxw191is074y79aj53ub
question: Are there any medical instruments visible in the image?
reference_answer_if_available: 
predicted_answer: No foreign bodies or instruments observed
confidence_score: 0.8374
textual_explanation: The CATA-Final model predicts ""No foreign bodies or instruments observed"". The newly generated visual explanation highlights morphology/TDA structural support, color and mucosal-texture support, a relatively focal heatmap region, possible specular artifact burden. Targeted self-probes for this instrument question supported the primary answer: No foreign bodies or instruments observed; No instruments are visible in the image; No surgical instruments visualized. Overall support is moderate; the reliability score combines morphology/TDA saliency, heatmap concentration, color/texture support, artifact burden, answer specificity, and self-probe agreement. The original question was: Are there any medical instruments visible in the image?. This explanation is intended for clinician review and should be interpreted alongside the image rather than as a standalone diagnosis.
visual_explanation_summary:
- type=heatmap; path=visuals/1310_heatmap.png; description=Fresh CATA-Final / D1 heatmap combining morphology/TDA saliency, color/edge evidence, and artifact suppression.
- type=evidence_json; path=visuals/1310_evidence.json; description=Structured visual evidence and confidence inputs used by the explanation generator.

Remember: return strict JSON only."
258,1312,cla820glds49n071ub8xd31uc,Are there any instruments visible in the image?,No surgical instruments identified,"Score each criterion from 1 to 5:
1 = poor, 2 = weak, 3 = acceptable, 4 = good, 5 = excellent.

Criteria:
- correctness: the answer and explanation are consistent with the question and available reference information.
- faithfulness: the explanation supports the predicted answer without inventing unsupported claims.
- relevance: the explanation focuses on visual/question evidence that matters for the answer.
- clarity: the explanation is readable, concise, and clinically understandable.
- completeness: the explanation covers the key evidence needed to justify the answer.

Return JSON with exactly these keys:
{
  ""correctness"": <integer 1-5>,
  ""faithfulness"": <integer 1-5>,
  ""relevance"": <integer 1-5>,
  ""clarity"": <integer 1-5>,
  ""completeness"": <integer 1-5>,
  ""rationale"": ""short explanation""
}

Evaluate this Task 2 explanation.

val_id: 1312
img_id: cla820glds49n071ub8xd31uc
question: Are there any instruments visible in the image?
reference_answer_if_available: 
predicted_answer: No surgical instruments identified
confidence_score: 0.9352
textual_explanation: The CATA-Final model predicts ""No surgical instruments identified"". The newly generated visual explanation highlights morphology/TDA structural support, color and mucosal-texture support, a relatively focal heatmap region. Targeted self-probes for this instrument question supported the primary answer: No foreign bodies or instruments observed; No instruments are visible in the image; No surgical instruments visualized. Overall support is moderate; the reliability score combines morphology/TDA saliency, heatmap concentration, color/texture support, artifact burden, answer specificity, and self-probe agreement. The original question was: Are there any instruments visible in the image?. This explanation is intended for clinician review and should be interpreted alongside the image rather than as a standalone diagnosis.
visual_explanation_summary:
- type=heatmap; path=visuals/1312_heatmap.png; description=Fresh CATA-Final / D1 heatmap combining morphology/TDA saliency, color/edge evidence, and artifact suppression.
- type=evidence_json; path=visuals/1312_evidence.json; description=Structured visual evidence and confidence inputs used by the explanation generator.

Remember: return strict JSON only."
259,1316,cl8k2u1qz1fi3083208qp23mb,What procedure is depicted in the image?,evidence of colonoscopy procedure,"Score each criterion from 1 to 5:
1 = poor, 2 = weak, 3 = acceptable, 4 = good, 5 = excellent.

Criteria:
- correctness: the answer and explanation are consistent with the question and available reference information.
- faithfulness: the explanation supports the predicted answer without inventing unsupported claims.
- relevance: the explanation focuses on visual/question evidence that matters for the answer.
- clarity: the explanation is readable, concise, and clinically understandable.
- completeness: the explanation covers the key evidence needed to justify the answer.

Return JSON with exactly these keys:
{
  ""correctness"": <integer 1-5>,
  ""faithfulness"": <integer 1-5>,
  ""relevance"": <integer 1-5>,
  ""clarity"": <integer 1-5>,
  ""completeness"": <integer 1-5>,
  ""rationale"": ""short explanation""
}

Evaluate this Task 2 explanation.

val_id: 1316
img_id: cl8k2u1qz1fi3083208qp23mb
question: What procedure is depicted in the image?
reference_answer_if_available: 
predicted_answer: evidence of colonoscopy procedure
confidence_score: 0.95
textual_explanation: The CATA-Final model predicts ""evidence of colonoscopy procedure"". The newly generated visual explanation highlights morphology/TDA structural support, color and mucosal-texture support, a relatively focal heatmap region, possible specular artifact burden. Targeted self-probes for this procedure question supported the primary answer: Evidence of colonoscopy findings with cecal anatomy noted; evidence of mucosal abnormalities; No artifacts or overlays are present in the image.. Overall support is moderate; the reliability score combines morphology/TDA saliency, heatmap concentration, color/texture support, artifact burden, answer specificity, and self-probe agreement. The original question was: What procedure is depicted in the image?. This explanation is intended for clinician review and should be interpreted alongside the image rather than as a standalone diagnosis.
visual_explanation_summary:
- type=heatmap; path=visuals/1316_heatmap.png; description=Fresh CATA-Final / D1 heatmap combining morphology/TDA saliency, color/edge evidence, and artifact suppression.
- type=evidence_json; path=visuals/1316_evidence.json; description=Structured visual evidence and confidence inputs used by the explanation generator.

Remember: return strict JSON only."
260,1323,cl8k2u1r51flf0832h8h560md,Are there any green or black box artifacts present?,No evidence of box artifacts observed,"Score each criterion from 1 to 5:
1 = poor, 2 = weak, 3 = acceptable, 4 = good, 5 = excellent.

Criteria:
- correctness: the answer and explanation are consistent with the question and available reference information.
- faithfulness: the explanation supports the predicted answer without inventing unsupported claims.
- relevance: the explanation focuses on visual/question evidence that matters for the answer.
- clarity: the explanation is readable, concise, and clinically understandable.
- completeness: the explanation covers the key evidence needed to justify the answer.

Return JSON with exactly these keys:
{
  ""correctness"": <integer 1-5>,
  ""faithfulness"": <integer 1-5>,
  ""relevance"": <integer 1-5>,
  ""clarity"": <integer 1-5>,
  ""completeness"": <integer 1-5>,
  ""rationale"": ""short explanation""
}

Evaluate this Task 2 explanation.

val_id: 1323
img_id: cl8k2u1r51flf0832h8h560md
question: Are there any green or black box artifacts present?
reference_answer_if_available: 
predicted_answer: No evidence of box artifacts observed
confidence_score: 0.7218
textual_explanation: The CATA-Final model predicts ""No evidence of box artifacts observed"". The newly generated visual explanation highlights morphology/TDA structural support, color and mucosal-texture support, a relatively focal heatmap region, possible specular artifact burden. Targeted self-probes for this color question produced mixed support: red and pink discoloration noted; mucosal erythema present; Multiple color changes including pink, red, white, and yellow are present.. Because these probes do not fully agree with the primary answer, the explanation is treated cautiously. Overall support is mixed; the reliability score combines morphology/TDA saliency, heatmap concentration, color/texture support, artifact burden, answer specificity, and self-probe agreement. The original question was: Are there any green or black box artifacts present?. This explanation is intended for clinician review and should be interpreted alongside the image rather than as a standalone diagnosis.
visual_explanation_summary:
- type=heatmap; path=visuals/1323_heatmap.png; description=Fresh CATA-Final / D1 heatmap combining morphology/TDA saliency, color/edge evidence, and artifact suppression.
- type=evidence_json; path=visuals/1323_evidence.json; description=Structured visual evidence and confidence inputs used by the explanation generator.

Remember: return strict JSON only."
261,1327,clb0kvxwo92hw074ydw5x7iok,In which regions of the image is the abnormality located?,abnormality scattered across multiple quadrants,"Score each criterion from 1 to 5:
1 = poor, 2 = weak, 3 = acceptable, 4 = good, 5 = excellent.

Criteria:
- correctness: the answer and explanation are consistent with the question and available reference information.
- faithfulness: the explanation supports the predicted answer without inventing unsupported claims.
- relevance: the explanation focuses on visual/question evidence that matters for the answer.
- clarity: the explanation is readable, concise, and clinically understandable.
- completeness: the explanation covers the key evidence needed to justify the answer.

Return JSON with exactly these keys:
{
  ""correctness"": <integer 1-5>,
  ""faithfulness"": <integer 1-5>,
  ""relevance"": <integer 1-5>,
  ""clarity"": <integer 1-5>,
  ""completeness"": <integer 1-5>,
  ""rationale"": ""short explanation""
}

Evaluate this Task 2 explanation.

val_id: 1327
img_id: clb0kvxwo92hw074ydw5x7iok
question: In which regions of the image is the abnormality located?
reference_answer_if_available: 
predicted_answer: abnormality scattered across multiple quadrants
confidence_score: 0.95
textual_explanation: The CATA-Final model predicts ""abnormality scattered across multiple quadrants"". The newly generated visual explanation highlights morphology/TDA structural support, color and mucosal-texture support, a relatively focal heatmap region, possible specular artifact burden. Targeted self-probes for this location question supported the primary answer: abnormalities scattered across multiple regions; scattered across multiple regions including center, upper, and lower quadrants; scattered across multiple areas including center, upper, and lower quadrants. Overall support is moderate; the reliability score combines morphology/TDA saliency, heatmap concentration, color/texture support, artifact burden, answer specificity, and self-probe agreement. The original question was: In which regions of the image is the abnormality located?. This explanation is intended for clinician review and should be interpreted alongside the image rather than as a standalone diagnosis.
visual_explanation_summary:
- type=heatmap; path=visuals/1327_heatmap.png; description=Fresh CATA-Final / D1 heatmap combining morphology/TDA saliency, color/edge evidence, and artifact suppression.
- type=evidence_json; path=visuals/1327_evidence.json; description=Structured visual evidence and confidence inputs used by the explanation generator.

Remember: return strict JSON only."
262,1330,cla820gmts69n071ua58s7x39,What procedure is depicted in the image?,evidence of colonoscopy procedure,"Score each criterion from 1 to 5:
1 = poor, 2 = weak, 3 = acceptable, 4 = good, 5 = excellent.

Criteria:
- correctness: the answer and explanation are consistent with the question and available reference information.
- faithfulness: the explanation supports the predicted answer without inventing unsupported claims.
- relevance: the explanation focuses on visual/question evidence that matters for the answer.
- clarity: the explanation is readable, concise, and clinically understandable.
- completeness: the explanation covers the key evidence needed to justify the answer.

Return JSON with exactly these keys:
{
  ""correctness"": <integer 1-5>,
  ""faithfulness"": <integer 1-5>,
  ""relevance"": <integer 1-5>,
  ""clarity"": <integer 1-5>,
  ""completeness"": <integer 1-5>,
  ""rationale"": ""short explanation""
}

Evaluate this Task 2 explanation.

val_id: 1330
img_id: cla820gmts69n071ua58s7x39
question: What procedure is depicted in the image?
reference_answer_if_available: 
predicted_answer: evidence of colonoscopy procedure
confidence_score: 0.708
textual_explanation: The CATA-Final model predicts ""evidence of colonoscopy procedure"". The newly generated visual explanation highlights morphology/TDA structural support, color and mucosal-texture support, a relatively focal heatmap region. Targeted self-probes for this procedure question produced mixed support: Evidence of colonoscopy procedure with no identifiable anatomical landmarks; evidence of mucosal abnormalities; No artifacts or overlays are present in the image.. Because these probes do not fully agree with the primary answer, the explanation is treated cautiously. Overall support is mixed; the reliability score combines morphology/TDA saliency, heatmap concentration, color/texture support, artifact burden, answer specificity, and self-probe agreement. The original question was: What procedure is depicted in the image?. This explanation is intended for clinician review and should be interpreted alongside the image rather than as a standalone diagnosis.
visual_explanation_summary:
- type=heatmap; path=visuals/1330_heatmap.png; description=Fresh CATA-Final / D1 heatmap combining morphology/TDA saliency, color/edge evidence, and artifact suppression.
- type=evidence_json; path=visuals/1330_evidence.json; description=Structured visual evidence and confidence inputs used by the explanation generator.

Remember: return strict JSON only."
263,1335,cla820gn5s6kr071ue6jighxj,Is text visible on the image?,text is present in the image,"Score each criterion from 1 to 5:
1 = poor, 2 = weak, 3 = acceptable, 4 = good, 5 = excellent.

Criteria:
- correctness: the answer and explanation are consistent with the question and available reference information.
- faithfulness: the explanation supports the predicted answer without inventing unsupported claims.
- relevance: the explanation focuses on visual/question evidence that matters for the answer.
- clarity: the explanation is readable, concise, and clinically understandable.
- completeness: the explanation covers the key evidence needed to justify the answer.

Return JSON with exactly these keys:
{
  ""correctness"": <integer 1-5>,
  ""faithfulness"": <integer 1-5>,
  ""relevance"": <integer 1-5>,
  ""clarity"": <integer 1-5>,
  ""completeness"": <integer 1-5>,
  ""rationale"": ""short explanation""
}

Evaluate this Task 2 explanation.

val_id: 1335
img_id: cla820gn5s6kr071ue6jighxj
question: Is text visible on the image?
reference_answer_if_available: 
predicted_answer: text is present in the image
confidence_score: 0.896
textual_explanation: The CATA-Final model predicts ""text is present in the image"". The newly generated visual explanation highlights morphology/TDA structural support, color and mucosal-texture support, a relatively focal heatmap region, possible specular artifact burden. Targeted self-probes for this visible_text question supported the primary answer: Text is present in the image; text observed in central and upper regions; text is present on the image. Overall support is moderate; the reliability score combines morphology/TDA saliency, heatmap concentration, color/texture support, artifact burden, answer specificity, and self-probe agreement. The original question was: Is text visible on the image?. This explanation is intended for clinician review and should be interpreted alongside the image rather than as a standalone diagnosis.
visual_explanation_summary:
- type=heatmap; path=visuals/1335_heatmap.png; description=Fresh CATA-Final / D1 heatmap combining morphology/TDA saliency, color/edge evidence, and artifact suppression.
- type=evidence_json; path=visuals/1335_evidence.json; description=Structured visual evidence and confidence inputs used by the explanation generator.

Remember: return strict JSON only."
264,1338,clb0lbx1pdqtc086udvmk4e3t,What procedure is depicted in the image?,evidence of colonoscopy procedure,"Score each criterion from 1 to 5:
1 = poor, 2 = weak, 3 = acceptable, 4 = good, 5 = excellent.

Criteria:
- correctness: the answer and explanation are consistent with the question and available reference information.
- faithfulness: the explanation supports the predicted answer without inventing unsupported claims.
- relevance: the explanation focuses on visual/question evidence that matters for the answer.
- clarity: the explanation is readable, concise, and clinically understandable.
- completeness: the explanation covers the key evidence needed to justify the answer.

Return JSON with exactly these keys:
{
  ""correctness"": <integer 1-5>,
  ""faithfulness"": <integer 1-5>,
  ""relevance"": <integer 1-5>,
  ""clarity"": <integer 1-5>,
  ""completeness"": <integer 1-5>,
  ""rationale"": ""short explanation""
}

Evaluate this Task 2 explanation.

val_id: 1338
img_id: clb0lbx1pdqtc086udvmk4e3t
question: What procedure is depicted in the image?
reference_answer_if_available: 
predicted_answer: evidence of colonoscopy procedure
confidence_score: 0.8115
textual_explanation: The CATA-Final model predicts ""evidence of colonoscopy procedure"". The newly generated visual explanation highlights morphology/TDA structural support, color and mucosal-texture support, a relatively focal heatmap region. Targeted self-probes for this procedure question produced mixed support: Evidence of colonoscopy with no identifiable anatomical landmarks; evidence of mucosal abnormalities; No artifacts or overlays are present in the image.. Because these probes do not fully agree with the primary answer, the explanation is treated cautiously. Overall support is mixed; the reliability score combines morphology/TDA saliency, heatmap concentration, color/texture support, artifact burden, answer specificity, and self-probe agreement. The original question was: What procedure is depicted in the image?. This explanation is intended for clinician review and should be interpreted alongside the image rather than as a standalone diagnosis.
visual_explanation_summary:
- type=heatmap; path=visuals/1338_heatmap.png; description=Fresh CATA-Final / D1 heatmap combining morphology/TDA saliency, color/edge evidence, and artifact suppression.
- type=evidence_json; path=visuals/1338_evidence.json; description=Structured visual evidence and confidence inputs used by the explanation generator.

Remember: return strict JSON only."
265,1342,clb0lbwz1dooc086u09fq5zx7,Is there any textual content present?,Text is visible on the image,"Score each criterion from 1 to 5:
1 = poor, 2 = weak, 3 = acceptable, 4 = good, 5 = excellent.

Criteria:
- correctness: the answer and explanation are consistent with the question and available reference information.
- faithfulness: the explanation supports the predicted answer without inventing unsupported claims.
- relevance: the explanation focuses on visual/question evidence that matters for the answer.
- clarity: the explanation is readable, concise, and clinically understandable.
- completeness: the explanation covers the key evidence needed to justify the answer.

Return JSON with exactly these keys:
{
  ""correctness"": <integer 1-5>,
  ""faithfulness"": <integer 1-5>,
  ""relevance"": <integer 1-5>,
  ""clarity"": <integer 1-5>,
  ""completeness"": <integer 1-5>,
  ""rationale"": ""short explanation""
}

Evaluate this Task 2 explanation.

val_id: 1342
img_id: clb0lbwz1dooc086u09fq5zx7
question: Is there any textual content present?
reference_answer_if_available: 
predicted_answer: Text is visible on the image
confidence_score: 0.95
textual_explanation: The CATA-Final model predicts ""Text is visible on the image"". The newly generated visual explanation highlights morphology/TDA structural support, color and mucosal-texture support, a relatively focal heatmap region. Targeted self-probes for this visible_text question supported the primary answer: Text is present in the image; text observed in upper-right and center-left regions; text is present on the image. Overall support is moderate; the reliability score combines morphology/TDA saliency, heatmap concentration, color/texture support, artifact burden, answer specificity, and self-probe agreement. The original question was: Is there any textual content present?. This explanation is intended for clinician review and should be interpreted alongside the image rather than as a standalone diagnosis.
visual_explanation_summary:
- type=heatmap; path=visuals/1342_heatmap.png; description=Fresh CATA-Final / D1 heatmap combining morphology/TDA saliency, color/edge evidence, and artifact suppression.
- type=evidence_json; path=visuals/1342_evidence.json; description=Structured visual evidence and confidence inputs used by the explanation generator.

Remember: return strict JSON only."
266,1349,cl8k2u1qh1evr08325op6gs1q,Are there any abnormalities visible in the image?,evidence of colonic polyp,"Score each criterion from 1 to 5:
1 = poor, 2 = weak, 3 = acceptable, 4 = good, 5 = excellent.

Criteria:
- correctness: the answer and explanation are consistent with the question and available reference information.
- faithfulness: the explanation supports the predicted answer without inventing unsupported claims.
- relevance: the explanation focuses on visual/question evidence that matters for the answer.
- clarity: the explanation is readable, concise, and clinically understandable.
- completeness: the explanation covers the key evidence needed to justify the answer.

Return JSON with exactly these keys:
{
  ""correctness"": <integer 1-5>,
  ""faithfulness"": <integer 1-5>,
  ""relevance"": <integer 1-5>,
  ""clarity"": <integer 1-5>,
  ""completeness"": <integer 1-5>,
  ""rationale"": ""short explanation""
}

Evaluate this Task 2 explanation.

val_id: 1349
img_id: cl8k2u1qh1evr08325op6gs1q
question: Are there any abnormalities visible in the image?
reference_answer_if_available: 
predicted_answer: evidence of colonic polyp
confidence_score: 0.95
textual_explanation: The CATA-Final model predicts ""evidence of colonic polyp"". The newly generated visual explanation highlights morphology/TDA structural support, color and mucosal-texture support, a relatively focal heatmap region, possible specular artifact burden. Targeted self-probes for this lesion question supported the primary answer: Findings suggest presence of a polypoid lesion; The lesion exhibits a polypoid appearance and is located in the central region.; No polyp detected, no evidence of mucosal abnormality. Overall support is moderate; the reliability score combines morphology/TDA saliency, heatmap concentration, color/texture support, artifact burden, answer specificity, and self-probe agreement. The original question was: Are there any abnormalities visible in the image?. This explanation is intended for clinician review and should be interpreted alongside the image rather than as a standalone diagnosis.
visual_explanation_summary:
- type=heatmap; path=visuals/1349_heatmap.png; description=Fresh CATA-Final / D1 heatmap combining morphology/TDA saliency, color/edge evidence, and artifact suppression.
- type=evidence_json; path=visuals/1349_evidence.json; description=Structured visual evidence and confidence inputs used by the explanation generator.

Remember: return strict JSON only."
267,1351,clb0lbx1pdqtg086u0srwci1n,What procedure is depicted in the image?,evidence of colonoscopy procedure,"Score each criterion from 1 to 5:
1 = poor, 2 = weak, 3 = acceptable, 4 = good, 5 = excellent.

Criteria:
- correctness: the answer and explanation are consistent with the question and available reference information.
- faithfulness: the explanation supports the predicted answer without inventing unsupported claims.
- relevance: the explanation focuses on visual/question evidence that matters for the answer.
- clarity: the explanation is readable, concise, and clinically understandable.
- completeness: the explanation covers the key evidence needed to justify the answer.

Return JSON with exactly these keys:
{
  ""correctness"": <integer 1-5>,
  ""faithfulness"": <integer 1-5>,
  ""relevance"": <integer 1-5>,
  ""clarity"": <integer 1-5>,
  ""completeness"": <integer 1-5>,
  ""rationale"": ""short explanation""
}

Evaluate this Task 2 explanation.

val_id: 1351
img_id: clb0lbx1pdqtg086u0srwci1n
question: What procedure is depicted in the image?
reference_answer_if_available: 
predicted_answer: evidence of colonoscopy procedure
confidence_score: 0.7524
textual_explanation: The CATA-Final model predicts ""evidence of colonoscopy procedure"". The newly generated visual explanation highlights morphology/TDA structural support, color and mucosal-texture support, a relatively focal heatmap region, possible specular artifact burden. Targeted self-probes for this procedure question produced mixed support: Evidence of colonoscopy with no identifiable anatomical landmarks; evidence of mucosal abnormalities; No artifacts or overlays are present in the image.. Because these probes do not fully agree with the primary answer, the explanation is treated cautiously. Overall support is mixed; the reliability score combines morphology/TDA saliency, heatmap concentration, color/texture support, artifact burden, answer specificity, and self-probe agreement. The original question was: What procedure is depicted in the image?. This explanation is intended for clinician review and should be interpreted alongside the image rather than as a standalone diagnosis.
visual_explanation_summary:
- type=heatmap; path=visuals/1351_heatmap.png; description=Fresh CATA-Final / D1 heatmap combining morphology/TDA saliency, color/edge evidence, and artifact suppression.
- type=evidence_json; path=visuals/1351_evidence.json; description=Structured visual evidence and confidence inputs used by the explanation generator.

Remember: return strict JSON only."
268,1354,cl8k2u1s51gv30832dg8fac9a,What type of polyp is observed in the gastrointestinal tract?,evidence of paris-type polyp,"Score each criterion from 1 to 5:
1 = poor, 2 = weak, 3 = acceptable, 4 = good, 5 = excellent.

Criteria:
- correctness: the answer and explanation are consistent with the question and available reference information.
- faithfulness: the explanation supports the predicted answer without inventing unsupported claims.
- relevance: the explanation focuses on visual/question evidence that matters for the answer.
- clarity: the explanation is readable, concise, and clinically understandable.
- completeness: the explanation covers the key evidence needed to justify the answer.

Return JSON with exactly these keys:
{
  ""correctness"": <integer 1-5>,
  ""faithfulness"": <integer 1-5>,
  ""relevance"": <integer 1-5>,
  ""clarity"": <integer 1-5>,
  ""completeness"": <integer 1-5>,
  ""rationale"": ""short explanation""
}

Evaluate this Task 2 explanation.

val_id: 1354
img_id: cl8k2u1s51gv30832dg8fac9a
question: What type of polyp is observed in the gastrointestinal tract?
reference_answer_if_available: 
predicted_answer: evidence of paris-type polyp
confidence_score: 0.95
textual_explanation: The CATA-Final model predicts ""evidence of paris-type polyp"". The newly generated visual explanation highlights morphology/TDA structural support, color and mucosal-texture support, a relatively focal heatmap region. Targeted self-probes for this lesion question supported the primary answer: Findings suggest presence of a polypoid lesion; The lesion exhibits a polypoid morphology and is distributed across multiple regions including central, upper-right, lower-left, and lower-center areas.; evidence of inflammatory changes consistent with ulcerative colitis. Overall support is moderate; the reliability score combines morphology/TDA saliency, heatmap concentration, color/texture support, artifact burden, answer specificity, and self-probe agreement. The original question was: What type of polyp is observed in the gastrointestinal tract?. This explanation is intended for clinician review and should be interpreted alongside the image rather than as a standalone diagnosis.
visual_explanation_summary:
- type=heatmap; path=visuals/1354_heatmap.png; description=Fresh CATA-Final / D1 heatmap combining morphology/TDA saliency, color/edge evidence, and artifact suppression.
- type=evidence_json; path=visuals/1354_evidence.json; description=Structured visual evidence and confidence inputs used by the explanation generator.

Remember: return strict JSON only."
269,1355,clb0kvxwn92gg074y1p6u1g6u,Are there any polyps visible in the image?,No polyps observed,"Score each criterion from 1 to 5:
1 = poor, 2 = weak, 3 = acceptable, 4 = good, 5 = excellent.

Criteria:
- correctness: the answer and explanation are consistent with the question and available reference information.
- faithfulness: the explanation supports the predicted answer without inventing unsupported claims.
- relevance: the explanation focuses on visual/question evidence that matters for the answer.
- clarity: the explanation is readable, concise, and clinically understandable.
- completeness: the explanation covers the key evidence needed to justify the answer.

Return JSON with exactly these keys:
{
  ""correctness"": <integer 1-5>,
  ""faithfulness"": <integer 1-5>,
  ""relevance"": <integer 1-5>,
  ""clarity"": <integer 1-5>,
  ""completeness"": <integer 1-5>,
  ""rationale"": ""short explanation""
}

Evaluate this Task 2 explanation.

val_id: 1355
img_id: clb0kvxwn92gg074y1p6u1g6u
question: Are there any polyps visible in the image?
reference_answer_if_available: 
predicted_answer: No polyps observed
confidence_score: 0.6908
textual_explanation: The CATA-Final model predicts ""No polyps observed"". The newly generated visual explanation highlights morphology/TDA structural support, color and mucosal-texture support, a relatively focal heatmap region, possible specular artifact burden. Targeted self-probes for this lesion question produced mixed support: No polypoid lesion identified, with no evidence of mucosal abnormalities; Lesion shows multiple shapes including polypoid, sessile, and paris iia types with no evidence of central or upper-lower distribution.; evidence of esophageal inflammation. Because these probes do not fully agree with the primary answer, the explanation is treated cautiously. Overall support is mixed; the reliability score combines morphology/TDA saliency, heatmap concentration, color/texture support, artifact burden, answer specificity, and self-probe agreement. The original question was: Are there any polyps visible in the image?. This explanation is intended for clinician review and should be interpreted alongside the image rather than as a standalone diagnosis.
visual_explanation_summary:
- type=heatmap; path=visuals/1355_heatmap.png; description=Fresh CATA-Final / D1 heatmap combining morphology/TDA saliency, color/edge evidence, and artifact suppression.
- type=evidence_json; path=visuals/1355_evidence.json; description=Structured visual evidence and confidence inputs used by the explanation generator.

Remember: return strict JSON only."
270,1370,cla820glis4iz071u0w216ekw,What colors are observed in the abnormal area?,"multiple colors including pink, red, white, and yellow","Score each criterion from 1 to 5:
1 = poor, 2 = weak, 3 = acceptable, 4 = good, 5 = excellent.

Criteria:
- correctness: the answer and explanation are consistent with the question and available reference information.
- faithfulness: the explanation supports the predicted answer without inventing unsupported claims.
- relevance: the explanation focuses on visual/question evidence that matters for the answer.
- clarity: the explanation is readable, concise, and clinically understandable.
- completeness: the explanation covers the key evidence needed to justify the answer.

Return JSON with exactly these keys:
{
  ""correctness"": <integer 1-5>,
  ""faithfulness"": <integer 1-5>,
  ""relevance"": <integer 1-5>,
  ""clarity"": <integer 1-5>,
  ""completeness"": <integer 1-5>,
  ""rationale"": ""short explanation""
}

Evaluate this Task 2 explanation.

val_id: 1370
img_id: cla820glis4iz071u0w216ekw
question: What colors are observed in the abnormal area?
reference_answer_if_available: 
predicted_answer: multiple colors including pink, red, white, and yellow
confidence_score: 0.95
textual_explanation: The CATA-Final model predicts ""multiple colors including pink, red, white, and yellow"". The newly generated visual explanation highlights morphology/TDA structural support, color and mucosal-texture support, a relatively focal heatmap region, possible specular artifact burden. Targeted self-probes for this color question supported the primary answer: multiple colors including pink, red, white, and yellow; evidence of mucosal erythema; Multiple color changes including pink, red, white, and yellow are present.. Overall support is moderate; the reliability score combines morphology/TDA saliency, heatmap concentration, color/texture support, artifact burden, answer specificity, and self-probe agreement. The original question was: What colors are observed in the abnormal area?. This explanation is intended for clinician review and should be interpreted alongside the image rather than as a standalone diagnosis.
visual_explanation_summary:
- type=heatmap; path=visuals/1370_heatmap.png; description=Fresh CATA-Final / D1 heatmap combining morphology/TDA saliency, color/edge evidence, and artifact suppression.
- type=evidence_json; path=visuals/1370_evidence.json; description=Structured visual evidence and confidence inputs used by the explanation generator.

Remember: return strict JSON only."
271,1372,clb0lbx02dpwc086u011w5v85,What medical instruments are visible in the image?,tube visible in the abdominal region,"Score each criterion from 1 to 5:
1 = poor, 2 = weak, 3 = acceptable, 4 = good, 5 = excellent.

Criteria:
- correctness: the answer and explanation are consistent with the question and available reference information.
- faithfulness: the explanation supports the predicted answer without inventing unsupported claims.
- relevance: the explanation focuses on visual/question evidence that matters for the answer.
- clarity: the explanation is readable, concise, and clinically understandable.
- completeness: the explanation covers the key evidence needed to justify the answer.

Return JSON with exactly these keys:
{
  ""correctness"": <integer 1-5>,
  ""faithfulness"": <integer 1-5>,
  ""relevance"": <integer 1-5>,
  ""clarity"": <integer 1-5>,
  ""completeness"": <integer 1-5>,
  ""rationale"": ""short explanation""
}

Evaluate this Task 2 explanation.

val_id: 1372
img_id: clb0lbx02dpwc086u011w5v85
question: What medical instruments are visible in the image?
reference_answer_if_available: 
predicted_answer: tube visible in the abdominal region
confidence_score: 0.95
textual_explanation: The CATA-Final model predicts ""tube visible in the abdominal region"". The newly generated visual explanation highlights morphology/TDA structural support, color and mucosal-texture support, a relatively focal heatmap region. Targeted self-probes for this instrument question supported the primary answer: tube visible in the abdominal region; instruments located in upper-central and upper-left regions; No visible instruments detected. Overall support is moderate; the reliability score combines morphology/TDA saliency, heatmap concentration, color/texture support, artifact burden, answer specificity, and self-probe agreement. The original question was: What medical instruments are visible in the image?. This explanation is intended for clinician review and should be interpreted alongside the image rather than as a standalone diagnosis.
visual_explanation_summary:
- type=heatmap; path=visuals/1372_heatmap.png; description=Fresh CATA-Final / D1 heatmap combining morphology/TDA saliency, color/edge evidence, and artifact suppression.
- type=evidence_json; path=visuals/1372_evidence.json; description=Structured visual evidence and confidence inputs used by the explanation generator.

Remember: return strict JSON only."
272,1375,cla820gljs4jz071u3awv8vsp,Are there any abnormalities visible in the image?,evidence of ulcerative colitis involvement,"Score each criterion from 1 to 5:
1 = poor, 2 = weak, 3 = acceptable, 4 = good, 5 = excellent.

Criteria:
- correctness: the answer and explanation are consistent with the question and available reference information.
- faithfulness: the explanation supports the predicted answer without inventing unsupported claims.
- relevance: the explanation focuses on visual/question evidence that matters for the answer.
- clarity: the explanation is readable, concise, and clinically understandable.
- completeness: the explanation covers the key evidence needed to justify the answer.

Return JSON with exactly these keys:
{
  ""correctness"": <integer 1-5>,
  ""faithfulness"": <integer 1-5>,
  ""relevance"": <integer 1-5>,
  ""clarity"": <integer 1-5>,
  ""completeness"": <integer 1-5>,
  ""rationale"": ""short explanation""
}

Evaluate this Task 2 explanation.

val_id: 1375
img_id: cla820gljs4jz071u3awv8vsp
question: Are there any abnormalities visible in the image?
reference_answer_if_available: 
predicted_answer: evidence of ulcerative colitis involvement
confidence_score: 0.8184
textual_explanation: The CATA-Final model predicts ""evidence of ulcerative colitis involvement"". The newly generated visual explanation highlights morphology/TDA structural support, color and mucosal-texture support, a relatively focal heatmap region. Targeted self-probes for this lesion question produced mixed support: No polypoid lesion identified, with no evidence of abnormal mucosal changes; No polyp identified with no central or upper-lower region involvement.; evidence of inflammatory changes consistent with ulcerative colitis. Because these probes do not fully agree with the primary answer, the explanation is treated cautiously. Overall support is mixed; the reliability score combines morphology/TDA saliency, heatmap concentration, color/texture support, artifact burden, answer specificity, and self-probe agreement. The original question was: Are there any abnormalities visible in the image?. This explanation is intended for clinician review and should be interpreted alongside the image rather than as a standalone diagnosis.
visual_explanation_summary:
- type=heatmap; path=visuals/1375_heatmap.png; description=Fresh CATA-Final / D1 heatmap combining morphology/TDA saliency, color/edge evidence, and artifact suppression.
- type=evidence_json; path=visuals/1375_evidence.json; description=Structured visual evidence and confidence inputs used by the explanation generator.

Remember: return strict JSON only."
273,1379,cla820gmws6d7071u107x0f3p,In which regions of the image is the abnormality located?,abnormality scattered across multiple quadrants,"Score each criterion from 1 to 5:
1 = poor, 2 = weak, 3 = acceptable, 4 = good, 5 = excellent.

Criteria:
- correctness: the answer and explanation are consistent with the question and available reference information.
- faithfulness: the explanation supports the predicted answer without inventing unsupported claims.
- relevance: the explanation focuses on visual/question evidence that matters for the answer.
- clarity: the explanation is readable, concise, and clinically understandable.
- completeness: the explanation covers the key evidence needed to justify the answer.

Return JSON with exactly these keys:
{
  ""correctness"": <integer 1-5>,
  ""faithfulness"": <integer 1-5>,
  ""relevance"": <integer 1-5>,
  ""clarity"": <integer 1-5>,
  ""completeness"": <integer 1-5>,
  ""rationale"": ""short explanation""
}

Evaluate this Task 2 explanation.

val_id: 1379
img_id: cla820gmws6d7071u107x0f3p
question: In which regions of the image is the abnormality located?
reference_answer_if_available: 
predicted_answer: abnormality scattered across multiple quadrants
confidence_score: 0.95
textual_explanation: The CATA-Final model predicts ""abnormality scattered across multiple quadrants"". The newly generated visual explanation highlights morphology/TDA structural support, color and mucosal-texture support, a relatively focal heatmap region. Targeted self-probes for this location question supported the primary answer: abnormalities scattered across multiple regions; No evidence is present in any specific anatomical location.; scattered across multiple areas including center, upper, and lower quadrants. Overall support is moderate; the reliability score combines morphology/TDA saliency, heatmap concentration, color/texture support, artifact burden, answer specificity, and self-probe agreement. The original question was: In which regions of the image is the abnormality located?. This explanation is intended for clinician review and should be interpreted alongside the image rather than as a standalone diagnosis.
visual_explanation_summary:
- type=heatmap; path=visuals/1379_heatmap.png; description=Fresh CATA-Final / D1 heatmap combining morphology/TDA saliency, color/edge evidence, and artifact suppression.
- type=evidence_json; path=visuals/1379_evidence.json; description=Structured visual evidence and confidence inputs used by the explanation generator.

Remember: return strict JSON only."
274,1385,clb0kvxut8zpg074yfkm05y0b,Where is the abnormality located in the image?,abnormalities scattered across multiple regions,"Score each criterion from 1 to 5:
1 = poor, 2 = weak, 3 = acceptable, 4 = good, 5 = excellent.

Criteria:
- correctness: the answer and explanation are consistent with the question and available reference information.
- faithfulness: the explanation supports the predicted answer without inventing unsupported claims.
- relevance: the explanation focuses on visual/question evidence that matters for the answer.
- clarity: the explanation is readable, concise, and clinically understandable.
- completeness: the explanation covers the key evidence needed to justify the answer.

Return JSON with exactly these keys:
{
  ""correctness"": <integer 1-5>,
  ""faithfulness"": <integer 1-5>,
  ""relevance"": <integer 1-5>,
  ""clarity"": <integer 1-5>,
  ""completeness"": <integer 1-5>,
  ""rationale"": ""short explanation""
}

Evaluate this Task 2 explanation.

val_id: 1385
img_id: clb0kvxut8zpg074yfkm05y0b
question: Where is the abnormality located in the image?
reference_answer_if_available: 
predicted_answer: abnormalities scattered across multiple regions
confidence_score: 0.8143
textual_explanation: The CATA-Final model predicts ""abnormalities scattered across multiple regions"". The newly generated visual explanation highlights morphology/TDA structural support, color and mucosal-texture support, a relatively focal heatmap region, possible specular artifact burden. Targeted self-probes for this location question supported the primary answer: abnormalities scattered across multiple regions; No evidence is present in any specific anatomical location.; scattered across multiple areas including center, upper, and lower quadrants. Overall support is moderate; the reliability score combines morphology/TDA saliency, heatmap concentration, color/texture support, artifact burden, answer specificity, and self-probe agreement. The original question was: Where is the abnormality located in the image?. This explanation is intended for clinician review and should be interpreted alongside the image rather than as a standalone diagnosis.
visual_explanation_summary:
- type=heatmap; path=visuals/1385_heatmap.png; description=Fresh CATA-Final / D1 heatmap combining morphology/TDA saliency, color/edge evidence, and artifact suppression.
- type=evidence_json; path=visuals/1385_evidence.json; description=Structured visual evidence and confidence inputs used by the explanation generator.

Remember: return strict JSON only."
275,1393,clbnxtofebm2i074c0xg5a5ei,Is there any abnormality present in this gastrointestinal image?,No significant findings observed,"Score each criterion from 1 to 5:
1 = poor, 2 = weak, 3 = acceptable, 4 = good, 5 = excellent.

Criteria:
- correctness: the answer and explanation are consistent with the question and available reference information.
- faithfulness: the explanation supports the predicted answer without inventing unsupported claims.
- relevance: the explanation focuses on visual/question evidence that matters for the answer.
- clarity: the explanation is readable, concise, and clinically understandable.
- completeness: the explanation covers the key evidence needed to justify the answer.

Return JSON with exactly these keys:
{
  ""correctness"": <integer 1-5>,
  ""faithfulness"": <integer 1-5>,
  ""relevance"": <integer 1-5>,
  ""clarity"": <integer 1-5>,
  ""completeness"": <integer 1-5>,
  ""rationale"": ""short explanation""
}

Evaluate this Task 2 explanation.

val_id: 1393
img_id: clbnxtofebm2i074c0xg5a5ei
question: Is there any abnormality present in this gastrointestinal image?
reference_answer_if_available: 
predicted_answer: No significant findings observed
confidence_score: 0.7597
textual_explanation: The CATA-Final model predicts ""No significant findings observed"". The newly generated visual explanation highlights morphology/TDA structural support, color and mucosal-texture support, a relatively focal heatmap region, possible specular artifact burden. Targeted self-probes for this lesion question produced mixed support: No significant polypoid lesions identified; The lesion exhibits a polypoid appearance and is located in the central region.; evidence of mucosal polypoid lesion. Because these probes do not fully agree with the primary answer, the explanation is treated cautiously. Overall support is mixed; the reliability score combines morphology/TDA saliency, heatmap concentration, color/texture support, artifact burden, answer specificity, and self-probe agreement. The original question was: Is there any abnormality present in this gastrointestinal image?. This explanation is intended for clinician review and should be interpreted alongside the image rather than as a standalone diagnosis.
visual_explanation_summary:
- type=heatmap; path=visuals/1393_heatmap.png; description=Fresh CATA-Final / D1 heatmap combining morphology/TDA saliency, color/edge evidence, and artifact suppression.
- type=evidence_json; path=visuals/1393_evidence.json; description=Structured visual evidence and confidence inputs used by the explanation generator.

Remember: return strict JSON only."
276,1396,cl8k2u1pw1e6z0832bfu79zmh,What procedure is depicted in the image?,evidence of colonoscopy procedure,"Score each criterion from 1 to 5:
1 = poor, 2 = weak, 3 = acceptable, 4 = good, 5 = excellent.

Criteria:
- correctness: the answer and explanation are consistent with the question and available reference information.
- faithfulness: the explanation supports the predicted answer without inventing unsupported claims.
- relevance: the explanation focuses on visual/question evidence that matters for the answer.
- clarity: the explanation is readable, concise, and clinically understandable.
- completeness: the explanation covers the key evidence needed to justify the answer.

Return JSON with exactly these keys:
{
  ""correctness"": <integer 1-5>,
  ""faithfulness"": <integer 1-5>,
  ""relevance"": <integer 1-5>,
  ""clarity"": <integer 1-5>,
  ""completeness"": <integer 1-5>,
  ""rationale"": ""short explanation""
}

Evaluate this Task 2 explanation.

val_id: 1396
img_id: cl8k2u1pw1e6z0832bfu79zmh
question: What procedure is depicted in the image?
reference_answer_if_available: 
predicted_answer: evidence of colonoscopy procedure
confidence_score: 0.7568
textual_explanation: The CATA-Final model predicts ""evidence of colonoscopy procedure"". The newly generated visual explanation highlights morphology/TDA structural support, color and mucosal-texture support, a relatively focal heatmap region. Targeted self-probes for this procedure question produced mixed support: Evidence of colonoscopy findings with no identifiable anatomical landmarks; evidence of mucosal abnormalities; No significant artifacts or overlays identified. Because these probes do not fully agree with the primary answer, the explanation is treated cautiously. Overall support is mixed; the reliability score combines morphology/TDA saliency, heatmap concentration, color/texture support, artifact burden, answer specificity, and self-probe agreement. The original question was: What procedure is depicted in the image?. This explanation is intended for clinician review and should be interpreted alongside the image rather than as a standalone diagnosis.
visual_explanation_summary:
- type=heatmap; path=visuals/1396_heatmap.png; description=Fresh CATA-Final / D1 heatmap combining morphology/TDA saliency, color/edge evidence, and artifact suppression.
- type=evidence_json; path=visuals/1396_evidence.json; description=Structured visual evidence and confidence inputs used by the explanation generator.

Remember: return strict JSON only."
277,1399,cl8k2u1rj1g9n08326w2q2o28,Which instruments are visible in the image?,polyp snare and feeding tube present,"Score each criterion from 1 to 5:
1 = poor, 2 = weak, 3 = acceptable, 4 = good, 5 = excellent.

Criteria:
- correctness: the answer and explanation are consistent with the question and available reference information.
- faithfulness: the explanation supports the predicted answer without inventing unsupported claims.
- relevance: the explanation focuses on visual/question evidence that matters for the answer.
- clarity: the explanation is readable, concise, and clinically understandable.
- completeness: the explanation covers the key evidence needed to justify the answer.

Return JSON with exactly these keys:
{
  ""correctness"": <integer 1-5>,
  ""faithfulness"": <integer 1-5>,
  ""relevance"": <integer 1-5>,
  ""clarity"": <integer 1-5>,
  ""completeness"": <integer 1-5>,
  ""rationale"": ""short explanation""
}

Evaluate this Task 2 explanation.

val_id: 1399
img_id: cl8k2u1rj1g9n08326w2q2o28
question: Which instruments are visible in the image?
reference_answer_if_available: 
predicted_answer: polyp snare and feeding tube present
confidence_score: 0.8818
textual_explanation: The CATA-Final model predicts ""polyp snare and feeding tube present"". The newly generated visual explanation highlights morphology/TDA structural support, color and mucosal-texture support, a relatively focal heatmap region. Targeted self-probes for this instrument question supported the primary answer: polyp snare detected; in lower central and right regions; No surgical instruments visualized. Overall support is moderate; the reliability score combines morphology/TDA saliency, heatmap concentration, color/texture support, artifact burden, answer specificity, and self-probe agreement. The original question was: Which instruments are visible in the image?. This explanation is intended for clinician review and should be interpreted alongside the image rather than as a standalone diagnosis.
visual_explanation_summary:
- type=heatmap; path=visuals/1399_heatmap.png; description=Fresh CATA-Final / D1 heatmap combining morphology/TDA saliency, color/edge evidence, and artifact suppression.
- type=evidence_json; path=visuals/1399_evidence.json; description=Structured visual evidence and confidence inputs used by the explanation generator.

Remember: return strict JSON only."
278,1402,cl8k2u1rl1gc30832hzw32av2,How many abnormalities are visible?,One abnormal finding present,"Score each criterion from 1 to 5:
1 = poor, 2 = weak, 3 = acceptable, 4 = good, 5 = excellent.

Criteria:
- correctness: the answer and explanation are consistent with the question and available reference information.
- faithfulness: the explanation supports the predicted answer without inventing unsupported claims.
- relevance: the explanation focuses on visual/question evidence that matters for the answer.
- clarity: the explanation is readable, concise, and clinically understandable.
- completeness: the explanation covers the key evidence needed to justify the answer.

Return JSON with exactly these keys:
{
  ""correctness"": <integer 1-5>,
  ""faithfulness"": <integer 1-5>,
  ""relevance"": <integer 1-5>,
  ""clarity"": <integer 1-5>,
  ""completeness"": <integer 1-5>,
  ""rationale"": ""short explanation""
}

Evaluate this Task 2 explanation.

val_id: 1402
img_id: cl8k2u1rl1gc30832hzw32av2
question: How many abnormalities are visible?
reference_answer_if_available: 
predicted_answer: One abnormal finding present
confidence_score: 0.95
textual_explanation: The CATA-Final model predicts ""One abnormal finding present"". The newly generated visual explanation highlights morphology/TDA structural support, color and mucosal-texture support, a relatively focal heatmap region, possible specular artifact burden. Targeted self-probes for this count question supported the primary answer: one abnormal finding present; One abnormal finding noted; No abnormal findings observed. Overall support is moderate; the reliability score combines morphology/TDA saliency, heatmap concentration, color/texture support, artifact burden, answer specificity, and self-probe agreement. The original question was: How many abnormalities are visible?. This explanation is intended for clinician review and should be interpreted alongside the image rather than as a standalone diagnosis.
visual_explanation_summary:
- type=heatmap; path=visuals/1402_heatmap.png; description=Fresh CATA-Final / D1 heatmap combining morphology/TDA saliency, color/edge evidence, and artifact suppression.
- type=evidence_json; path=visuals/1402_evidence.json; description=Structured visual evidence and confidence inputs used by the explanation generator.

Remember: return strict JSON only."
279,1409,clb0lbwzxdppc086uhoaz1opq,In which areas of the image is the instrument visible?,instrument located in central and upper regions,"Score each criterion from 1 to 5:
1 = poor, 2 = weak, 3 = acceptable, 4 = good, 5 = excellent.

Criteria:
- correctness: the answer and explanation are consistent with the question and available reference information.
- faithfulness: the explanation supports the predicted answer without inventing unsupported claims.
- relevance: the explanation focuses on visual/question evidence that matters for the answer.
- clarity: the explanation is readable, concise, and clinically understandable.
- completeness: the explanation covers the key evidence needed to justify the answer.

Return JSON with exactly these keys:
{
  ""correctness"": <integer 1-5>,
  ""faithfulness"": <integer 1-5>,
  ""relevance"": <integer 1-5>,
  ""clarity"": <integer 1-5>,
  ""completeness"": <integer 1-5>,
  ""rationale"": ""short explanation""
}

Evaluate this Task 2 explanation.

val_id: 1409
img_id: clb0lbwzxdppc086uhoaz1opq
question: In which areas of the image is the instrument visible?
reference_answer_if_available: 
predicted_answer: instrument located in central and upper regions
confidence_score: 0.8582
textual_explanation: The CATA-Final model predicts ""instrument located in central and upper regions"". The newly generated visual explanation highlights morphology/TDA structural support, color and mucosal-texture support, a relatively focal heatmap region, possible specular artifact burden. Targeted self-probes for this instrument question supported the primary answer: tube visible in the abdominal region; instruments located in central and upper regions; No visible instruments detected. Overall support is moderate; the reliability score combines morphology/TDA saliency, heatmap concentration, color/texture support, artifact burden, answer specificity, and self-probe agreement. The original question was: In which areas of the image is the instrument visible?. This explanation is intended for clinician review and should be interpreted alongside the image rather than as a standalone diagnosis.
visual_explanation_summary:
- type=heatmap; path=visuals/1409_heatmap.png; description=Fresh CATA-Final / D1 heatmap combining morphology/TDA saliency, color/edge evidence, and artifact suppression.
- type=evidence_json; path=visuals/1409_evidence.json; description=Structured visual evidence and confidence inputs used by the explanation generator.

Remember: return strict JSON only."
280,1412,cl8k2u1qg1ev70832hg0k6fco,What type of polyp is identified in the gastrointestinal tract?,evidence of paris-type polyp,"Score each criterion from 1 to 5:
1 = poor, 2 = weak, 3 = acceptable, 4 = good, 5 = excellent.

Criteria:
- correctness: the answer and explanation are consistent with the question and available reference information.
- faithfulness: the explanation supports the predicted answer without inventing unsupported claims.
- relevance: the explanation focuses on visual/question evidence that matters for the answer.
- clarity: the explanation is readable, concise, and clinically understandable.
- completeness: the explanation covers the key evidence needed to justify the answer.

Return JSON with exactly these keys:
{
  ""correctness"": <integer 1-5>,
  ""faithfulness"": <integer 1-5>,
  ""relevance"": <integer 1-5>,
  ""clarity"": <integer 1-5>,
  ""completeness"": <integer 1-5>,
  ""rationale"": ""short explanation""
}

Evaluate this Task 2 explanation.

val_id: 1412
img_id: cl8k2u1qg1ev70832hg0k6fco
question: What type of polyp is identified in the gastrointestinal tract?
reference_answer_if_available: 
predicted_answer: evidence of paris-type polyp
confidence_score: 0.95
textual_explanation: The CATA-Final model predicts ""evidence of paris-type polyp"". The newly generated visual explanation highlights morphology/TDA structural support, color and mucosal-texture support, a relatively focal heatmap region, possible specular artifact burden. Targeted self-probes for this lesion question supported the primary answer: Findings suggest presence of a polypoid lesion; The lesion exhibits a polypoid appearance and is distributed across multiple regions including central, upper, and lower quadrants.; evidence of mucosal inflammation consistent with ulcerative colitis. Overall support is moderate; the reliability score combines morphology/TDA saliency, heatmap concentration, color/texture support, artifact burden, answer specificity, and self-probe agreement. The original question was: What type of polyp is identified in the gastrointestinal tract?. This explanation is intended for clinician review and should be interpreted alongside the image rather than as a standalone diagnosis.
visual_explanation_summary:
- type=heatmap; path=visuals/1412_heatmap.png; description=Fresh CATA-Final / D1 heatmap combining morphology/TDA saliency, color/edge evidence, and artifact suppression.
- type=evidence_json; path=visuals/1412_evidence.json; description=Structured visual evidence and confidence inputs used by the explanation generator.

Remember: return strict JSON only."
281,1426,clb0kvxw991uo074y50gz2uck,Are there any surgical instruments visible in the image?,No surgical instruments observed,"Score each criterion from 1 to 5:
1 = poor, 2 = weak, 3 = acceptable, 4 = good, 5 = excellent.

Criteria:
- correctness: the answer and explanation are consistent with the question and available reference information.
- faithfulness: the explanation supports the predicted answer without inventing unsupported claims.
- relevance: the explanation focuses on visual/question evidence that matters for the answer.
- clarity: the explanation is readable, concise, and clinically understandable.
- completeness: the explanation covers the key evidence needed to justify the answer.

Return JSON with exactly these keys:
{
  ""correctness"": <integer 1-5>,
  ""faithfulness"": <integer 1-5>,
  ""relevance"": <integer 1-5>,
  ""clarity"": <integer 1-5>,
  ""completeness"": <integer 1-5>,
  ""rationale"": ""short explanation""
}

Evaluate this Task 2 explanation.

val_id: 1426
img_id: clb0kvxw991uo074y50gz2uck
question: Are there any surgical instruments visible in the image?
reference_answer_if_available: 
predicted_answer: No surgical instruments observed
confidence_score: 0.7607
textual_explanation: The CATA-Final model predicts ""No surgical instruments observed"". The newly generated visual explanation highlights morphology/TDA structural support, color and mucosal-texture support, a relatively focal heatmap region, possible specular artifact burden. Targeted self-probes for this instrument question supported the primary answer: No foreign bodies or instruments observed; No instruments are visible in the image; No surgical instruments visualized. Overall support is moderate; the reliability score combines morphology/TDA saliency, heatmap concentration, color/texture support, artifact burden, answer specificity, and self-probe agreement. The original question was: Are there any surgical instruments visible in the image?. This explanation is intended for clinician review and should be interpreted alongside the image rather than as a standalone diagnosis.
visual_explanation_summary:
- type=heatmap; path=visuals/1426_heatmap.png; description=Fresh CATA-Final / D1 heatmap combining morphology/TDA saliency, color/edge evidence, and artifact suppression.
- type=evidence_json; path=visuals/1426_evidence.json; description=Structured visual evidence and confidence inputs used by the explanation generator.

Remember: return strict JSON only."
282,1429,clb0kvxut8zpk074ycwmgdckd,Are there any polyps present in the image?,No polyps observed,"Score each criterion from 1 to 5:
1 = poor, 2 = weak, 3 = acceptable, 4 = good, 5 = excellent.

Criteria:
- correctness: the answer and explanation are consistent with the question and available reference information.
- faithfulness: the explanation supports the predicted answer without inventing unsupported claims.
- relevance: the explanation focuses on visual/question evidence that matters for the answer.
- clarity: the explanation is readable, concise, and clinically understandable.
- completeness: the explanation covers the key evidence needed to justify the answer.

Return JSON with exactly these keys:
{
  ""correctness"": <integer 1-5>,
  ""faithfulness"": <integer 1-5>,
  ""relevance"": <integer 1-5>,
  ""clarity"": <integer 1-5>,
  ""completeness"": <integer 1-5>,
  ""rationale"": ""short explanation""
}

Evaluate this Task 2 explanation.

val_id: 1429
img_id: clb0kvxut8zpk074ycwmgdckd
question: Are there any polyps present in the image?
reference_answer_if_available: 
predicted_answer: No polyps observed
confidence_score: 0.5667
textual_explanation: The CATA-Final model predicts ""No polyps observed"". The newly generated visual explanation highlights morphology/TDA structural support, color and mucosal-texture support, a relatively focal heatmap region, possible specular artifact burden. Targeted self-probes for this lesion question produced mixed support: No polypoid lesion identified, with no evidence of mucosal abnormalities; No polyp identified with no evidence of multiple lesions; evidence of esophageal inflammation. Because these probes do not fully agree with the primary answer, the explanation is treated cautiously. Overall support is mixed; the reliability score combines morphology/TDA saliency, heatmap concentration, color/texture support, artifact burden, answer specificity, and self-probe agreement. The original question was: Are there any polyps present in the image?. This explanation is intended for clinician review and should be interpreted alongside the image rather than as a standalone diagnosis.
visual_explanation_summary:
- type=heatmap; path=visuals/1429_heatmap.png; description=Fresh CATA-Final / D1 heatmap combining morphology/TDA saliency, color/edge evidence, and artifact suppression.
- type=evidence_json; path=visuals/1429_evidence.json; description=Structured visual evidence and confidence inputs used by the explanation generator.

Remember: return strict JSON only."
283,1436,cla820gmjs5uj071uan8m7p41,Is there any text present?,Text is visible on the image,"Score each criterion from 1 to 5:
1 = poor, 2 = weak, 3 = acceptable, 4 = good, 5 = excellent.

Criteria:
- correctness: the answer and explanation are consistent with the question and available reference information.
- faithfulness: the explanation supports the predicted answer without inventing unsupported claims.
- relevance: the explanation focuses on visual/question evidence that matters for the answer.
- clarity: the explanation is readable, concise, and clinically understandable.
- completeness: the explanation covers the key evidence needed to justify the answer.

Return JSON with exactly these keys:
{
  ""correctness"": <integer 1-5>,
  ""faithfulness"": <integer 1-5>,
  ""relevance"": <integer 1-5>,
  ""clarity"": <integer 1-5>,
  ""completeness"": <integer 1-5>,
  ""rationale"": ""short explanation""
}

Evaluate this Task 2 explanation.

val_id: 1436
img_id: cla820gmjs5uj071uan8m7p41
question: Is there any text present?
reference_answer_if_available: 
predicted_answer: Text is visible on the image
confidence_score: 0.95
textual_explanation: The CATA-Final model predicts ""Text is visible on the image"". The newly generated visual explanation highlights morphology/TDA structural support, color and mucosal-texture support, a relatively focal heatmap region, possible specular artifact burden. Targeted self-probes for this visible_text question supported the primary answer: No text or label observed; text observed in central and upper regions; text is present on the image. Overall support is moderate; the reliability score combines morphology/TDA saliency, heatmap concentration, color/texture support, artifact burden, answer specificity, and self-probe agreement. The original question was: Is there any text present?. This explanation is intended for clinician review and should be interpreted alongside the image rather than as a standalone diagnosis.
visual_explanation_summary:
- type=heatmap; path=visuals/1436_heatmap.png; description=Fresh CATA-Final / D1 heatmap combining morphology/TDA saliency, color/edge evidence, and artifact suppression.
- type=evidence_json; path=visuals/1436_evidence.json; description=Structured visual evidence and confidence inputs used by the explanation generator.

Remember: return strict JSON only."
284,1437,clb0lbwykdo8g086u96g9alib,Is there any text visible on the image?,Text is present on the image,"Score each criterion from 1 to 5:
1 = poor, 2 = weak, 3 = acceptable, 4 = good, 5 = excellent.

Criteria:
- correctness: the answer and explanation are consistent with the question and available reference information.
- faithfulness: the explanation supports the predicted answer without inventing unsupported claims.
- relevance: the explanation focuses on visual/question evidence that matters for the answer.
- clarity: the explanation is readable, concise, and clinically understandable.
- completeness: the explanation covers the key evidence needed to justify the answer.

Return JSON with exactly these keys:
{
  ""correctness"": <integer 1-5>,
  ""faithfulness"": <integer 1-5>,
  ""relevance"": <integer 1-5>,
  ""clarity"": <integer 1-5>,
  ""completeness"": <integer 1-5>,
  ""rationale"": ""short explanation""
}

Evaluate this Task 2 explanation.

val_id: 1437
img_id: clb0lbwykdo8g086u96g9alib
question: Is there any text visible on the image?
reference_answer_if_available: 
predicted_answer: Text is present on the image
confidence_score: 0.95
textual_explanation: The CATA-Final model predicts ""Text is present on the image"". The newly generated visual explanation highlights morphology/TDA structural support, color and mucosal-texture support, a relatively focal heatmap region. Targeted self-probes for this visible_text question supported the primary answer: Text is present in the image; text observed in upper-right and center-left regions; text is present on the image. Overall support is moderate; the reliability score combines morphology/TDA saliency, heatmap concentration, color/texture support, artifact burden, answer specificity, and self-probe agreement. The original question was: Is there any text visible on the image?. This explanation is intended for clinician review and should be interpreted alongside the image rather than as a standalone diagnosis.
visual_explanation_summary:
- type=heatmap; path=visuals/1437_heatmap.png; description=Fresh CATA-Final / D1 heatmap combining morphology/TDA saliency, color/edge evidence, and artifact suppression.
- type=evidence_json; path=visuals/1437_evidence.json; description=Structured visual evidence and confidence inputs used by the explanation generator.

Remember: return strict JSON only."
285,1442,clb0lbwzudpmc086u442i3m1t,Are there any green or black box artifacts present?,evidence of green and black box artifacts,"Score each criterion from 1 to 5:
1 = poor, 2 = weak, 3 = acceptable, 4 = good, 5 = excellent.

Criteria:
- correctness: the answer and explanation are consistent with the question and available reference information.
- faithfulness: the explanation supports the predicted answer without inventing unsupported claims.
- relevance: the explanation focuses on visual/question evidence that matters for the answer.
- clarity: the explanation is readable, concise, and clinically understandable.
- completeness: the explanation covers the key evidence needed to justify the answer.

Return JSON with exactly these keys:
{
  ""correctness"": <integer 1-5>,
  ""faithfulness"": <integer 1-5>,
  ""relevance"": <integer 1-5>,
  ""clarity"": <integer 1-5>,
  ""completeness"": <integer 1-5>,
  ""rationale"": ""short explanation""
}

Evaluate this Task 2 explanation.

val_id: 1442
img_id: clb0lbwzudpmc086u442i3m1t
question: Are there any green or black box artifacts present?
reference_answer_if_available: 
predicted_answer: evidence of green and black box artifacts
confidence_score: 0.95
textual_explanation: The CATA-Final model predicts ""evidence of green and black box artifacts"". The newly generated visual explanation highlights morphology/TDA structural support, color and mucosal-texture support, a relatively focal heatmap region. Targeted self-probes for this color question supported the primary answer: red, pink, and yellow discolorations observed; evidence of mucosal erythema; Multiple color changes including pink, red, white, and yellow are present.. Overall support is moderate; the reliability score combines morphology/TDA saliency, heatmap concentration, color/texture support, artifact burden, answer specificity, and self-probe agreement. The original question was: Are there any green or black box artifacts present?. This explanation is intended for clinician review and should be interpreted alongside the image rather than as a standalone diagnosis.
visual_explanation_summary:
- type=heatmap; path=visuals/1442_heatmap.png; description=Fresh CATA-Final / D1 heatmap combining morphology/TDA saliency, color/edge evidence, and artifact suppression.
- type=evidence_json; path=visuals/1442_evidence.json; description=Structured visual evidence and confidence inputs used by the explanation generator.

Remember: return strict JSON only."
286,1449,clbnxtoxf6vny079o2rjw69ar,Is there any significant abnormality present in the image?,No abnormal findings observed,"Score each criterion from 1 to 5:
1 = poor, 2 = weak, 3 = acceptable, 4 = good, 5 = excellent.

Criteria:
- correctness: the answer and explanation are consistent with the question and available reference information.
- faithfulness: the explanation supports the predicted answer without inventing unsupported claims.
- relevance: the explanation focuses on visual/question evidence that matters for the answer.
- clarity: the explanation is readable, concise, and clinically understandable.
- completeness: the explanation covers the key evidence needed to justify the answer.

Return JSON with exactly these keys:
{
  ""correctness"": <integer 1-5>,
  ""faithfulness"": <integer 1-5>,
  ""relevance"": <integer 1-5>,
  ""clarity"": <integer 1-5>,
  ""completeness"": <integer 1-5>,
  ""rationale"": ""short explanation""
}

Evaluate this Task 2 explanation.

val_id: 1449
img_id: clbnxtoxf6vny079o2rjw69ar
question: Is there any significant abnormality present in the image?
reference_answer_if_available: 
predicted_answer: No abnormal findings observed
confidence_score: 0.7821
textual_explanation: The CATA-Final model predicts ""No abnormal findings observed"". The newly generated visual explanation highlights morphology/TDA structural support, color and mucosal-texture support, a relatively focal heatmap region. Targeted self-probes for this lesion question produced mixed support: No significant polypoid lesions identified; The lesion exhibits a polypoid appearance and is distributed across multiple regions including central, upper, lower, left, right, and lateral areas.; evidence of inflammatory changes consistent with ulcerative colitis. Because these probes do not fully agree with the primary answer, the explanation is treated cautiously. Overall support is mixed; the reliability score combines morphology/TDA saliency, heatmap concentration, color/texture support, artifact burden, answer specificity, and self-probe agreement. The original question was: Is there any significant abnormality present in the image?. This explanation is intended for clinician review and should be interpreted alongside the image rather than as a standalone diagnosis.
visual_explanation_summary:
- type=heatmap; path=visuals/1449_heatmap.png; description=Fresh CATA-Final / D1 heatmap combining morphology/TDA saliency, color/edge evidence, and artifact suppression.
- type=evidence_json; path=visuals/1449_evidence.json; description=Structured visual evidence and confidence inputs used by the explanation generator.

Remember: return strict JSON only."
287,1460,cla820gmzs6gn071ua9ul7wji,Is there any residual polyp tissue remaining?,No evidence of residual polyps,"Score each criterion from 1 to 5:
1 = poor, 2 = weak, 3 = acceptable, 4 = good, 5 = excellent.

Criteria:
- correctness: the answer and explanation are consistent with the question and available reference information.
- faithfulness: the explanation supports the predicted answer without inventing unsupported claims.
- relevance: the explanation focuses on visual/question evidence that matters for the answer.
- clarity: the explanation is readable, concise, and clinically understandable.
- completeness: the explanation covers the key evidence needed to justify the answer.

Return JSON with exactly these keys:
{
  ""correctness"": <integer 1-5>,
  ""faithfulness"": <integer 1-5>,
  ""relevance"": <integer 1-5>,
  ""clarity"": <integer 1-5>,
  ""completeness"": <integer 1-5>,
  ""rationale"": ""short explanation""
}

Evaluate this Task 2 explanation.

val_id: 1460
img_id: cla820gmzs6gn071ua9ul7wji
question: Is there any residual polyp tissue remaining?
reference_answer_if_available: 
predicted_answer: No evidence of residual polyps
confidence_score: 0.7587
textual_explanation: The CATA-Final model predicts ""No evidence of residual polyps"". The newly generated visual explanation highlights morphology/TDA structural support, color and mucosal-texture support, a relatively focal heatmap region. Targeted self-probes for this lesion question produced mixed support: No polypoid lesion identified, with no evidence of mucosal abnormalities; No polyp identified with no central or upper-lower region involvement.; evidence of inflammatory changes consistent with ulcerative colitis. Because these probes do not fully agree with the primary answer, the explanation is treated cautiously. Overall support is mixed; the reliability score combines morphology/TDA saliency, heatmap concentration, color/texture support, artifact burden, answer specificity, and self-probe agreement. The original question was: Is there any residual polyp tissue remaining?. This explanation is intended for clinician review and should be interpreted alongside the image rather than as a standalone diagnosis.
visual_explanation_summary:
- type=heatmap; path=visuals/1460_heatmap.png; description=Fresh CATA-Final / D1 heatmap combining morphology/TDA saliency, color/edge evidence, and artifact suppression.
- type=evidence_json; path=visuals/1460_evidence.json; description=Structured visual evidence and confidence inputs used by the explanation generator.

Remember: return strict JSON only."
288,1466,clb0kvxwa91x0074ygen2frlc,Which anatomical landmarks are visible in the image?,evidence of z-line appearance,"Score each criterion from 1 to 5:
1 = poor, 2 = weak, 3 = acceptable, 4 = good, 5 = excellent.

Criteria:
- correctness: the answer and explanation are consistent with the question and available reference information.
- faithfulness: the explanation supports the predicted answer without inventing unsupported claims.
- relevance: the explanation focuses on visual/question evidence that matters for the answer.
- clarity: the explanation is readable, concise, and clinically understandable.
- completeness: the explanation covers the key evidence needed to justify the answer.

Return JSON with exactly these keys:
{
  ""correctness"": <integer 1-5>,
  ""faithfulness"": <integer 1-5>,
  ""relevance"": <integer 1-5>,
  ""clarity"": <integer 1-5>,
  ""completeness"": <integer 1-5>,
  ""rationale"": ""short explanation""
}

Evaluate this Task 2 explanation.

val_id: 1466
img_id: clb0kvxwa91x0074ygen2frlc
question: Which anatomical landmarks are visible in the image?
reference_answer_if_available: 
predicted_answer: evidence of z-line appearance
confidence_score: 0.8837
textual_explanation: The CATA-Final model predicts ""evidence of z-line appearance"". The newly generated visual explanation highlights morphology/TDA structural support, color and mucosal-texture support, a relatively focal heatmap region, possible specular artifact burden. Targeted self-probes for this generic question supported the primary answer: evidence of esophageal inflammation; No evidence of imaging artifacts present; evidence distributed across multiple regions. Overall support is moderate; the reliability score combines morphology/TDA saliency, heatmap concentration, color/texture support, artifact burden, answer specificity, and self-probe agreement. The original question was: Which anatomical landmarks are visible in the image?. This explanation is intended for clinician review and should be interpreted alongside the image rather than as a standalone diagnosis.
visual_explanation_summary:
- type=heatmap; path=visuals/1466_heatmap.png; description=Fresh CATA-Final / D1 heatmap combining morphology/TDA saliency, color/edge evidence, and artifact suppression.
- type=evidence_json; path=visuals/1466_evidence.json; description=Structured visual evidence and confidence inputs used by the explanation generator.

Remember: return strict JSON only."
289,1470,clbnxtowv6upm079o5j2cb3jw,Is there any abnormality visible in the image?,No significant findings observed,"Score each criterion from 1 to 5:
1 = poor, 2 = weak, 3 = acceptable, 4 = good, 5 = excellent.

Criteria:
- correctness: the answer and explanation are consistent with the question and available reference information.
- faithfulness: the explanation supports the predicted answer without inventing unsupported claims.
- relevance: the explanation focuses on visual/question evidence that matters for the answer.
- clarity: the explanation is readable, concise, and clinically understandable.
- completeness: the explanation covers the key evidence needed to justify the answer.

Return JSON with exactly these keys:
{
  ""correctness"": <integer 1-5>,
  ""faithfulness"": <integer 1-5>,
  ""relevance"": <integer 1-5>,
  ""clarity"": <integer 1-5>,
  ""completeness"": <integer 1-5>,
  ""rationale"": ""short explanation""
}

Evaluate this Task 2 explanation.

val_id: 1470
img_id: clbnxtowv6upm079o5j2cb3jw
question: Is there any abnormality visible in the image?
reference_answer_if_available: 
predicted_answer: No significant findings observed
confidence_score: 0.682
textual_explanation: The CATA-Final model predicts ""No significant findings observed"". The newly generated visual explanation highlights morphology/TDA structural support, color and mucosal-texture support, a relatively focal heatmap region. Targeted self-probes for this lesion question produced mixed support: No polypoid lesion identified, but mucosal abnormalities noted; The lesion exhibits a polypoid appearance and is distributed in multiple central regions.; evidence of inflammatory changes consistent with ulcerative colitis. Because these probes do not fully agree with the primary answer, the explanation is treated cautiously. Overall support is mixed; the reliability score combines morphology/TDA saliency, heatmap concentration, color/texture support, artifact burden, answer specificity, and self-probe agreement. The original question was: Is there any abnormality visible in the image?. This explanation is intended for clinician review and should be interpreted alongside the image rather than as a standalone diagnosis.
visual_explanation_summary:
- type=heatmap; path=visuals/1470_heatmap.png; description=Fresh CATA-Final / D1 heatmap combining morphology/TDA saliency, color/edge evidence, and artifact suppression.
- type=evidence_json; path=visuals/1470_evidence.json; description=Structured visual evidence and confidence inputs used by the explanation generator.

Remember: return strict JSON only."
290,1471,clb0kvxv39000074yfvklf0as,How many distinct abnormalities are observed?,two distinct abnormalities present,"Score each criterion from 1 to 5:
1 = poor, 2 = weak, 3 = acceptable, 4 = good, 5 = excellent.

Criteria:
- correctness: the answer and explanation are consistent with the question and available reference information.
- faithfulness: the explanation supports the predicted answer without inventing unsupported claims.
- relevance: the explanation focuses on visual/question evidence that matters for the answer.
- clarity: the explanation is readable, concise, and clinically understandable.
- completeness: the explanation covers the key evidence needed to justify the answer.

Return JSON with exactly these keys:
{
  ""correctness"": <integer 1-5>,
  ""faithfulness"": <integer 1-5>,
  ""relevance"": <integer 1-5>,
  ""clarity"": <integer 1-5>,
  ""completeness"": <integer 1-5>,
  ""rationale"": ""short explanation""
}

Evaluate this Task 2 explanation.

val_id: 1471
img_id: clb0kvxv39000074yfvklf0as
question: How many distinct abnormalities are observed?
reference_answer_if_available: 
predicted_answer: two distinct abnormalities present
confidence_score: 0.8052
textual_explanation: The CATA-Final model predicts ""two distinct abnormalities present"". The newly generated visual explanation highlights morphology/TDA structural support, color and mucosal-texture support, a relatively focal heatmap region, possible specular artifact burden. Targeted self-probes for this count question supported the primary answer: two discrete abnormalities noted; One abnormal finding noted; No evidence of esophageal inflammation. Overall support is moderate; the reliability score combines morphology/TDA saliency, heatmap concentration, color/texture support, artifact burden, answer specificity, and self-probe agreement. The original question was: How many distinct abnormalities are observed?. This explanation is intended for clinician review and should be interpreted alongside the image rather than as a standalone diagnosis.
visual_explanation_summary:
- type=heatmap; path=visuals/1471_heatmap.png; description=Fresh CATA-Final / D1 heatmap combining morphology/TDA saliency, color/edge evidence, and artifact suppression.
- type=evidence_json; path=visuals/1471_evidence.json; description=Structured visual evidence and confidence inputs used by the explanation generator.

Remember: return strict JSON only."
291,1473,clbnxtonsas2x07553hfuhk0k,Is there any significant abnormality visible in this image?,No abnormal findings observed,"Score each criterion from 1 to 5:
1 = poor, 2 = weak, 3 = acceptable, 4 = good, 5 = excellent.

Criteria:
- correctness: the answer and explanation are consistent with the question and available reference information.
- faithfulness: the explanation supports the predicted answer without inventing unsupported claims.
- relevance: the explanation focuses on visual/question evidence that matters for the answer.
- clarity: the explanation is readable, concise, and clinically understandable.
- completeness: the explanation covers the key evidence needed to justify the answer.

Return JSON with exactly these keys:
{
  ""correctness"": <integer 1-5>,
  ""faithfulness"": <integer 1-5>,
  ""relevance"": <integer 1-5>,
  ""clarity"": <integer 1-5>,
  ""completeness"": <integer 1-5>,
  ""rationale"": ""short explanation""
}

Evaluate this Task 2 explanation.

val_id: 1473
img_id: clbnxtonsas2x07553hfuhk0k
question: Is there any significant abnormality visible in this image?
reference_answer_if_available: 
predicted_answer: No abnormal findings observed
confidence_score: 0.7787
textual_explanation: The CATA-Final model predicts ""No abnormal findings observed"". The newly generated visual explanation highlights morphology/TDA structural support, color and mucosal-texture support, a relatively focal heatmap region. Targeted self-probes for this lesion question produced mixed support: Findings suggest presence of a polypoid lesion; The lesion exhibits a polypoid appearance and is located in the central region.; evidence of mucosal polyp. Because these probes do not fully agree with the primary answer, the explanation is treated cautiously. Overall support is mixed; the reliability score combines morphology/TDA saliency, heatmap concentration, color/texture support, artifact burden, answer specificity, and self-probe agreement. The original question was: Is there any significant abnormality visible in this image?. This explanation is intended for clinician review and should be interpreted alongside the image rather than as a standalone diagnosis.
visual_explanation_summary:
- type=heatmap; path=visuals/1473_heatmap.png; description=Fresh CATA-Final / D1 heatmap combining morphology/TDA saliency, color/edge evidence, and artifact suppression.
- type=evidence_json; path=visuals/1473_evidence.json; description=Structured visual evidence and confidence inputs used by the explanation generator.

Remember: return strict JSON only."
292,1476,cla820glxs51v071uhmfh7mkc,Which regions of the image show the abnormality?,abnormality distributed across multiple quadrants,"Score each criterion from 1 to 5:
1 = poor, 2 = weak, 3 = acceptable, 4 = good, 5 = excellent.

Criteria:
- correctness: the answer and explanation are consistent with the question and available reference information.
- faithfulness: the explanation supports the predicted answer without inventing unsupported claims.
- relevance: the explanation focuses on visual/question evidence that matters for the answer.
- clarity: the explanation is readable, concise, and clinically understandable.
- completeness: the explanation covers the key evidence needed to justify the answer.

Return JSON with exactly these keys:
{
  ""correctness"": <integer 1-5>,
  ""faithfulness"": <integer 1-5>,
  ""relevance"": <integer 1-5>,
  ""clarity"": <integer 1-5>,
  ""completeness"": <integer 1-5>,
  ""rationale"": ""short explanation""
}

Evaluate this Task 2 explanation.

val_id: 1476
img_id: cla820glxs51v071uhmfh7mkc
question: Which regions of the image show the abnormality?
reference_answer_if_available: 
predicted_answer: abnormality distributed across multiple quadrants
confidence_score: 0.95
textual_explanation: The CATA-Final model predicts ""abnormality distributed across multiple quadrants"". The newly generated visual explanation highlights morphology/TDA structural support, color and mucosal-texture support, a relatively focal heatmap region. Targeted self-probes for this location question supported the primary answer: abnormalities scattered across multiple regions; No evidence is present in any specific anatomical location.; scattered across multiple areas including center, upper, and lower quadrants. Overall support is moderate; the reliability score combines morphology/TDA saliency, heatmap concentration, color/texture support, artifact burden, answer specificity, and self-probe agreement. The original question was: Which regions of the image show the abnormality?. This explanation is intended for clinician review and should be interpreted alongside the image rather than as a standalone diagnosis.
visual_explanation_summary:
- type=heatmap; path=visuals/1476_heatmap.png; description=Fresh CATA-Final / D1 heatmap combining morphology/TDA saliency, color/edge evidence, and artifact suppression.
- type=evidence_json; path=visuals/1476_evidence.json; description=Structured visual evidence and confidence inputs used by the explanation generator.

Remember: return strict JSON only."
293,1478,clb0lbx1edqck086u8ak4c4gr,Are there any green or black box artifacts present?,No evidence of box artifacts observed,"Score each criterion from 1 to 5:
1 = poor, 2 = weak, 3 = acceptable, 4 = good, 5 = excellent.

Criteria:
- correctness: the answer and explanation are consistent with the question and available reference information.
- faithfulness: the explanation supports the predicted answer without inventing unsupported claims.
- relevance: the explanation focuses on visual/question evidence that matters for the answer.
- clarity: the explanation is readable, concise, and clinically understandable.
- completeness: the explanation covers the key evidence needed to justify the answer.

Return JSON with exactly these keys:
{
  ""correctness"": <integer 1-5>,
  ""faithfulness"": <integer 1-5>,
  ""relevance"": <integer 1-5>,
  ""clarity"": <integer 1-5>,
  ""completeness"": <integer 1-5>,
  ""rationale"": ""short explanation""
}

Evaluate this Task 2 explanation.

val_id: 1478
img_id: clb0lbx1edqck086u8ak4c4gr
question: Are there any green or black box artifacts present?
reference_answer_if_available: 
predicted_answer: No evidence of box artifacts observed
confidence_score: 0.7864
textual_explanation: The CATA-Final model predicts ""No evidence of box artifacts observed"". The newly generated visual explanation highlights morphology/TDA structural support, color and mucosal-texture support, a relatively focal heatmap region. Targeted self-probes for this color question produced mixed support: multiple colors including pink, red, and white; mucosal erythema present; Multiple color changes including pink, red, white, and yellow are present.. Because these probes do not fully agree with the primary answer, the explanation is treated cautiously. Overall support is mixed; the reliability score combines morphology/TDA saliency, heatmap concentration, color/texture support, artifact burden, answer specificity, and self-probe agreement. The original question was: Are there any green or black box artifacts present?. This explanation is intended for clinician review and should be interpreted alongside the image rather than as a standalone diagnosis.
visual_explanation_summary:
- type=heatmap; path=visuals/1478_heatmap.png; description=Fresh CATA-Final / D1 heatmap combining morphology/TDA saliency, color/edge evidence, and artifact suppression.
- type=evidence_json; path=visuals/1478_evidence.json; description=Structured visual evidence and confidence inputs used by the explanation generator.

Remember: return strict JSON only."
294,1481,clb0kvxwn92hc074y0g1i2dzr,Which anatomical landmark is visible in the image?,no anatomical landmark identified,"Score each criterion from 1 to 5:
1 = poor, 2 = weak, 3 = acceptable, 4 = good, 5 = excellent.

Criteria:
- correctness: the answer and explanation are consistent with the question and available reference information.
- faithfulness: the explanation supports the predicted answer without inventing unsupported claims.
- relevance: the explanation focuses on visual/question evidence that matters for the answer.
- clarity: the explanation is readable, concise, and clinically understandable.
- completeness: the explanation covers the key evidence needed to justify the answer.

Return JSON with exactly these keys:
{
  ""correctness"": <integer 1-5>,
  ""faithfulness"": <integer 1-5>,
  ""relevance"": <integer 1-5>,
  ""clarity"": <integer 1-5>,
  ""completeness"": <integer 1-5>,
  ""rationale"": ""short explanation""
}

Evaluate this Task 2 explanation.

val_id: 1481
img_id: clb0kvxwn92hc074y0g1i2dzr
question: Which anatomical landmark is visible in the image?
reference_answer_if_available: 
predicted_answer: no anatomical landmark identified
confidence_score: 0.516
textual_explanation: The CATA-Final model predicts ""no anatomical landmark identified"". The newly generated visual explanation highlights morphology/TDA structural support, color and mucosal-texture support, diffuse heatmap evidence, possible specular artifact burden. Targeted self-probes for this generic question produced mixed support: evidence of esophageal inflammation; No evidence of imaging artifacts present; evidence distributed across multiple regions. Because these probes do not fully agree with the primary answer, the explanation is treated cautiously. Overall support is mixed; the reliability score combines morphology/TDA saliency, heatmap concentration, color/texture support, artifact burden, answer specificity, and self-probe agreement. The original question was: Which anatomical landmark is visible in the image?. This explanation is intended for clinician review and should be interpreted alongside the image rather than as a standalone diagnosis.
visual_explanation_summary:
- type=heatmap; path=visuals/1481_heatmap.png; description=Fresh CATA-Final / D1 heatmap combining morphology/TDA saliency, color/edge evidence, and artifact suppression.
- type=evidence_json; path=visuals/1481_evidence.json; description=Structured visual evidence and confidence inputs used by the explanation generator.

Remember: return strict JSON only."
295,1491,clb0kvxv28zzg074y1d2xeu17,Are there any polyps visible in the image?,No polyps observed,"Score each criterion from 1 to 5:
1 = poor, 2 = weak, 3 = acceptable, 4 = good, 5 = excellent.

Criteria:
- correctness: the answer and explanation are consistent with the question and available reference information.
- faithfulness: the explanation supports the predicted answer without inventing unsupported claims.
- relevance: the explanation focuses on visual/question evidence that matters for the answer.
- clarity: the explanation is readable, concise, and clinically understandable.
- completeness: the explanation covers the key evidence needed to justify the answer.

Return JSON with exactly these keys:
{
  ""correctness"": <integer 1-5>,
  ""faithfulness"": <integer 1-5>,
  ""relevance"": <integer 1-5>,
  ""clarity"": <integer 1-5>,
  ""completeness"": <integer 1-5>,
  ""rationale"": ""short explanation""
}

Evaluate this Task 2 explanation.

val_id: 1491
img_id: clb0kvxv28zzg074y1d2xeu17
question: Are there any polyps visible in the image?
reference_answer_if_available: 
predicted_answer: No polyps observed
confidence_score: 0.618
textual_explanation: The CATA-Final model predicts ""No polyps observed"". The newly generated visual explanation highlights morphology/TDA structural support, color and mucosal-texture support, diffuse heatmap evidence. Targeted self-probes for this lesion question produced mixed support: No polypoid lesion identified, with no evidence of mucosal abnormality; No polyp identified with no central or upper-lateral involvement; evidence of esophageal inflammation. Because these probes do not fully agree with the primary answer, the explanation is treated cautiously. Overall support is mixed; the reliability score combines morphology/TDA saliency, heatmap concentration, color/texture support, artifact burden, answer specificity, and self-probe agreement. The original question was: Are there any polyps visible in the image?. This explanation is intended for clinician review and should be interpreted alongside the image rather than as a standalone diagnosis.
visual_explanation_summary:
- type=heatmap; path=visuals/1491_heatmap.png; description=Fresh CATA-Final / D1 heatmap combining morphology/TDA saliency, color/edge evidence, and artifact suppression.
- type=evidence_json; path=visuals/1491_evidence.json; description=Structured visual evidence and confidence inputs used by the explanation generator.

Remember: return strict JSON only."
296,1493,clb0kvxwq92l0074ybfzza3i7,Are there any green or black box artifacts present?,No evidence of box artifacts observed,"Score each criterion from 1 to 5:
1 = poor, 2 = weak, 3 = acceptable, 4 = good, 5 = excellent.

Criteria:
- correctness: the answer and explanation are consistent with the question and available reference information.
- faithfulness: the explanation supports the predicted answer without inventing unsupported claims.
- relevance: the explanation focuses on visual/question evidence that matters for the answer.
- clarity: the explanation is readable, concise, and clinically understandable.
- completeness: the explanation covers the key evidence needed to justify the answer.

Return JSON with exactly these keys:
{
  ""correctness"": <integer 1-5>,
  ""faithfulness"": <integer 1-5>,
  ""relevance"": <integer 1-5>,
  ""clarity"": <integer 1-5>,
  ""completeness"": <integer 1-5>,
  ""rationale"": ""short explanation""
}

Evaluate this Task 2 explanation.

val_id: 1493
img_id: clb0kvxwq92l0074ybfzza3i7
question: Are there any green or black box artifacts present?
reference_answer_if_available: 
predicted_answer: No evidence of box artifacts observed
confidence_score: 0.6636
textual_explanation: The CATA-Final model predicts ""No evidence of box artifacts observed"". The newly generated visual explanation highlights morphology/TDA structural support, color and mucosal-texture support, a relatively focal heatmap region. Targeted self-probes for this color question produced mixed support: multiple colors including pink, red, and white; mucosal erythema present; multiple color variations including pink, red, white, and grey. Because these probes do not fully agree with the primary answer, the explanation is treated cautiously. Overall support is mixed; the reliability score combines morphology/TDA saliency, heatmap concentration, color/texture support, artifact burden, answer specificity, and self-probe agreement. The original question was: Are there any green or black box artifacts present?. This explanation is intended for clinician review and should be interpreted alongside the image rather than as a standalone diagnosis.
visual_explanation_summary:
- type=heatmap; path=visuals/1493_heatmap.png; description=Fresh CATA-Final / D1 heatmap combining morphology/TDA saliency, color/edge evidence, and artifact suppression.
- type=evidence_json; path=visuals/1493_evidence.json; description=Structured visual evidence and confidence inputs used by the explanation generator.

Remember: return strict JSON only."
297,1494,cl8k2u1qb1enn0832hhhfdpeu,What procedure is being visualized in this image?,evidence of colonoscopy procedure,"Score each criterion from 1 to 5:
1 = poor, 2 = weak, 3 = acceptable, 4 = good, 5 = excellent.

Criteria:
- correctness: the answer and explanation are consistent with the question and available reference information.
- faithfulness: the explanation supports the predicted answer without inventing unsupported claims.
- relevance: the explanation focuses on visual/question evidence that matters for the answer.
- clarity: the explanation is readable, concise, and clinically understandable.
- completeness: the explanation covers the key evidence needed to justify the answer.

Return JSON with exactly these keys:
{
  ""correctness"": <integer 1-5>,
  ""faithfulness"": <integer 1-5>,
  ""relevance"": <integer 1-5>,
  ""clarity"": <integer 1-5>,
  ""completeness"": <integer 1-5>,
  ""rationale"": ""short explanation""
}

Evaluate this Task 2 explanation.

val_id: 1494
img_id: cl8k2u1qb1enn0832hhhfdpeu
question: What procedure is being visualized in this image?
reference_answer_if_available: 
predicted_answer: evidence of colonoscopy procedure
confidence_score: 0.7604
textual_explanation: The CATA-Final model predicts ""evidence of colonoscopy procedure"". The newly generated visual explanation highlights morphology/TDA structural support, color and mucosal-texture support, a relatively focal heatmap region, possible specular artifact burden. Targeted self-probes for this procedure question produced mixed support: Evidence of colonoscopy findings with no identifiable anatomical landmarks; evidence of mucosal abnormalities; No artifacts or overlays are present in the image.. Because these probes do not fully agree with the primary answer, the explanation is treated cautiously. Overall support is mixed; the reliability score combines morphology/TDA saliency, heatmap concentration, color/texture support, artifact burden, answer specificity, and self-probe agreement. The original question was: What procedure is being visualized in this image?. This explanation is intended for clinician review and should be interpreted alongside the image rather than as a standalone diagnosis.
visual_explanation_summary:
- type=heatmap; path=visuals/1494_heatmap.png; description=Fresh CATA-Final / D1 heatmap combining morphology/TDA saliency, color/edge evidence, and artifact suppression.
- type=evidence_json; path=visuals/1494_evidence.json; description=Structured visual evidence and confidence inputs used by the explanation generator.

Remember: return strict JSON only."
298,1496,clb0kvxwr92mw074y06hp7pxn,Which anatomical landmark is visible in the image?,no anatomical landmark identified,"Score each criterion from 1 to 5:
1 = poor, 2 = weak, 3 = acceptable, 4 = good, 5 = excellent.

Criteria:
- correctness: the answer and explanation are consistent with the question and available reference information.
- faithfulness: the explanation supports the predicted answer without inventing unsupported claims.
- relevance: the explanation focuses on visual/question evidence that matters for the answer.
- clarity: the explanation is readable, concise, and clinically understandable.
- completeness: the explanation covers the key evidence needed to justify the answer.

Return JSON with exactly these keys:
{
  ""correctness"": <integer 1-5>,
  ""faithfulness"": <integer 1-5>,
  ""relevance"": <integer 1-5>,
  ""clarity"": <integer 1-5>,
  ""completeness"": <integer 1-5>,
  ""rationale"": ""short explanation""
}

Evaluate this Task 2 explanation.

val_id: 1496
img_id: clb0kvxwr92mw074y06hp7pxn
question: Which anatomical landmark is visible in the image?
reference_answer_if_available: 
predicted_answer: no anatomical landmark identified
confidence_score: 0.5642
textual_explanation: The CATA-Final model predicts ""no anatomical landmark identified"". The newly generated visual explanation highlights morphology/TDA structural support, color and mucosal-texture support, a relatively focal heatmap region, possible specular artifact burden. Targeted self-probes for this generic question produced mixed support: evidence of esophageal inflammation; No evidence of imaging artifacts present; focal abnormalities noted. Because these probes do not fully agree with the primary answer, the explanation is treated cautiously. Overall support is mixed; the reliability score combines morphology/TDA saliency, heatmap concentration, color/texture support, artifact burden, answer specificity, and self-probe agreement. The original question was: Which anatomical landmark is visible in the image?. This explanation is intended for clinician review and should be interpreted alongside the image rather than as a standalone diagnosis.
visual_explanation_summary:
- type=heatmap; path=visuals/1496_heatmap.png; description=Fresh CATA-Final / D1 heatmap combining morphology/TDA saliency, color/edge evidence, and artifact suppression.
- type=evidence_json; path=visuals/1496_evidence.json; description=Structured visual evidence and confidence inputs used by the explanation generator.

Remember: return strict JSON only."
299,1498,clb0kvxvi90qw074y9f6e88ql,Is there any polyp present in the gastrointestinal tract?,No evidence of polypoid lesions,"Score each criterion from 1 to 5:
1 = poor, 2 = weak, 3 = acceptable, 4 = good, 5 = excellent.

Criteria:
- correctness: the answer and explanation are consistent with the question and available reference information.
- faithfulness: the explanation supports the predicted answer without inventing unsupported claims.
- relevance: the explanation focuses on visual/question evidence that matters for the answer.
- clarity: the explanation is readable, concise, and clinically understandable.
- completeness: the explanation covers the key evidence needed to justify the answer.

Return JSON with exactly these keys:
{
  ""correctness"": <integer 1-5>,
  ""faithfulness"": <integer 1-5>,
  ""relevance"": <integer 1-5>,
  ""clarity"": <integer 1-5>,
  ""completeness"": <integer 1-5>,
  ""rationale"": ""short explanation""
}

Evaluate this Task 2 explanation.

val_id: 1498
img_id: clb0kvxvi90qw074y9f6e88ql
question: Is there any polyp present in the gastrointestinal tract?
reference_answer_if_available: 
predicted_answer: No evidence of polypoid lesions
confidence_score: 0.5584
textual_explanation: The CATA-Final model predicts ""No evidence of polypoid lesions"". The newly generated visual explanation highlights morphology/TDA structural support, color and mucosal-texture support, a relatively focal heatmap region, possible specular artifact burden. Targeted self-probes for this lesion question produced mixed support: No polypoid lesion identified, with no evidence of abnormal mucosa; No polyp identified with no central or upper-lateral involvement; evidence of esophageal inflammation. Because these probes do not fully agree with the primary answer, the explanation is treated cautiously. Overall support is mixed; the reliability score combines morphology/TDA saliency, heatmap concentration, color/texture support, artifact burden, answer specificity, and self-probe agreement. The original question was: Is there any polyp present in the gastrointestinal tract?. This explanation is intended for clinician review and should be interpreted alongside the image rather than as a standalone diagnosis.
visual_explanation_summary:
- type=heatmap; path=visuals/1498_heatmap.png; description=Fresh CATA-Final / D1 heatmap combining morphology/TDA saliency, color/edge evidence, and artifact suppression.
- type=evidence_json; path=visuals/1498_evidence.json; description=Structured visual evidence and confidence inputs used by the explanation generator.

Remember: return strict JSON only."
